year,week,start.date,end.date,district,cases,rainfall_total,temperature_mean,humidity_mean,climate_days
2007,2,2007-01-06,2007-01-12,Colombo,43,74.46000000000001,25.087142857142855,85.36142857142859,7
2007,2,2007-01-06,2007-01-12,Gampaha,13,74.46000000000001,25.087142857142855,85.36142857142859,7
2007,2,2007-01-06,2007-01-12,Kalutara,7,80.57000000000001,25.782857142857146,83.26714285714286,7
2007,2,2007-01-06,2007-01-12,Kandy,28,107.09,22.898571428571426,90.78999999999999,7
2007,2,2007-01-06,2007-01-12,Jaffna,0,5.45,25.900000000000002,78.06142857142858,7
2007,3,2007-01-13,2007-01-19,Colombo,38,3.1399999999999997,25.31142857142857,83.82428571428571,7
2007,3,2007-01-13,2007-01-19,Gampaha,16,3.1399999999999997,25.31142857142857,83.82428571428571,7
2007,3,2007-01-13,2007-01-19,Kalutara,6,5.42,26.205714285714286,81.54857142857144,7
2007,3,2007-01-13,2007-01-19,Kandy,14,4.109999999999999,22.974285714285717,90.26428571428572,7
2007,3,2007-01-13,2007-01-19,Jaffna,0,1.09,25.89142857142857,77.79857142857144,7
2007,4,2007-01-20,2007-01-26,Colombo,52,1.89,24.275714285714287,81.01571428571428,7
2007,4,2007-01-20,2007-01-26,Gampaha,12,1.89,24.275714285714287,81.01571428571428,7
2007,4,2007-01-20,2007-01-26,Kalutara,15,2.51,25.26142857142857,77.09714285714287,7
2007,4,2007-01-20,2007-01-26,Kandy,17,4.8,21.698571428571427,88.55,7
2007,4,2007-01-20,2007-01-26,Jaffna,0,0.2,25.898571428571426,74.04285714285713,7
2007,5,2007-01-27,2007-02-02,Colombo,69,17.05,25.44,82.41285714285713,7
2007,5,2007-01-27,2007-02-02,Gampaha,12,17.05,25.44,82.41285714285713,7
2007,5,2007-01-27,2007-02-02,Kalutara,12,18.79,25.990000000000002,80.78428571428572,7
2007,5,2007-01-27,2007-02-02,Kandy,16,16.4,23.115714285714287,88.12142857142858,7
2007,5,2007-01-27,2007-02-02,Jaffna,0,17.150000000000002,26.509999999999998,75.66999999999999,7
2007,6,2007-02-03,2007-02-09,Colombo,36,1.33,24.982857142857142,76.76857142857145,7
2007,6,2007-02-03,2007-02-09,Gampaha,19,1.33,24.982857142857142,76.76857142857145,7
2007,6,2007-02-03,2007-02-09,Kalutara,8,0.94,25.56857142857143,75.28571428571429,7
2007,6,2007-02-03,2007-02-09,Kandy,10,0.38,22.107142857142858,85.87285714285716,7
2007,6,2007-02-03,2007-02-09,Jaffna,0,0.3,26.009999999999998,71.50428571428571,7
2007,7,2007-02-10,2007-02-16,Colombo,42,2.02,25.977142857142855,78.04285714285713,7
2007,7,2007-02-10,2007-02-16,Gampaha,5,2.02,25.977142857142855,78.04285714285713,7
2007,7,2007-02-10,2007-02-16,Kalutara,3,1.93,26.140000000000004,78.61142857142856,7
2007,7,2007-02-10,2007-02-16,Kandy,5,23.279999999999998,24.099999999999998,83.92714285714285,7
2007,7,2007-02-10,2007-02-16,Jaffna,0,2.42,27.220000000000002,75.5442857142857,7
2007,8,2007-02-17,2007-02-23,Colombo,28,2.9,25.76571428571429,75.16428571428571,7
2007,8,2007-02-17,2007-02-23,Gampaha,8,2.9,25.76571428571429,75.16428571428571,7
2007,8,2007-02-17,2007-02-23,Kalutara,7,3.59,26.012857142857143,76.37428571428572,7
2007,8,2007-02-17,2007-02-23,Kandy,5,1.24,23.304285714285715,82.87714285714287,7
2007,8,2007-02-17,2007-02-23,Jaffna,0,8.32,26.74142857142857,71.61857142857143,7
2007,9,2007-02-24,2007-03-02,Colombo,20,13.379999999999999,26.494285714285716,79.96142857142857,7
2007,9,2007-02-24,2007-03-02,Gampaha,5,13.379999999999999,26.494285714285716,79.96142857142857,7
2007,9,2007-02-24,2007-03-02,Kalutara,5,12.84,26.56428571428571,81.21714285714287,7
2007,9,2007-02-24,2007-03-02,Kandy,7,40.97,24.52,86.01571428571427,7
2007,9,2007-02-24,2007-03-02,Jaffna,0,22.900000000000002,27.064285714285713,77.47714285714287,7
2007,10,2007-03-03,2007-03-09,Colombo,19,0.6900000000000001,26.690000000000005,70.34714285714286,7
2007,10,2007-03-03,2007-03-09,Gampaha,8,0.6900000000000001,26.690000000000005,70.34714285714286,7
2007,10,2007-03-03,2007-03-09,Kalutara,8,2.01,26.58285714285714,74.89714285714285,7
2007,10,2007-03-03,2007-03-09,Kandy,7,0.66,23.60571428571428,78.13571428571429,7
2007,10,2007-03-03,2007-03-09,Jaffna,0,0.58,27.244285714285716,71.66857142857143,7
2007,11,2007-03-10,2007-03-16,Colombo,11,11.8,27.16857142857143,72.56857142857143,7
2007,11,2007-03-10,2007-03-16,Gampaha,9,11.8,27.16857142857143,72.56857142857143,7
2007,11,2007-03-10,2007-03-16,Kalutara,4,9.799999999999999,26.81142857142857,77.41857142857144,7
2007,11,2007-03-10,2007-03-16,Kandy,3,12.329999999999998,24.965714285714284,79.40285714285713,7
2007,11,2007-03-10,2007-03-16,Jaffna,0,2.39,27.79857142857143,73.86,7
2007,12,2007-03-17,2007-03-23,Colombo,11,1.6800000000000002,27.474285714285713,70.64999999999999,7
2007,12,2007-03-17,2007-03-23,Gampaha,4,1.6800000000000002,27.474285714285713,70.64999999999999,7
2007,12,2007-03-17,2007-03-23,Kalutara,5,3.0100000000000002,27.017142857142858,75.83285714285715,7
2007,12,2007-03-17,2007-03-23,Kandy,4,0.26,25.211428571428566,67.53285714285714,7
2007,12,2007-03-17,2007-03-23,Jaffna,0,0.09,28.344285714285714,64.8442857142857,7
2007,13,2007-03-24,2007-03-30,Colombo,3,2.3,27.857142857142858,68.67428571428572,7
2007,13,2007-03-24,2007-03-30,Gampaha,1,2.3,27.857142857142858,68.67428571428572,7
2007,13,2007-03-24,2007-03-30,Kalutara,2,3.14,27.24285714285714,75.61714285714285,7
2007,13,2007-03-24,2007-03-30,Kandy,2,0.0,25.93285714285714,61.625714285714295,7
2007,13,2007-03-24,2007-03-30,Jaffna,0,0.0,28.944285714285716,64.68428571428572,7
2007,14,2007-03-31,2007-04-06,Colombo,10,83.83,27.67428571428571,79.03857142857143,7
2007,14,2007-03-31,2007-04-06,Gampaha,2,83.83,27.67428571428571,79.03857142857143,7
2007,14,2007-03-31,2007-04-06,Kalutara,5,80.34,27.32714285714286,82.89714285714285,7
2007,14,2007-03-31,2007-04-06,Kandy,7,65.97999999999999,26.90857142857143,77.46285714285715,7
2007,14,2007-03-31,2007-04-06,Jaffna,0,7.32,29.65285714285714,70.60857142857142,7
2007,15,2007-04-07,2007-04-13,Colombo,7,146.4,26.767142857142858,84.93714285714286,7
2007,15,2007-04-07,2007-04-13,Gampaha,3,146.4,26.767142857142858,84.93714285714286,7
2007,15,2007-04-07,2007-04-13,Kalutara,1,153.11,26.717142857142854,86.98142857142855,7
2007,15,2007-04-07,2007-04-13,Kandy,3,125.7,25.205714285714286,88.10142857142857,7
2007,15,2007-04-07,2007-04-13,Jaffna,0,35.99,28.455714285714286,79.19000000000001,7
2007,16,2007-04-14,2007-04-20,Colombo,10,12.940000000000001,27.61428571428571,79.35428571428572,7
2007,16,2007-04-14,2007-04-20,Gampaha,8,12.940000000000001,27.61428571428571,79.35428571428572,7
2007,16,2007-04-14,2007-04-20,Kalutara,1,16.830000000000002,27.617142857142856,81.2057142857143,7
2007,16,2007-04-14,2007-04-20,Kandy,1,11.700000000000001,26.37857142857143,81.34,7
2007,16,2007-04-14,2007-04-20,Jaffna,0,7.23,29.377142857142854,74.52,7
2007,17,2007-04-21,2007-04-27,Colombo,5,44.42999999999999,26.981428571428573,84.52428571428572,7
2007,17,2007-04-21,2007-04-27,Gampaha,2,44.42999999999999,26.981428571428573,84.52428571428572,7
2007,17,2007-04-21,2007-04-27,Kalutara,3,59.75,27.00714285714286,84.78999999999999,7
2007,17,2007-04-21,2007-04-27,Kandy,3,37.03999999999999,26.012857142857143,84.66,7
2007,17,2007-04-21,2007-04-27,Jaffna,0,5.09,29.672857142857143,74.7,7
2007,18,2007-04-28,2007-05-04,Colombo,11,32.92,27.422857142857143,86.0,7
2007,18,2007-04-28,2007-05-04,Gampaha,2,32.92,27.422857142857143,86.0,7
2007,18,2007-04-28,2007-05-04,Kalutara,1,33.95,27.654285714285713,85.7242857142857,7
2007,18,2007-04-28,2007-05-04,Kandy,2,15.15,26.214285714285715,85.58571428571429,7
2007,18,2007-04-28,2007-05-04,Jaffna,0,7.15,30.169999999999998,74.4342857142857,7
2007,19,2007-05-05,2007-05-11,Colombo,15,38.949999999999996,27.497142857142858,87.44285714285714,7
2007,19,2007-05-05,2007-05-11,Gampaha,3,38.949999999999996,27.497142857142858,87.44285714285714,7
2007,19,2007-05-05,2007-05-11,Kalutara,8,44.39,27.715714285714284,87.30428571428571,7
2007,19,2007-05-05,2007-05-11,Kandy,1,10.62,26.184285714285714,87.79142857142858,7
2007,19,2007-05-05,2007-05-11,Jaffna,0,3.6799999999999997,30.000000000000004,78.85857142857142,7
2007,20,2007-05-12,2007-05-18,Colombo,12,5.48,27.315714285714282,82.41714285714285,7
2007,20,2007-05-12,2007-05-18,Gampaha,5,5.48,27.315714285714282,82.41714285714285,7
2007,20,2007-05-12,2007-05-18,Kalutara,3,8.879999999999999,27.571428571428573,83.04571428571428,7
2007,20,2007-05-12,2007-05-18,Kandy,1,0.5900000000000001,26.435714285714287,79.10285714285715,7
2007,20,2007-05-12,2007-05-18,Jaffna,0,0.4799999999999999,30.089999999999996,74.07000000000001,7
2007,21,2007-05-19,2007-05-25,Colombo,6,19.73,27.24857142857143,86.96714285714286,7
2007,21,2007-05-19,2007-05-25,Gampaha,7,19.73,27.24857142857143,86.96714285714286,7
2007,21,2007-05-19,2007-05-25,Kalutara,1,15.5,27.432857142857138,86.76571428571428,7
2007,21,2007-05-19,2007-05-25,Kandy,3,15.14,26.654285714285713,82.93571428571428,7
2007,21,2007-05-19,2007-05-25,Jaffna,0,1.89,29.47714285714286,78.73714285714287,7
2007,22,2007-05-26,2007-06-01,Colombo,16,26.380000000000003,26.87,84.47285714285714,7
2007,22,2007-05-26,2007-06-01,Gampaha,4,26.380000000000003,26.87,84.47285714285714,7
2007,22,2007-05-26,2007-06-01,Kalutara,2,28.040000000000003,27.128571428571426,84.65714285714284,7
2007,22,2007-05-26,2007-06-01,Kandy,3,8.57,26.104285714285712,81.16142857142857,7
2007,22,2007-05-26,2007-06-01,Jaffna,0,4.23,29.464285714285715,75.01142857142858,7
2007,23,2007-06-02,2007-06-08,Colombo,18,15.02,27.208571428571425,86.01714285714286,7
2007,23,2007-06-02,2007-06-08,Gampaha,11,15.02,27.208571428571425,86.01714285714286,7
2007,23,2007-06-02,2007-06-08,Kalutara,5,16.830000000000002,27.442857142857143,86.15571428571427,7
2007,23,2007-06-02,2007-06-08,Kandy,4,5.62,26.795714285714286,79.74857142857142,7
2007,23,2007-06-02,2007-06-08,Jaffna,0,11.82,29.65285714285714,77.37714285714286,7
2007,24,2007-06-09,2007-06-15,Colombo,28,48.830000000000005,26.905714285714282,85.52000000000001,7
2007,24,2007-06-09,2007-06-15,Gampaha,10,48.830000000000005,26.905714285714282,85.52000000000001,7
2007,24,2007-06-09,2007-06-15,Kalutara,4,72.42,27.182857142857138,85.10142857142857,7
2007,24,2007-06-09,2007-06-15,Kandy,9,46.31,26.035714285714285,82.5942857142857,7
2007,24,2007-06-09,2007-06-15,Jaffna,0,10.85,29.324285714285715,77.87571428571428,7
2007,25,2007-06-16,2007-06-22,Colombo,40,67.92999999999999,25.948571428571427,87.35428571428572,7
2007,25,2007-06-16,2007-06-22,Gampaha,10,67.92999999999999,25.948571428571427,87.35428571428572,7
2007,25,2007-06-16,2007-06-22,Kalutara,11,73.24000000000001,26.359999999999996,86.61999999999999,7
2007,25,2007-06-16,2007-06-22,Kandy,4,35.66,24.804285714285715,85.64,7
2007,25,2007-06-16,2007-06-22,Jaffna,0,10.09,28.66285714285715,77.65999999999998,7
2007,26,2007-06-23,2007-06-29,Colombo,26,17.13,26.27714285714286,88.26571428571428,7
2007,26,2007-06-23,2007-06-29,Gampaha,3,17.13,26.27714285714286,88.26571428571428,7
2007,26,2007-06-23,2007-06-29,Kalutara,4,15.000000000000002,26.594285714285714,88.15142857142857,7
2007,26,2007-06-23,2007-06-29,Kandy,3,10.610000000000001,25.307142857142857,84.67571428571429,7
2007,26,2007-06-23,2007-06-29,Jaffna,0,10.59,28.602857142857143,80.47142857142856,7
2007,27,2007-06-30,2007-07-06,Colombo,31,21.540000000000003,26.41714285714286,86.71714285714286,7
2007,27,2007-06-30,2007-07-06,Gampaha,6,21.540000000000003,26.41714285714286,86.71714285714286,7
2007,27,2007-06-30,2007-07-06,Kalutara,10,23.4,26.784285714285716,86.46714285714286,7
2007,27,2007-06-30,2007-07-06,Kandy,2,8.469999999999999,25.6,81.81571428571428,7
2007,27,2007-06-30,2007-07-06,Jaffna,0,1.28,28.74,77.7757142857143,7
2007,28,2007-07-07,2007-07-13,Colombo,36,18.58,26.477142857142862,86.67571428571429,7
2007,28,2007-07-07,2007-07-13,Gampaha,4,18.58,26.477142857142862,86.67571428571429,7
2007,28,2007-07-07,2007-07-13,Kalutara,6,23.46,26.70285714285714,87.07571428571428,7
2007,28,2007-07-07,2007-07-13,Kandy,14,6.0600000000000005,25.88285714285714,81.11,7
2007,28,2007-07-07,2007-07-13,Jaffna,0,1.3199999999999998,28.705714285714286,78.85714285714285,7
2007,29,2007-07-14,2007-07-20,Colombo,25,45.95,25.92285714285714,88.04857142857144,7
2007,29,2007-07-14,2007-07-20,Gampaha,19,45.95,25.92285714285714,88.04857142857144,7
2007,29,2007-07-14,2007-07-20,Kalutara,6,47.54,26.23142857142857,87.38714285714285,7
2007,29,2007-07-14,2007-07-20,Kandy,7,25.14,25.302857142857142,83.29857142857144,7
2007,29,2007-07-14,2007-07-20,Jaffna,0,7.68,28.502857142857145,78.87428571428572,7
2007,30,2007-07-21,2007-07-27,Colombo,45,13.150000000000002,25.017142857142858,88.6857142857143,7
2007,30,2007-07-21,2007-07-27,Gampaha,5,13.150000000000002,25.017142857142858,88.6857142857143,7
2007,30,2007-07-21,2007-07-27,Kalutara,13,14.66,25.365714285714287,88.57714285714285,7
2007,30,2007-07-21,2007-07-27,Kandy,3,8.8,24.560000000000002,83.48857142857142,7
2007,30,2007-07-21,2007-07-27,Jaffna,0,4.5200000000000005,27.83285714285714,79.78999999999999,7
2007,31,2007-07-28,2007-08-03,Colombo,23,15.470000000000002,25.66428571428571,86.65,7
2007,31,2007-07-28,2007-08-03,Gampaha,4,15.470000000000002,25.66428571428571,86.65,7
2007,31,2007-07-28,2007-08-03,Kalutara,4,16.55,26.034285714285712,86.14857142857143,7
2007,31,2007-07-28,2007-08-03,Kandy,8,35.31,24.912857142857142,82.56142857142856,7
2007,31,2007-07-28,2007-08-03,Jaffna,0,9.16,27.81714285714286,80.62714285714286,7
2007,32,2007-08-04,2007-08-10,Colombo,25,11.54,26.285714285714285,86.36428571428571,7
2007,32,2007-08-04,2007-08-10,Gampaha,21,11.54,26.285714285714285,86.36428571428571,7
2007,32,2007-08-04,2007-08-10,Kalutara,10,14.600000000000001,26.537142857142857,86.60142857142856,7
2007,32,2007-08-04,2007-08-10,Kandy,7,2.6500000000000004,25.624285714285715,81.29285714285716,7
2007,32,2007-08-04,2007-08-10,Jaffna,0,1.01,28.118571428571432,79.4742857142857,7
2007,33,2007-08-11,2007-08-17,Colombo,33,6.26,25.93,86.50714285714285,7
2007,33,2007-08-11,2007-08-17,Gampaha,7,6.26,25.93,86.50714285714285,7
2007,33,2007-08-11,2007-08-17,Kalutara,9,9.629999999999999,26.132857142857144,87.41714285714285,7
2007,33,2007-08-11,2007-08-17,Kandy,4,3.46,25.57857142857143,79.70142857142858,7
2007,33,2007-08-11,2007-08-17,Jaffna,0,4.74,28.151428571428568,78.61428571428573,7
2007,34,2007-08-18,2007-08-24,Colombo,47,16.91,26.16571428571429,86.06142857142858,7
2007,34,2007-08-18,2007-08-24,Gampaha,18,16.91,26.16571428571429,86.06142857142858,7
2007,34,2007-08-18,2007-08-24,Kalutara,10,25.459999999999997,26.360000000000003,86.49428571428572,7
2007,34,2007-08-18,2007-08-24,Kandy,2,11.71,25.722857142857144,79.92571428571429,7
2007,34,2007-08-18,2007-08-24,Jaffna,0,39.75,27.995714285714286,80.73285714285714,7
2007,35,2007-08-25,2007-08-31,Colombo,20,93.22999999999999,25.884285714285713,87.60000000000001,7
2007,35,2007-08-25,2007-08-31,Gampaha,11,93.22999999999999,25.884285714285713,87.60000000000001,7
2007,35,2007-08-25,2007-08-31,Kalutara,5,125.72,26.03714285714286,87.87857142857142,7
2007,35,2007-08-25,2007-08-31,Kandy,3,32.0,25.54714285714286,81.02285714285713,7
2007,35,2007-08-25,2007-08-31,Jaffna,0,6.239999999999999,28.071428571428573,80.39999999999999,7
2007,36,2007-09-01,2007-09-07,Colombo,54,34.160000000000004,26.04857142857143,85.68857142857142,7
2007,36,2007-09-01,2007-09-07,Gampaha,17,34.160000000000004,26.04857142857143,85.68857142857142,7
2007,36,2007-09-01,2007-09-07,Kalutara,14,42.83,26.27,85.93857142857142,7
2007,36,2007-09-01,2007-09-07,Kandy,6,24.560000000000002,25.502857142857145,80.88,7
2007,36,2007-09-01,2007-09-07,Jaffna,0,4.22,28.214285714285715,78.42,7
2007,37,2007-09-08,2007-09-14,Colombo,34,61.23,25.831428571428575,87.4057142857143,7
2007,37,2007-09-08,2007-09-14,Gampaha,28,61.23,25.831428571428575,87.4057142857143,7
2007,37,2007-09-08,2007-09-14,Kalutara,13,62.95,26.080000000000002,87.21857142857144,7
2007,37,2007-09-08,2007-09-14,Kandy,6,44.809999999999995,24.914285714285715,84.90714285714286,7
2007,37,2007-09-08,2007-09-14,Jaffna,4,43.260000000000005,28.11714285714286,80.44428571428571,7
2007,38,2007-09-15,2007-09-21,Colombo,50,52.48,26.392857142857142,86.1842857142857,7
2007,38,2007-09-15,2007-09-21,Gampaha,22,52.48,26.392857142857142,86.1842857142857,7
2007,38,2007-09-15,2007-09-21,Kalutara,14,53.37,26.749999999999996,85.89285714285714,7
2007,38,2007-09-15,2007-09-21,Kandy,3,28.01,25.321428571428573,83.93999999999998,7
2007,38,2007-09-15,2007-09-21,Jaffna,0,20.24,28.40857142857143,78.94000000000001,7
2007,39,2007-09-22,2007-09-28,Colombo,23,17.2,26.214285714285715,87.27,7
2007,39,2007-09-22,2007-09-28,Gampaha,7,17.2,26.214285714285715,87.27,7
2007,39,2007-09-22,2007-09-28,Kalutara,3,18.660000000000004,26.424285714285713,87.7057142857143,7
2007,39,2007-09-22,2007-09-28,Kandy,4,5.029999999999999,25.561428571428568,82.38285714285713,7
2007,39,2007-09-22,2007-09-28,Jaffna,4,2.87,28.45428571428571,79.69714285714285,7
2007,40,2007-09-29,2007-10-05,Colombo,34,32.07,26.27857142857143,84.86571428571428,7
2007,40,2007-09-29,2007-10-05,Gampaha,23,32.07,26.27857142857143,84.86571428571428,7
2007,40,2007-09-29,2007-10-05,Kalutara,4,42.69,26.591428571428573,84.50142857142858,7
2007,40,2007-09-29,2007-10-05,Kandy,8,8.95,25.485714285714288,80.85285714285715,7
2007,40,2007-09-29,2007-10-05,Jaffna,16,1.9100000000000001,28.330000000000002,77.83714285714287,7
2007,41,2007-10-06,2007-10-12,Colombo,41,54.300000000000004,25.80428571428572,86.79857142857144,7
2007,41,2007-10-06,2007-10-12,Gampaha,18,54.300000000000004,25.80428571428572,86.79857142857144,7
2007,41,2007-10-06,2007-10-12,Kalutara,6,67.11,26.002857142857142,87.12714285714286,7
2007,41,2007-10-06,2007-10-12,Kandy,8,51.25000000000001,25.06714285714286,83.80428571428571,7
2007,41,2007-10-06,2007-10-12,Jaffna,18,21.93,28.389999999999997,75.56714285714285,7
2007,42,2007-10-13,2007-10-19,Colombo,23,85.89,25.36428571428571,88.47,7
2007,42,2007-10-13,2007-10-19,Gampaha,11,85.89,25.36428571428571,88.47,7
2007,42,2007-10-13,2007-10-19,Kalutara,5,120.64999999999999,25.487142857142857,89.10142857142857,7
2007,42,2007-10-13,2007-10-19,Kandy,4,63.15,24.604285714285712,86.65428571428572,7
2007,42,2007-10-13,2007-10-19,Jaffna,20,83.86,27.384285714285717,81.0942857142857,7
2007,43,2007-10-20,2007-10-26,Colombo,57,112.74000000000001,25.304285714285715,88.54285714285713,7
2007,43,2007-10-20,2007-10-26,Gampaha,26,112.74000000000001,25.304285714285715,88.54285714285713,7
2007,43,2007-10-20,2007-10-26,Kalutara,5,115.28,25.687142857142856,88.12571428571428,7
2007,43,2007-10-20,2007-10-26,Kandy,5,85.82000000000001,23.744285714285716,89.59428571428573,7
2007,43,2007-10-20,2007-10-26,Jaffna,0,132.86,26.802857142857142,84.64,7
2007,44,2007-10-27,2007-11-02,Colombo,48,52.5,25.978571428571428,84.94428571428571,7
2007,44,2007-10-27,2007-11-02,Gampaha,27,52.5,25.978571428571428,84.94428571428571,7
2007,44,2007-10-27,2007-11-02,Kalutara,15,53.879999999999995,26.28857142857143,85.42,7
2007,44,2007-10-27,2007-11-02,Kandy,10,47.58,24.12142857142857,88.43714285714286,7
2007,44,2007-10-27,2007-11-02,Jaffna,8,53.57,27.34142857142857,81.52,7
2007,45,2007-11-03,2007-11-09,Colombo,44,89.41,25.494285714285716,88.36428571428571,7
2007,45,2007-11-03,2007-11-09,Gampaha,30,89.41,25.494285714285716,88.36428571428571,7
2007,45,2007-11-03,2007-11-09,Kalutara,17,101.71000000000002,25.75142857142857,88.18857142857145,7
2007,45,2007-11-03,2007-11-09,Kandy,6,87.47000000000001,24.252857142857142,88.89714285714287,7
2007,45,2007-11-03,2007-11-09,Jaffna,11,30.759999999999998,27.127142857142864,81.21142857142857,7
2007,46,2007-11-10,2007-11-16,Colombo,54,9.120000000000001,25.631428571428568,80.54571428571428,7
2007,46,2007-11-10,2007-11-16,Gampaha,38,9.120000000000001,25.631428571428568,80.54571428571428,7
2007,46,2007-11-10,2007-11-16,Kalutara,9,11.27,26.20428571428571,80.21000000000001,7
2007,46,2007-11-10,2007-11-16,Kandy,8,12.529999999999998,23.43428571428571,85.70285714285714,7
2007,46,2007-11-10,2007-11-16,Jaffna,4,29.590000000000003,27.24571428571429,72.76142857142857,7
2007,47,2007-11-17,2007-11-23,Colombo,49,41.41,25.784285714285716,82.18714285714285,7
2007,47,2007-11-17,2007-11-23,Gampaha,41,41.41,25.784285714285716,82.18714285714285,7
2007,47,2007-11-17,2007-11-23,Kalutara,14,35.21,26.3,80.48285714285714,7
2007,47,2007-11-17,2007-11-23,Kandy,5,33.449999999999996,23.588571428571424,88.57285714285715,7
2007,47,2007-11-17,2007-11-23,Jaffna,8,66.57,26.697142857142858,80.74,7
2007,48,2007-11-24,2007-11-30,Colombo,44,5.8500000000000005,25.632857142857144,80.52999999999999,7
2007,48,2007-11-24,2007-11-30,Gampaha,33,5.8500000000000005,25.632857142857144,80.52999999999999,7
2007,48,2007-11-24,2007-11-30,Kalutara,9,6.140000000000001,26.37,79.2757142857143,7
2007,48,2007-11-24,2007-11-30,Kandy,6,6.44,23.25142857142857,86.58285714285714,7
2007,48,2007-11-24,2007-11-30,Jaffna,7,6.159999999999999,26.505714285714284,77.0442857142857,7
2007,49,2007-12-01,2007-12-07,Colombo,71,6.15,25.552857142857142,81.30285714285715,7
2007,49,2007-12-01,2007-12-07,Gampaha,32,6.15,25.552857142857142,81.30285714285715,7
2007,49,2007-12-01,2007-12-07,Kalutara,11,8.11,26.148571428571426,79.53142857142858,7
2007,49,2007-12-01,2007-12-07,Kandy,8,3.9899999999999998,23.220000000000002,86.10571428571428,7
2007,49,2007-12-01,2007-12-07,Jaffna,0,1.9,26.615714285714287,75.3342857142857,7
2007,50,2007-12-08,2007-12-14,Colombo,80,54.45,25.582857142857144,85.57571428571428,7
2007,50,2007-12-08,2007-12-14,Gampaha,33,54.45,25.582857142857144,85.57571428571428,7
2007,50,2007-12-08,2007-12-14,Kalutara,10,46.51,26.11571428571429,84.25,7
2007,50,2007-12-08,2007-12-14,Kandy,7,64.0,23.565714285714286,90.47571428571428,7
2007,50,2007-12-08,2007-12-14,Jaffna,10,78.74000000000001,26.377142857142854,81.96714285714286,7
2007,51,2007-12-15,2007-12-21,Colombo,44,75.66,25.49857142857142,86.36857142857143,7
2007,51,2007-12-15,2007-12-21,Gampaha,31,75.66,25.49857142857142,86.36857142857143,7
2007,51,2007-12-15,2007-12-21,Kalutara,10,67.72,25.73857142857143,86.68571428571428,7
2007,51,2007-12-15,2007-12-21,Kandy,4,111.19,23.534285714285712,92.22142857142858,7
2007,51,2007-12-15,2007-12-21,Jaffna,2,150.64,26.27857142857143,87.17714285714287,7
2007,52,2007-12-22,2007-12-28,Colombo,40,32.620000000000005,24.52285714285714,84.35000000000001,7
2007,52,2007-12-22,2007-12-28,Gampaha,30,32.620000000000005,24.52285714285714,84.35000000000001,7
2007,52,2007-12-22,2007-12-28,Kalutara,16,58.769999999999996,25.284285714285716,82.88,7
2007,52,2007-12-22,2007-12-28,Kandy,6,60.72,22.044285714285714,91.06285714285715,7
2007,52,2007-12-22,2007-12-28,Jaffna,5,1.8900000000000001,25.165714285714284,79.71000000000001,7
2008,1,2007-12-29,2008-01-04,Colombo,49,3.2399999999999998,24.430000000000003,81.71000000000001,7
2008,1,2007-12-29,2008-01-04,Gampaha,44,3.2399999999999998,24.430000000000003,81.71000000000001,7
2008,1,2007-12-29,2008-01-04,Kalutara,13,3.4800000000000004,25.12,80.43857142857142,7
2008,1,2007-12-29,2008-01-04,Kandy,7,21.15,22.01142857142857,88.98857142857143,7
2008,1,2007-12-29,2008-01-04,Jaffna,0,8.2,25.525714285714283,78.62428571428572,7
2008,2,2008-01-05,2008-01-11,Colombo,44,32.04,25.39571428571429,85.83285714285715,7
2008,2,2008-01-05,2008-01-11,Gampaha,24,32.04,25.39571428571429,85.83285714285715,7
2008,2,2008-01-05,2008-01-11,Kalutara,5,41.28,25.78714285714286,85.69714285714285,7
2008,2,2008-01-05,2008-01-11,Kandy,4,64.46000000000001,23.325714285714287,91.17857142857143,7
2008,2,2008-01-05,2008-01-11,Jaffna,0,2.28,25.697142857142858,79.7942857142857,7
2008,3,2008-01-12,2008-01-18,Colombo,23,14.42,24.475714285714286,81.71428571428571,7
2008,3,2008-01-12,2008-01-18,Gampaha,24,14.42,24.475714285714286,81.71428571428571,7
2008,3,2008-01-12,2008-01-18,Kalutara,12,17.610000000000003,25.224285714285717,79.38714285714286,7
2008,3,2008-01-12,2008-01-18,Kandy,2,19.26,21.924285714285713,88.32285714285715,7
2008,3,2008-01-12,2008-01-18,Jaffna,2,0.25,25.18285714285715,76.33428571428571,7
2008,4,2008-01-19,2008-01-25,Colombo,38,5.299999999999999,25.177142857142854,80.36428571428571,7
2008,4,2008-01-19,2008-01-25,Gampaha,15,5.299999999999999,25.177142857142854,80.36428571428571,7
2008,4,2008-01-19,2008-01-25,Kalutara,18,4.93,25.731428571428573,79.67999999999999,7
2008,4,2008-01-19,2008-01-25,Kandy,4,10.35,22.601428571428574,87.97428571428573,7
2008,4,2008-01-19,2008-01-25,Jaffna,0,0.52,25.43285714285714,77.01428571428572,7
2008,5,2008-01-26,2008-02-01,Colombo,38,1.75,25.73428571428571,80.67857142857143,7
2008,5,2008-01-26,2008-02-01,Gampaha,24,1.75,25.73428571428571,80.67857142857143,7
2008,5,2008-01-26,2008-02-01,Kalutara,10,1.6,25.995714285714286,82.01857142857143,7
2008,5,2008-01-26,2008-02-01,Kandy,5,4.67,23.944285714285712,85.05857142857143,7
2008,5,2008-01-26,2008-02-01,Jaffna,0,0.18000000000000002,26.564285714285713,76.86714285714287,7
2008,6,2008-02-02,2008-02-08,Colombo,35,21.880000000000003,26.142857142857146,79.90142857142857,7
2008,6,2008-02-02,2008-02-08,Gampaha,24,21.880000000000003,26.142857142857146,79.90142857142857,7
2008,6,2008-02-02,2008-02-08,Kalutara,17,28.349999999999998,26.242857142857144,80.62857142857142,7
2008,6,2008-02-02,2008-02-08,Kandy,5,25.200000000000003,23.75857142857143,87.16857142857143,7
2008,6,2008-02-02,2008-02-08,Jaffna,0,4.7,26.662857142857142,79.43285714285715,7
2008,7,2008-02-09,2008-02-15,Colombo,36,29.470000000000002,26.58142857142857,80.95428571428572,7
2008,7,2008-02-09,2008-02-15,Gampaha,13,29.470000000000002,26.58142857142857,80.95428571428572,7
2008,7,2008-02-09,2008-02-15,Kalutara,18,27.369999999999997,26.704285714285714,81.39999999999999,7
2008,7,2008-02-09,2008-02-15,Kandy,3,26.400000000000002,24.65142857142857,86.99428571428571,7
2008,7,2008-02-09,2008-02-15,Jaffna,1,21.31,27.23857142857143,79.62142857142858,7
2008,8,2008-02-16,2008-02-22,Colombo,34,13.13,26.23714285714286,74.5842857142857,7
2008,8,2008-02-16,2008-02-22,Gampaha,13,13.13,26.23714285714286,74.5842857142857,7
2008,8,2008-02-16,2008-02-22,Kalutara,7,14.18,26.717142857142857,74.11142857142856,7
2008,8,2008-02-16,2008-02-22,Kandy,9,8.58,23.252857142857145,84.4557142857143,7
2008,8,2008-02-16,2008-02-22,Jaffna,0,0.16,26.808571428571433,72.45,7
2008,9,2008-02-23,2008-02-29,Colombo,29,37.64,25.32,75.47714285714287,7
2008,9,2008-02-23,2008-02-29,Gampaha,16,37.64,25.32,75.47714285714287,7
2008,9,2008-02-23,2008-02-29,Kalutara,12,34.56,25.697142857142858,75.46285714285715,7
2008,9,2008-02-23,2008-02-29,Kandy,3,52.81999999999999,23.011428571428574,82.21285714285715,7
2008,9,2008-02-23,2008-02-29,Jaffna,2,24.61,26.634285714285713,72.86714285714285,7
2008,10,2008-03-01,2008-03-07,Colombo,25,44.46,26.26142857142857,80.40428571428572,7
2008,10,2008-03-01,2008-03-07,Gampaha,14,44.46,26.26142857142857,80.40428571428572,7
2008,10,2008-03-01,2008-03-07,Kalutara,9,45.62,26.324285714285715,82.61428571428573,7
2008,10,2008-03-01,2008-03-07,Kandy,6,47.59,24.03,86.05428571428571,7
2008,10,2008-03-01,2008-03-07,Jaffna,0,8.26,26.954285714285714,76.79857142857144,7
2008,11,2008-03-08,2008-03-14,Colombo,26,105.93,25.587142857142855,84.77285714285713,7
2008,11,2008-03-08,2008-03-14,Gampaha,12,105.93,25.587142857142855,84.77285714285713,7
2008,11,2008-03-08,2008-03-14,Kalutara,11,71.69,25.91142857142857,83.42142857142856,7
2008,11,2008-03-08,2008-03-14,Kandy,8,145.6,24.002857142857142,89.03999999999999,7
2008,11,2008-03-08,2008-03-14,Jaffna,0,72.68,26.882857142857148,81.71142857142857,7
2008,12,2008-03-15,2008-03-21,Colombo,23,83.71999999999998,25.889999999999997,87.81142857142856,7
2008,12,2008-03-15,2008-03-21,Gampaha,14,83.71999999999998,25.889999999999997,87.81142857142856,7
2008,12,2008-03-15,2008-03-21,Kalutara,11,91.65,26.09142857142857,88.11,7
2008,12,2008-03-15,2008-03-21,Kandy,3,74.52,24.275714285714287,90.52285714285715,7
2008,12,2008-03-15,2008-03-21,Jaffna,0,63.87999999999999,27.00142857142857,84.92285714285715,7
2008,13,2008-03-22,2008-03-28,Colombo,54,36.61,26.59,83.38571428571429,7
2008,13,2008-03-22,2008-03-28,Gampaha,15,36.61,26.59,83.38571428571429,7
2008,13,2008-03-22,2008-03-28,Kalutara,7,27.87,26.832857142857144,82.95142857142856,7
2008,13,2008-03-22,2008-03-28,Kandy,3,35.25000000000001,25.05,86.08999999999999,7
2008,13,2008-03-22,2008-03-28,Jaffna,0,39.339999999999996,27.882857142857144,80.43142857142857,7
2008,14,2008-03-29,2008-04-04,Colombo,41,50.8,26.425714285714285,86.0957142857143,7
2008,14,2008-03-29,2008-04-04,Gampaha,31,50.8,26.425714285714285,86.0957142857143,7
2008,14,2008-03-29,2008-04-04,Kalutara,12,41.84,26.682857142857138,85.37428571428572,7
2008,14,2008-03-29,2008-04-04,Kandy,7,37.370000000000005,25.298571428571428,87.81000000000002,7
2008,14,2008-03-29,2008-04-04,Jaffna,2,27.65,28.28142857142857,78.84714285714287,7
2008,15,2008-04-05,2008-04-11,Colombo,14,131.25,26.47714285714286,82.98285714285713,7
2008,15,2008-04-05,2008-04-11,Gampaha,12,131.25,26.47714285714286,82.98285714285713,7
2008,15,2008-04-05,2008-04-11,Kalutara,14,143.8,26.524285714285714,84.18571428571428,7
2008,15,2008-04-05,2008-04-11,Kandy,3,94.99,24.534285714285716,89.00714285714285,7
2008,15,2008-04-05,2008-04-11,Jaffna,2,29.489999999999995,27.970000000000002,79.82714285714287,7
2008,16,2008-04-12,2008-04-18,Colombo,26,60.11000000000001,26.487142857142857,84.96000000000001,7
2008,16,2008-04-12,2008-04-18,Gampaha,17,60.11000000000001,26.487142857142857,84.96000000000001,7
2008,16,2008-04-12,2008-04-18,Kalutara,3,55.46,26.575714285714287,85.06428571428572,7
2008,16,2008-04-12,2008-04-18,Kandy,2,41.78,25.415714285714284,86.47285714285715,7
2008,16,2008-04-12,2008-04-18,Jaffna,0,16.83,28.607142857142858,77.40285714285713,7
2008,17,2008-04-19,2008-04-25,Colombo,56,61.85999999999999,26.985714285714288,85.16,7
2008,17,2008-04-19,2008-04-25,Gampaha,23,61.85999999999999,26.985714285714288,85.16,7
2008,17,2008-04-19,2008-04-25,Kalutara,18,66.44,27.14142857142857,84.78285714285714,7
2008,17,2008-04-19,2008-04-25,Kandy,7,20.21,25.74142857142857,85.34714285714286,7
2008,17,2008-04-19,2008-04-25,Jaffna,1,8.46,29.168571428571433,77.64714285714285,7
2008,18,2008-04-26,2008-05-02,Colombo,35,92.95,26.574285714285715,88.70000000000002,7
2008,18,2008-04-26,2008-05-02,Gampaha,20,92.95,26.574285714285715,88.70000000000002,7
2008,18,2008-04-26,2008-05-02,Kalutara,8,111.26999999999998,26.83285714285714,87.96571428571428,7
2008,18,2008-04-26,2008-05-02,Kandy,2,44.69,25.32,89.90999999999998,7
2008,18,2008-04-26,2008-05-02,Jaffna,0,8.94,28.990000000000002,81.23428571428572,7
2008,19,2008-05-03,2008-05-09,Colombo,43,17.330000000000002,26.575714285714287,87.49857142857142,7
2008,19,2008-05-03,2008-05-09,Gampaha,18,17.330000000000002,26.575714285714287,87.49857142857142,7
2008,19,2008-05-03,2008-05-09,Kalutara,11,20.429999999999996,26.79,87.0,7
2008,19,2008-05-03,2008-05-09,Kandy,3,2.05,25.148571428571426,88.90857142857143,7
2008,19,2008-05-03,2008-05-09,Jaffna,0,2.5200000000000005,29.01857142857143,80.57571428571428,7
2008,20,2008-05-10,2008-05-16,Colombo,29,16.92,26.812857142857144,86.54142857142857,7
2008,20,2008-05-10,2008-05-16,Gampaha,8,16.92,26.812857142857144,86.54142857142857,7
2008,20,2008-05-10,2008-05-16,Kalutara,9,18.720000000000002,27.10428571428571,85.18571428571428,7
2008,20,2008-05-10,2008-05-16,Kandy,3,4.159999999999999,25.310000000000002,88.64714285714285,7
2008,20,2008-05-10,2008-05-16,Jaffna,2,11.51,29.000000000000004,80.63714285714286,7
2008,21,2008-05-17,2008-05-23,Colombo,11,17.29,26.949999999999996,85.52428571428571,7
2008,21,2008-05-17,2008-05-23,Gampaha,6,17.29,26.949999999999996,85.52428571428571,7
2008,21,2008-05-17,2008-05-23,Kalutara,11,22.07,27.229999999999997,85.07571428571428,7
2008,21,2008-05-17,2008-05-23,Kandy,5,9.05,25.550000000000004,87.45285714285714,7
2008,21,2008-05-17,2008-05-23,Jaffna,1,0.65,28.96142857142857,80.50571428571428,7
2008,22,2008-05-24,2008-05-30,Colombo,23,33.290000000000006,26.65142857142857,86.77285714285715,7
2008,22,2008-05-24,2008-05-30,Gampaha,25,33.290000000000006,26.65142857142857,86.77285714285715,7
2008,22,2008-05-24,2008-05-30,Kalutara,16,29.91,26.991428571428575,85.69714285714285,7
2008,22,2008-05-24,2008-05-30,Kandy,5,7.08,25.17142857142857,88.46142857142857,7
2008,22,2008-05-24,2008-05-30,Jaffna,1,1.98,28.76142857142857,81.06142857142856,7
2008,23,2008-05-31,2008-06-06,Colombo,18,85.55,26.330000000000002,87.38571428571427,7
2008,23,2008-05-31,2008-06-06,Gampaha,21,85.55,26.330000000000002,87.38571428571427,7
2008,23,2008-05-31,2008-06-06,Kalutara,9,100.83999999999999,26.532857142857143,87.23142857142857,7
2008,23,2008-05-31,2008-06-06,Kandy,3,40.989999999999995,24.920000000000005,88.62571428571427,7
2008,23,2008-05-31,2008-06-06,Jaffna,1,3.8099999999999996,28.96142857142857,78.19142857142856,7
2008,24,2008-06-07,2008-06-13,Colombo,38,30.86,26.157142857142855,87.70714285714287,7
2008,24,2008-06-07,2008-06-13,Gampaha,5,30.86,26.157142857142855,87.70714285714287,7
2008,24,2008-06-07,2008-06-13,Kalutara,11,38.25,26.572857142857142,87.16,7
2008,24,2008-06-07,2008-06-13,Kandy,8,13.57,24.694285714285712,88.33,7
2008,24,2008-06-07,2008-06-13,Jaffna,0,6.050000000000002,28.81142857142857,77.08,7
2008,25,2008-06-14,2008-06-20,Colombo,36,23.369999999999997,26.262857142857147,87.18714285714286,7
2008,25,2008-06-14,2008-06-20,Gampaha,12,23.369999999999997,26.262857142857147,87.18714285714286,7
2008,25,2008-06-14,2008-06-20,Kalutara,4,28.520000000000003,26.62142857142857,86.89428571428572,7
2008,25,2008-06-14,2008-06-20,Kandy,1,8.72,24.970000000000002,86.51857142857143,7
2008,25,2008-06-14,2008-06-20,Jaffna,0,1.01,29.05428571428572,77.63285714285713,7
2008,26,2008-06-21,2008-06-27,Colombo,19,28.240000000000002,26.187142857142856,86.95142857142858,7
2008,26,2008-06-21,2008-06-27,Gampaha,9,28.240000000000002,26.187142857142856,86.95142857142858,7
2008,26,2008-06-21,2008-06-27,Kalutara,3,34.160000000000004,26.532857142857146,86.44714285714285,7
2008,26,2008-06-21,2008-06-27,Kandy,5,13.12,24.93857142857143,86.44000000000001,7
2008,26,2008-06-21,2008-06-27,Jaffna,0,1.46,28.88571428571429,77.22428571428573,7
2008,27,2008-06-28,2008-07-04,Colombo,16,22.06,26.214285714285715,86.31285714285714,7
2008,27,2008-06-28,2008-07-04,Gampaha,14,22.06,26.214285714285715,86.31285714285714,7
2008,27,2008-06-28,2008-07-04,Kalutara,6,23.759999999999998,26.517142857142858,86.3757142857143,7
2008,27,2008-06-28,2008-07-04,Kandy,8,7.56,24.934285714285714,86.03142857142858,7
2008,27,2008-06-28,2008-07-04,Jaffna,0,1.46,28.74857142857143,76.55142857142857,7
2008,28,2008-07-05,2008-07-11,Colombo,41,20.47,26.360000000000003,87.21571428571428,7
2008,28,2008-07-05,2008-07-11,Gampaha,6,20.47,26.360000000000003,87.21571428571428,7
2008,28,2008-07-05,2008-07-11,Kalutara,5,26.48,26.717142857142857,86.63857142857144,7
2008,28,2008-07-05,2008-07-11,Kandy,4,5.32,25.25,85.39714285714285,7
2008,28,2008-07-05,2008-07-11,Jaffna,0,1.24,28.967142857142854,75.78714285714285,7
2008,29,2008-07-12,2008-07-18,Colombo,20,70.85,25.979999999999997,86.6285714285714,7
2008,29,2008-07-12,2008-07-18,Gampaha,17,70.85,25.979999999999997,86.6285714285714,7
2008,29,2008-07-12,2008-07-18,Kalutara,10,85.28,26.272857142857145,86.20285714285714,7
2008,29,2008-07-12,2008-07-18,Kandy,2,35.58,25.087142857142858,84.31285714285715,7
2008,29,2008-07-12,2008-07-18,Jaffna,0,11.760000000000002,28.725714285714282,77.59142857142858,7
2008,30,2008-07-19,2008-07-25,Colombo,46,51.67,25.48,89.02285714285713,7
2008,30,2008-07-19,2008-07-25,Gampaha,8,51.67,25.48,89.02285714285713,7
2008,30,2008-07-19,2008-07-25,Kalutara,7,49.21000000000001,25.758571428571425,88.62714285714286,7
2008,30,2008-07-19,2008-07-25,Kandy,8,31.27,24.538571428571426,86.86857142857141,7
2008,30,2008-07-19,2008-07-25,Jaffna,0,11.21,28.247142857142858,78.6842857142857,7
2008,31,2008-07-26,2008-08-01,Colombo,42,31.579999999999995,25.475714285714286,89.57857142857142,7
2008,31,2008-07-26,2008-08-01,Gampaha,13,31.579999999999995,25.475714285714286,89.57857142857142,7
2008,31,2008-07-26,2008-08-01,Kalutara,12,33.559999999999995,25.741428571428568,89.94000000000001,7
2008,31,2008-07-26,2008-08-01,Kandy,7,14.670000000000002,24.645714285714284,85.98142857142855,7
2008,31,2008-07-26,2008-08-01,Jaffna,0,2.96,28.228571428571428,77.02857142857144,7
2008,32,2008-08-02,2008-08-08,Colombo,25,1.7900000000000003,25.637142857142855,88.83142857142856,7
2008,32,2008-08-02,2008-08-08,Gampaha,23,1.7900000000000003,25.637142857142855,88.83142857142856,7
2008,32,2008-08-02,2008-08-08,Kalutara,3,1.86,25.94857142857143,88.22571428571429,7
2008,32,2008-08-02,2008-08-08,Kandy,7,0.57,25.029999999999998,84.09714285714286,7
2008,32,2008-08-02,2008-08-08,Jaffna,0,2.74,28.18,79.12571428571428,7
2008,33,2008-08-09,2008-08-15,Colombo,32,20.76,25.755714285714284,87.72285714285715,7
2008,33,2008-08-09,2008-08-15,Gampaha,18,20.76,25.755714285714284,87.72285714285715,7
2008,33,2008-08-09,2008-08-15,Kalutara,7,25.74,26.035714285714285,87.52857142857144,7
2008,33,2008-08-09,2008-08-15,Kandy,8,5.74,25.112857142857145,80.48857142857142,7
2008,33,2008-08-09,2008-08-15,Jaffna,0,11.620000000000001,28.232857142857142,76.64571428571428,7
2008,34,2008-08-16,2008-08-22,Colombo,24,11.829999999999998,25.767142857142854,87.73285714285714,7
2008,34,2008-08-16,2008-08-22,Gampaha,15,11.829999999999998,25.767142857142854,87.73285714285714,7
2008,34,2008-08-16,2008-08-22,Kalutara,6,16.54,26.112857142857145,86.7057142857143,7
2008,34,2008-08-16,2008-08-22,Kandy,7,8.690000000000001,25.397142857142857,81.88000000000001,7
2008,34,2008-08-16,2008-08-22,Jaffna,0,18.71,27.954285714285714,80.47285714285714,7
2008,35,2008-08-23,2008-08-29,Colombo,21,36.339999999999996,25.592857142857138,86.86857142857141,7
2008,35,2008-08-23,2008-08-29,Gampaha,19,36.339999999999996,25.592857142857138,86.86857142857141,7
2008,35,2008-08-23,2008-08-29,Kalutara,7,35.6,25.905714285714286,86.17142857142856,7
2008,35,2008-08-23,2008-08-29,Kandy,8,16.37,25.191428571428567,81.9042857142857,7
2008,35,2008-08-23,2008-08-29,Jaffna,0,14.709999999999999,28.214285714285715,77.37428571428572,7
2008,36,2008-08-30,2008-09-05,Colombo,29,57.290000000000006,25.782857142857146,87.28142857142858,7
2008,36,2008-08-30,2008-09-05,Gampaha,15,57.290000000000006,25.782857142857146,87.28142857142858,7
2008,36,2008-08-30,2008-09-05,Kalutara,12,65.48,26.108571428571427,87.09285714285714,7
2008,36,2008-08-30,2008-09-05,Kandy,4,27.98,25.13285714285714,82.5257142857143,7
2008,36,2008-08-30,2008-09-05,Jaffna,0,8.86,28.262857142857147,78.60142857142857,7
2008,37,2008-09-06,2008-09-12,Colombo,11,35.06,25.962857142857143,87.67,7
2008,37,2008-09-06,2008-09-12,Gampaha,7,35.06,25.962857142857143,87.67,7
2008,37,2008-09-06,2008-09-12,Kalutara,10,34.29,26.392857142857146,86.49571428571429,7
2008,37,2008-09-06,2008-09-12,Kandy,7,20.39,25.082857142857144,83.35142857142857,7
2008,37,2008-09-06,2008-09-12,Jaffna,0,5.710000000000001,28.52285714285714,76.88857142857144,7
2008,38,2008-09-13,2008-09-19,Colombo,24,3.2199999999999998,26.24714285714285,86.03142857142858,7
2008,38,2008-09-13,2008-09-19,Gampaha,9,3.2199999999999998,26.24714285714285,86.03142857142858,7
2008,38,2008-09-13,2008-09-19,Kalutara,7,4.31,26.48428571428571,86.37571428571428,7
2008,38,2008-09-13,2008-09-19,Kandy,4,0.30000000000000004,25.988571428571426,79.12428571428572,7
2008,38,2008-09-13,2008-09-19,Jaffna,0,0.8700000000000001,28.88714285714286,74.71714285714286,7
2008,39,2008-09-20,2008-09-26,Colombo,19,3.1500000000000004,26.254285714285718,84.24285714285713,7
2008,39,2008-09-20,2008-09-26,Gampaha,5,3.1500000000000004,26.254285714285718,84.24285714285713,7
2008,39,2008-09-20,2008-09-26,Kalutara,3,2.3800000000000003,26.56142857142857,83.54714285714284,7
2008,39,2008-09-20,2008-09-26,Kandy,5,1.9200000000000002,25.912857142857142,77.8157142857143,7
2008,39,2008-09-20,2008-09-26,Jaffna,0,1.4100000000000001,28.595714285714283,76.39,7
2008,40,2008-09-27,2008-10-03,Colombo,23,3.17,26.384285714285717,82.12142857142858,7
2008,40,2008-09-27,2008-10-03,Gampaha,7,3.17,26.384285714285717,82.12142857142858,7
2008,40,2008-09-27,2008-10-03,Kalutara,6,7.579999999999999,26.67571428571429,82.71142857142857,7
2008,40,2008-09-27,2008-10-03,Kandy,5,2.71,26.237142857142857,74.25142857142858,7
2008,40,2008-09-27,2008-10-03,Jaffna,1,0.85,29.025714285714287,72.27857142857142,7
2008,41,2008-10-04,2008-10-10,Colombo,23,32.06,26.57714285714286,81.51,7
2008,41,2008-10-04,2008-10-10,Gampaha,11,32.06,26.57714285714286,81.51,7
2008,41,2008-10-04,2008-10-10,Kalutara,4,28.689999999999998,26.634285714285713,82.03571428571429,7
2008,41,2008-10-04,2008-10-10,Kandy,6,29.06,26.791428571428572,74.4357142857143,7
2008,41,2008-10-04,2008-10-10,Jaffna,0,8.27,29.19571428571428,71.21142857142857,7
2008,42,2008-10-11,2008-10-17,Colombo,14,93.26,26.609999999999996,84.38857142857141,7
2008,42,2008-10-11,2008-10-17,Gampaha,9,93.26,26.609999999999996,84.38857142857141,7
2008,42,2008-10-11,2008-10-17,Kalutara,5,70.46,26.53,85.81857142857143,7
2008,42,2008-10-11,2008-10-17,Kandy,9,70.82000000000001,25.829999999999995,82.30142857142857,7
2008,42,2008-10-11,2008-10-17,Jaffna,3,48.3,28.08285714285714,81.15714285714284,7
2008,43,2008-10-18,2008-10-24,Colombo,14,149.89,26.43142857142857,86.83142857142857,7
2008,43,2008-10-18,2008-10-24,Gampaha,11,149.89,26.43142857142857,86.83142857142857,7
2008,43,2008-10-18,2008-10-24,Kalutara,0,137.7,26.678571428571427,85.89142857142856,7
2008,43,2008-10-18,2008-10-24,Kandy,10,77.6,25.244285714285716,85.98142857142857,7
2008,43,2008-10-18,2008-10-24,Jaffna,0,103.07000000000001,27.827142857142853,83.38285714285713,7
2008,44,2008-10-25,2008-10-31,Colombo,22,18.07,26.31857142857143,79.72999999999999,7
2008,44,2008-10-25,2008-10-31,Gampaha,10,18.07,26.31857142857143,79.72999999999999,7
2008,44,2008-10-25,2008-10-31,Kalutara,3,17.419999999999998,26.772857142857145,79.53571428571429,7
2008,44,2008-10-25,2008-10-31,Kandy,8,8.729999999999999,25.025714285714283,79.07285714285715,7
2008,44,2008-10-25,2008-10-31,Jaffna,0,4.51,28.15857142857143,70.69142857142856,7
2008,45,2008-11-01,2008-11-07,Colombo,11,0.98,25.865714285714287,73.6842857142857,7
2008,45,2008-11-01,2008-11-07,Gampaha,11,0.98,25.865714285714287,73.6842857142857,7
2008,45,2008-11-01,2008-11-07,Kalutara,4,1.63,26.33428571428572,74.11999999999999,7
2008,45,2008-11-01,2008-11-07,Kandy,11,1.48,24.94,72.63142857142857,7
2008,45,2008-11-01,2008-11-07,Jaffna,0,2.4499999999999997,28.045714285714286,64.2657142857143,7
2008,46,2008-11-08,2008-11-14,Colombo,20,45.19,26.221428571428568,83.92857142857143,7
2008,46,2008-11-08,2008-11-14,Gampaha,9,45.19,26.221428571428568,83.92857142857143,7
2008,46,2008-11-08,2008-11-14,Kalutara,9,45.5,26.675714285714285,83.56714285714285,7
2008,46,2008-11-08,2008-11-14,Kandy,6,54.58,24.494285714285716,87.12285714285714,7
2008,46,2008-11-08,2008-11-14,Jaffna,0,35.510000000000005,27.804285714285715,78.3,7
2008,47,2008-11-15,2008-11-21,Colombo,16,38.59,26.36285714285714,82.38714285714285,7
2008,47,2008-11-15,2008-11-21,Gampaha,5,38.59,26.36285714285714,82.38714285714285,7
2008,47,2008-11-15,2008-11-21,Kalutara,3,40.99,26.618571428571425,82.47999999999999,7
2008,47,2008-11-15,2008-11-21,Kandy,8,23.970000000000002,24.597142857142853,86.42,7
2008,47,2008-11-15,2008-11-21,Jaffna,0,27.63,27.794285714285714,79.64857142857144,7
2008,48,2008-11-22,2008-11-28,Colombo,18,105.6,25.862857142857145,88.24571428571427,7
2008,48,2008-11-22,2008-11-28,Gampaha,4,105.6,25.862857142857145,88.24571428571427,7
2008,48,2008-11-22,2008-11-28,Kalutara,5,109.81,26.195714285714285,87.94571428571429,7
2008,48,2008-11-22,2008-11-28,Kandy,13,86.0,24.097142857142853,91.36857142857143,7
2008,48,2008-11-22,2008-11-28,Jaffna,0,176.23000000000002,27.07,86.03428571428572,7
2008,49,2008-11-29,2008-12-05,Colombo,20,18.98,25.72714285714286,85.32142857142857,7
2008,49,2008-11-29,2008-12-05,Gampaha,13,18.98,25.72714285714286,85.32142857142857,7
2008,49,2008-11-29,2008-12-05,Kalutara,8,22.319999999999997,26.118571428571432,85.39142857142858,7
2008,49,2008-11-29,2008-12-05,Kandy,6,19.34,23.898571428571433,88.58714285714284,7
2008,49,2008-11-29,2008-12-05,Jaffna,0,7.140000000000001,26.554285714285715,79.97571428571429,7
2008,50,2008-12-06,2008-12-12,Colombo,17,48.93,25.741428571428575,87.45857142857142,7
2008,50,2008-12-06,2008-12-12,Gampaha,7,48.93,25.741428571428575,87.45857142857142,7
2008,50,2008-12-06,2008-12-12,Kalutara,7,61.940000000000005,26.185714285714287,86.83857142857144,7
2008,50,2008-12-06,2008-12-12,Kandy,7,55.4,24.0,91.1542857142857,7
2008,50,2008-12-06,2008-12-12,Jaffna,0,97.1,26.645714285714288,85.31857142857143,7
2008,51,2008-12-13,2008-12-19,Colombo,19,28.38,25.514285714285712,86.02000000000001,7
2008,51,2008-12-13,2008-12-19,Gampaha,19,28.38,25.514285714285712,86.02000000000001,7
2008,51,2008-12-13,2008-12-19,Kalutara,9,42.34,25.831428571428575,84.82714285714285,7
2008,51,2008-12-13,2008-12-19,Kandy,16,34.379999999999995,23.498571428571434,91.62428571428572,7
2008,51,2008-12-13,2008-12-19,Jaffna,0,29.08,26.527142857142856,82.50285714285714,7
2008,52,2008-12-20,2008-12-26,Colombo,15,1.9200000000000002,25.150000000000002,81.76285714285714,7
2008,52,2008-12-20,2008-12-26,Gampaha,7,1.9200000000000002,25.150000000000002,81.76285714285714,7
2008,52,2008-12-20,2008-12-26,Kalutara,1,2.91,26.03142857142857,79.17142857142858,7
2008,52,2008-12-20,2008-12-26,Kandy,11,9.120000000000001,22.715714285714288,87.19857142857143,7
2008,52,2008-12-20,2008-12-26,Jaffna,0,10.09,26.34285714285715,76.50857142857141,7
2009,1,2008-12-27,2009-01-02,Colombo,44,0.19,23.990000000000002,75.38142857142857,7
2009,1,2008-12-27,2009-01-02,Gampaha,23,0.19,23.990000000000002,75.38142857142857,7
2009,1,2008-12-27,2009-01-02,Kalutara,5,0.16,24.938571428571432,72.45857142857143,7
2009,1,2008-12-27,2009-01-02,Kandy,16,0.86,21.107142857142858,81.92857142857143,7
2009,1,2008-12-27,2009-01-02,Jaffna,1,0.72,25.78142857142857,69.4842857142857,7
2009,2,2009-01-03,2009-01-09,Colombo,39,16.0,25.08142857142857,81.47571428571429,7
2009,2,2009-01-03,2009-01-09,Gampaha,19,16.0,25.08142857142857,81.47571428571429,7
2009,2,2009-01-03,2009-01-09,Kalutara,11,11.780000000000001,25.58285714285714,79.46857142857142,7
2009,2,2009-01-03,2009-01-09,Kandy,42,52.82000000000001,22.897142857142857,87.78571428571429,7
2009,2,2009-01-03,2009-01-09,Jaffna,1,9.579999999999998,25.86714285714286,75.96714285714286,7
2009,3,2009-01-10,2009-01-16,Colombo,57,3.61,24.91142857142857,79.39714285714285,7
2009,3,2009-01-10,2009-01-16,Gampaha,23,3.61,24.91142857142857,79.39714285714285,7
2009,3,2009-01-10,2009-01-16,Kalutara,12,4.029999999999999,25.529999999999998,77.72714285714287,7
2009,3,2009-01-10,2009-01-16,Kandy,28,9.56,22.648571428571426,84.55999999999999,7
2009,3,2009-01-10,2009-01-16,Jaffna,0,4.28,26.095714285714283,75.11999999999999,7
2009,4,2009-01-17,2009-01-23,Colombo,53,0.07999999999999999,24.72142857142857,75.80857142857144,7
2009,4,2009-01-17,2009-01-23,Gampaha,24,0.07999999999999999,24.72142857142857,75.80857142857144,7
2009,4,2009-01-17,2009-01-23,Kalutara,19,0.09000000000000001,25.485714285714284,74.86142857142856,7
2009,4,2009-01-17,2009-01-23,Kandy,32,0.07,22.121428571428574,80.36428571428571,7
2009,4,2009-01-17,2009-01-23,Jaffna,0,0.06,25.84,69.68571428571428,7
2009,5,2009-01-24,2009-01-30,Colombo,29,17.55,25.59,78.17,7
2009,5,2009-01-24,2009-01-30,Gampaha,17,17.55,25.59,78.17,7
2009,5,2009-01-24,2009-01-30,Kalutara,10,15.97,25.83142857142857,79.03714285714287,7
2009,5,2009-01-24,2009-01-30,Kandy,21,3.8199999999999994,23.685714285714287,82.0457142857143,7
2009,5,2009-01-24,2009-01-30,Jaffna,0,3.1599999999999997,25.951428571428576,78.71571428571428,7
2009,6,2009-01-31,2009-02-06,Colombo,45,0.01,25.020000000000003,69.84714285714286,7
2009,6,2009-01-31,2009-02-06,Gampaha,20,0.01,25.020000000000003,69.84714285714286,7
2009,6,2009-01-31,2009-02-06,Kalutara,6,0.12,25.335714285714285,72.52714285714285,7
2009,6,2009-01-31,2009-02-06,Kandy,38,0.0,22.397142857142857,74.52428571428572,7
2009,6,2009-01-31,2009-02-06,Jaffna,0,0.03,25.68,71.42142857142858,7
2009,7,2009-02-07,2009-02-13,Colombo,47,0.26,25.238571428571426,67.9057142857143,7
2009,7,2009-02-07,2009-02-13,Gampaha,19,0.26,25.238571428571426,67.9057142857143,7
2009,7,2009-02-07,2009-02-13,Kalutara,7,0.32,25.412857142857145,71.54857142857144,7
2009,7,2009-02-07,2009-02-13,Kandy,32,0.48,23.708571428571428,68.7042857142857,7
2009,7,2009-02-07,2009-02-13,Jaffna,0,0.05,25.86571428571429,65.53285714285714,7
2009,8,2009-02-14,2009-02-20,Colombo,34,0.16,25.974285714285713,69.52571428571429,7
2009,8,2009-02-14,2009-02-20,Gampaha,21,0.16,25.974285714285713,69.52571428571429,7
2009,8,2009-02-14,2009-02-20,Kalutara,15,0.37,26.01,74.3257142857143,7
2009,8,2009-02-14,2009-02-20,Kandy,21,0.05,24.638571428571424,69.66857142857144,7
2009,8,2009-02-14,2009-02-20,Jaffna,0,0.0,26.184285714285718,70.53285714285714,7
2009,9,2009-02-21,2009-02-27,Colombo,28,5.07,27.49857142857143,75.16857142857143,7
2009,9,2009-02-21,2009-02-27,Gampaha,15,5.07,27.49857142857143,75.16857142857143,7
2009,9,2009-02-21,2009-02-27,Kalutara,9,5.9799999999999995,27.092857142857145,79.71000000000001,7
2009,9,2009-02-21,2009-02-27,Kandy,24,0.5900000000000001,27.20428571428571,66.94428571428571,7
2009,9,2009-02-21,2009-02-27,Jaffna,0,0.0,27.795714285714286,74.5942857142857,7
2009,10,2009-02-28,2009-03-06,Colombo,26,27.19,27.471428571428568,71.5,7
2009,10,2009-02-28,2009-03-06,Gampaha,16,27.19,27.471428571428568,71.5,7
2009,10,2009-02-28,2009-03-06,Kalutara,6,29.23,27.01142857142857,78.30285714285715,7
2009,10,2009-02-28,2009-03-06,Kandy,22,32.76,27.158571428571427,54.535714285714285,7
2009,10,2009-02-28,2009-03-06,Jaffna,0,2.26,28.45,63.78285714285715,7
2009,11,2009-03-07,2009-03-13,Colombo,27,76.68,26.91857142857143,77.26571428571427,7
2009,11,2009-03-07,2009-03-13,Gampaha,4,76.68,26.91857142857143,77.26571428571427,7
2009,11,2009-03-07,2009-03-13,Kalutara,11,62.52,26.767142857142858,81.17571428571428,7
2009,11,2009-03-07,2009-03-13,Kandy,29,85.11,25.360000000000003,78.16428571428571,7
2009,11,2009-03-07,2009-03-13,Jaffna,1,70.45,27.465714285714284,77.77571428571427,7
2009,12,2009-03-14,2009-03-20,Colombo,25,41.480000000000004,27.13428571428571,76.64571428571428,7
2009,12,2009-03-14,2009-03-20,Gampaha,10,41.480000000000004,27.13428571428571,76.64571428571428,7
2009,12,2009-03-14,2009-03-20,Kalutara,22,40.6,27.03,79.74142857142856,7
2009,12,2009-03-14,2009-03-20,Kandy,38,21.94,25.527142857142856,77.6557142857143,7
2009,12,2009-03-14,2009-03-20,Jaffna,0,6.25,27.84142857142857,74.78142857142858,7
2009,13,2009-03-21,2009-03-27,Colombo,28,47.019999999999996,27.181428571428572,77.87714285714286,7
2009,13,2009-03-21,2009-03-27,Gampaha,10,47.019999999999996,27.181428571428572,77.87714285714286,7
2009,13,2009-03-21,2009-03-27,Kalutara,3,33.37,27.055714285714288,80.75,7
2009,13,2009-03-21,2009-03-27,Kandy,23,42.93,26.491428571428575,74.64428571428572,7
2009,13,2009-03-21,2009-03-27,Jaffna,0,1.6099999999999999,28.40142857142857,73.19428571428571,7
2009,14,2009-03-28,2009-04-03,Colombo,23,40.75,27.731428571428573,76.43142857142858,7
2009,14,2009-03-28,2009-04-03,Gampaha,10,40.75,27.731428571428573,76.43142857142858,7
2009,14,2009-03-28,2009-04-03,Kalutara,6,45.199999999999996,27.531428571428574,79.28714285714285,7
2009,14,2009-03-28,2009-04-03,Kandy,21,27.509999999999998,26.689999999999998,76.95857142857143,7
2009,14,2009-03-28,2009-04-03,Jaffna,0,3.3899999999999992,29.25714285714286,71.92142857142856,7
2009,15,2009-04-04,2009-04-10,Colombo,20,110.00999999999999,27.21142857142857,83.0657142857143,7
2009,15,2009-04-04,2009-04-10,Gampaha,5,110.00999999999999,27.21142857142857,83.0657142857143,7
2009,15,2009-04-04,2009-04-10,Kalutara,4,108.07,27.229999999999997,84.12142857142858,7
2009,15,2009-04-04,2009-04-10,Kandy,5,85.42,26.08428571428572,83.07857142857142,7
2009,15,2009-04-04,2009-04-10,Jaffna,0,30.66,29.345714285714287,75.20142857142856,7
2009,16,2009-04-11,2009-04-17,Colombo,31,46.800000000000004,27.337142857142858,85.25142857142858,7
2009,16,2009-04-11,2009-04-17,Gampaha,9,46.800000000000004,27.337142857142858,85.25142857142858,7
2009,16,2009-04-11,2009-04-17,Kalutara,6,37.410000000000004,27.70142857142857,84.85,7
2009,16,2009-04-11,2009-04-17,Kandy,9,69.08,25.547142857142855,88.60428571428572,7
2009,16,2009-04-11,2009-04-17,Jaffna,0,28.360000000000003,29.80857142857143,72.60714285714285,7
2009,17,2009-04-18,2009-04-25,Colombo,57,28.85,27.44125,84.4625,8
2009,17,2009-04-18,2009-04-25,Gampaha,17,28.85,27.44125,84.4625,8
2009,17,2009-04-18,2009-04-25,Kalutara,15,23.08,27.6375,84.04625,8
2009,17,2009-04-18,2009-04-25,Kandy,73,10.93,26.13625,85.86125000000001,8
2009,17,2009-04-18,2009-04-25,Jaffna,0,0.8399999999999999,29.68875,79.47625,8
2009,18,2009-04-26,2009-05-02,Colombo,75,11.75,27.451428571428572,82.71000000000001,7
2009,18,2009-04-26,2009-05-02,Gampaha,16,11.75,27.451428571428572,82.71000000000001,7
2009,18,2009-04-26,2009-05-02,Kalutara,15,13.340000000000002,27.61285714285714,82.36857142857141,7
2009,18,2009-04-26,2009-05-02,Kandy,54,9.040000000000001,26.307142857142853,81.23714285714286,7
2009,18,2009-04-26,2009-05-02,Jaffna,0,5.11,29.67285714285714,76.94142857142856,7
2009,19,2009-05-03,2009-05-09,Colombo,78,23.43,27.534285714285716,86.29285714285716,7
2009,19,2009-05-03,2009-05-09,Gampaha,65,23.43,27.534285714285716,86.29285714285716,7
2009,19,2009-05-03,2009-05-09,Kalutara,10,44.870000000000005,27.70285714285714,86.54714285714284,7
2009,19,2009-05-03,2009-05-09,Kandy,46,5.489999999999999,26.691428571428567,83.11,7
2009,19,2009-05-03,2009-05-09,Jaffna,0,0.61,29.807142857142853,79.36714285714287,7
2009,20,2009-05-10,2009-05-16,Colombo,94,21.14,27.585714285714285,85.29142857142857,7
2009,20,2009-05-10,2009-05-16,Gampaha,53,21.14,27.585714285714285,85.29142857142857,7
2009,20,2009-05-10,2009-05-16,Kalutara,8,43.06000000000001,27.827142857142857,85.21714285714287,7
2009,20,2009-05-10,2009-05-16,Kandy,80,1.03,26.794285714285714,81.88285714285715,7
2009,20,2009-05-10,2009-05-16,Jaffna,0,2.37,29.95,79.71142857142857,7
2009,21,2009-05-17,2009-05-23,Colombo,88,82.77000000000001,26.897142857142857,87.67714285714285,7
2009,21,2009-05-17,2009-05-23,Gampaha,128,82.77000000000001,26.897142857142857,87.67714285714285,7
2009,21,2009-05-17,2009-05-23,Kalutara,27,94.65,27.23428571428571,86.85714285714286,7
2009,21,2009-05-17,2009-05-23,Kandy,90,42.17,25.615714285714287,85.76857142857143,7
2009,21,2009-05-17,2009-05-23,Jaffna,0,14.42,29.07571428571428,78.52857142857144,7
2009,22,2009-05-24,2009-05-29,Colombo,158,37.18,26.534999999999997,89.46999999999998,6
2009,22,2009-05-24,2009-05-29,Gampaha,194,37.18,26.534999999999997,89.46999999999998,6
2009,22,2009-05-24,2009-05-29,Kalutara,52,43.88999999999999,26.831666666666667,89.31166666666668,6
2009,22,2009-05-24,2009-05-29,Kandy,217,17.659999999999997,25.593333333333334,86.00166666666668,6
2009,22,2009-05-24,2009-05-29,Jaffna,0,3.1,29.05666666666667,78.73166666666667,6
2009,23,2009-05-30,2009-06-05,Colombo,110,35.46,26.849999999999998,89.06714285714285,7
2009,23,2009-05-30,2009-06-05,Gampaha,120,35.46,26.849999999999998,89.06714285714285,7
2009,23,2009-05-30,2009-06-05,Kalutara,75,39.83,27.134285714285713,88.19999999999997,7
2009,23,2009-05-30,2009-06-05,Kandy,154,15.330000000000002,26.177142857142858,84.0657142857143,7
2009,23,2009-05-30,2009-06-05,Jaffna,0,1.8699999999999999,29.154285714285717,79.83285714285715,7
2009,24,2009-06-06,2009-06-12,Colombo,209,27.92,26.699999999999996,86.89428571428572,7
2009,24,2009-06-06,2009-06-12,Gampaha,165,27.92,26.699999999999996,86.89428571428572,7
2009,24,2009-06-06,2009-06-12,Kalutara,33,35.75,27.052857142857142,86.04142857142858,7
2009,24,2009-06-06,2009-06-12,Kandy,181,10.95,25.82,83.5,7
2009,24,2009-06-06,2009-06-12,Jaffna,1,2.02,28.885714285714283,77.41142857142857,7
2009,25,2009-06-13,2009-06-19,Colombo,166,36.84,26.560000000000002,86.11571428571428,7
2009,25,2009-06-13,2009-06-19,Gampaha,142,36.84,26.560000000000002,86.11571428571428,7
2009,25,2009-06-13,2009-06-19,Kalutara,41,42.05,26.845714285714283,85.88,7
2009,25,2009-06-13,2009-06-19,Kandy,111,11.04,25.75714285714286,82.39428571428572,7
2009,25,2009-06-13,2009-06-19,Jaffna,0,2.6,28.78714285714286,77.96428571428571,7
2009,26,2009-06-20,2009-06-26,Colombo,288,39.32,26.154285714285713,87.80571428571429,7
2009,26,2009-06-20,2009-06-26,Gampaha,158,39.32,26.154285714285713,87.80571428571429,7
2009,26,2009-06-20,2009-06-26,Kalutara,33,59.279999999999994,26.459999999999997,87.28142857142858,7
2009,26,2009-06-20,2009-06-26,Kandy,183,10.000000000000002,25.422857142857143,83.17714285714285,7
2009,26,2009-06-20,2009-06-26,Jaffna,0,1.16,28.45,77.68857142857144,7
2009,27,2009-06-27,2009-07-03,Colombo,153,72.22,25.76142857142857,87.02,7
2009,27,2009-06-27,2009-07-03,Gampaha,170,72.22,25.76142857142857,87.02,7
2009,27,2009-06-27,2009-07-03,Kalutara,35,101.96,26.024285714285718,87.1257142857143,7
2009,27,2009-06-27,2009-07-03,Kandy,55,22.180000000000003,24.92428571428572,83.06714285714285,7
2009,27,2009-06-27,2009-07-03,Jaffna,0,2.11,28.845714285714287,74.36428571428571,7
2009,28,2009-07-04,2009-07-10,Colombo,161,16.88,25.59714285714286,87.47000000000001,7
2009,28,2009-07-04,2009-07-10,Gampaha,134,16.88,25.59714285714286,87.47000000000001,7
2009,28,2009-07-04,2009-07-10,Kalutara,37,19.979999999999997,25.885714285714283,87.98285714285714,7
2009,28,2009-07-04,2009-07-10,Kandy,158,2.4299999999999997,25.198571428571427,80.65142857142858,7
2009,28,2009-07-04,2009-07-10,Jaffna,0,0.6200000000000001,28.507142857142856,75.39999999999999,7
2009,29,2009-07-11,2009-07-17,Colombo,203,31.090000000000003,25.854285714285716,87.88142857142857,7
2009,29,2009-07-11,2009-07-17,Gampaha,147,31.090000000000003,25.854285714285716,87.88142857142857,7
2009,29,2009-07-11,2009-07-17,Kalutara,26,31.75,26.185714285714287,87.8442857142857,7
2009,29,2009-07-11,2009-07-17,Kandy,139,17.02,25.457142857142856,81.18714285714285,7
2009,29,2009-07-11,2009-07-17,Jaffna,0,1.67,28.381428571428575,77.38571428571429,7
2009,30,2009-07-18,2009-07-24,Colombo,163,7.589999999999999,26.065714285714286,87.62857142857142,7
2009,30,2009-07-18,2009-07-24,Gampaha,71,7.589999999999999,26.065714285714286,87.62857142857142,7
2009,30,2009-07-18,2009-07-24,Kalutara,21,9.660000000000002,26.464285714285715,87.2942857142857,7
2009,30,2009-07-18,2009-07-24,Kandy,141,3.0,25.794285714285714,80.29571428571428,7
2009,30,2009-07-18,2009-07-24,Jaffna,0,0.21999999999999997,28.93857142857143,73.36285714285714,7
2009,31,2009-07-25,2009-07-31,Colombo,110,14.969999999999999,26.209999999999997,87.04142857142858,7
2009,31,2009-07-25,2009-07-31,Gampaha,110,14.969999999999999,26.209999999999997,87.04142857142858,7
2009,31,2009-07-25,2009-07-31,Kalutara,12,18.61,26.56857142857143,86.48428571428572,7
2009,31,2009-07-25,2009-07-31,Kandy,103,4.25,26.080000000000002,79.82857142857142,7
2009,31,2009-07-25,2009-07-31,Jaffna,1,5.66,28.535714285714285,79.36999999999999,7
2009,32,2009-08-01,2009-08-07,Colombo,106,12.44,26.275714285714287,87.15142857142857,7
2009,32,2009-08-01,2009-08-07,Gampaha,113,12.44,26.275714285714287,87.15142857142857,7
2009,32,2009-08-01,2009-08-07,Kalutara,8,18.66,26.672857142857143,86.43000000000002,7
2009,32,2009-08-01,2009-08-07,Kandy,87,4.57,25.842857142857138,80.38428571428572,7
2009,32,2009-08-01,2009-08-07,Jaffna,0,0.33000000000000007,29.075714285714287,75.88857142857144,7
2009,33,2009-08-08,2009-08-14,Colombo,94,23.22,26.188571428571425,87.60428571428572,7
2009,33,2009-08-08,2009-08-14,Gampaha,86,23.22,26.188571428571425,87.60428571428572,7
2009,33,2009-08-08,2009-08-14,Kalutara,22,26.669999999999998,26.48,87.15714285714286,7
2009,33,2009-08-08,2009-08-14,Kandy,99,17.66,26.12285714285714,79.49285714285715,7
2009,33,2009-08-08,2009-08-14,Jaffna,0,9.31,28.794285714285714,78.18571428571428,7
2009,34,2009-08-15,2009-08-21,Colombo,78,83.25000000000001,25.562857142857144,88.15857142857143,7
2009,34,2009-08-15,2009-08-21,Gampaha,88,83.25000000000001,25.562857142857144,88.15857142857143,7
2009,34,2009-08-15,2009-08-21,Kalutara,18,83.66999999999999,25.724285714285713,88.52428571428572,7
2009,34,2009-08-15,2009-08-21,Kandy,90,68.41,25.275714285714283,82.62571428571428,7
2009,34,2009-08-15,2009-08-21,Jaffna,0,44.330000000000005,27.89428571428571,78.61428571428571,7
2009,35,2009-08-22,2009-08-28,Colombo,61,25.09,26.017142857142858,86.91285714285713,7
2009,35,2009-08-22,2009-08-28,Gampaha,76,25.09,26.017142857142858,86.91285714285713,7
2009,35,2009-08-22,2009-08-28,Kalutara,10,31.88,26.174285714285713,87.37285714285714,7
2009,35,2009-08-22,2009-08-28,Kandy,32,8.2,25.53714285714286,80.87857142857142,7
2009,35,2009-08-22,2009-08-28,Jaffna,0,3.4200000000000004,28.430000000000003,78.35714285714286,7
2009,36,2009-08-29,2009-09-04,Colombo,28,39.040000000000006,25.91857142857143,87.16714285714285,7
2009,36,2009-08-29,2009-09-04,Gampaha,59,39.040000000000006,25.91857142857143,87.16714285714285,7
2009,36,2009-08-29,2009-09-04,Kalutara,11,46.96,26.16714285714286,87.39428571428572,7
2009,36,2009-08-29,2009-09-04,Kandy,30,22.490000000000002,25.145714285714288,83.19000000000001,7
2009,36,2009-08-29,2009-09-04,Jaffna,0,2.81,28.379999999999995,78.09571428571428,7
2009,37,2009-09-05,2009-09-11,Colombo,58,28.269999999999996,26.190000000000005,86.8342857142857,7
2009,37,2009-09-05,2009-09-11,Gampaha,64,28.269999999999996,26.190000000000005,86.8342857142857,7
2009,37,2009-09-05,2009-09-11,Kalutara,15,35.54,26.392857142857142,87.29142857142857,7
2009,37,2009-09-05,2009-09-11,Kandy,39,13.809999999999999,25.792857142857144,80.73285714285714,7
2009,37,2009-09-05,2009-09-11,Jaffna,0,0.5700000000000001,28.744285714285716,77.54285714285713,7
2009,38,2009-09-12,2009-09-18,Colombo,51,14.55,26.384285714285713,85.05000000000003,7
2009,38,2009-09-12,2009-09-18,Gampaha,36,14.55,26.384285714285713,85.05000000000003,7
2009,38,2009-09-12,2009-09-18,Kalutara,11,15.209999999999999,26.609999999999996,85.74142857142859,7
2009,38,2009-09-12,2009-09-18,Kandy,66,6.51,26.272857142857145,78.29142857142857,7
2009,38,2009-09-12,2009-09-18,Jaffna,0,8.92,28.75,78.30857142857143,7
2009,39,2009-09-19,2009-09-25,Colombo,53,42.24,26.242857142857144,86.71714285714286,7
2009,39,2009-09-19,2009-09-25,Gampaha,29,42.24,26.242857142857144,86.71714285714286,7
2009,39,2009-09-19,2009-09-25,Kalutara,10,51.510000000000005,26.582857142857144,86.24428571428572,7
2009,39,2009-09-19,2009-09-25,Kandy,28,15.159999999999998,25.755714285714284,81.03,7
2009,39,2009-09-19,2009-09-25,Jaffna,0,7.85,28.369999999999997,79.33142857142856,7
2009,40,2009-09-26,2009-10-02,Colombo,80,46.36,26.344285714285718,85.54142857142857,7
2009,40,2009-09-26,2009-10-02,Gampaha,41,46.36,26.344285714285718,85.54142857142857,7
2009,40,2009-09-26,2009-10-02,Kalutara,10,52.720000000000006,26.61714285714286,86.54142857142857,7
2009,40,2009-09-26,2009-10-02,Kandy,57,23.229999999999997,25.624285714285715,80.13714285714286,7
2009,40,2009-09-26,2009-10-02,Jaffna,0,4.56,28.454285714285714,78.65714285714284,7
2009,41,2009-10-03,2009-10-09,Colombo,72,2.3200000000000003,26.145714285714284,84.02571428571427,7
2009,41,2009-10-03,2009-10-09,Gampaha,69,2.3200000000000003,26.145714285714284,84.02571428571427,7
2009,41,2009-10-03,2009-10-09,Kalutara,11,3.2199999999999998,26.435714285714283,84.2242857142857,7
2009,41,2009-10-03,2009-10-09,Kandy,22,0.01,25.918571428571425,77.02,7
2009,41,2009-10-03,2009-10-09,Jaffna,0,0.41000000000000003,28.781428571428574,74.39999999999999,7
2009,42,2009-10-10,2009-10-16,Colombo,68,38.59,26.169999999999998,80.59428571428573,7
2009,42,2009-10-10,2009-10-16,Gampaha,54,38.59,26.169999999999998,80.59428571428573,7
2009,42,2009-10-10,2009-10-16,Kalutara,11,33.48,26.21428571428571,81.75142857142858,7
2009,42,2009-10-10,2009-10-16,Kandy,33,47.01,26.282857142857146,74.72714285714287,7
2009,42,2009-10-10,2009-10-16,Jaffna,0,13.55,28.470000000000002,70.6542857142857,7
2009,43,2009-10-17,2009-10-23,Colombo,54,43.16,26.56142857142857,77.40142857142858,7
2009,43,2009-10-17,2009-10-23,Gampaha,50,43.16,26.56142857142857,77.40142857142858,7
2009,43,2009-10-17,2009-10-23,Kalutara,20,49.4,26.625714285714285,79.62714285714286,7
2009,43,2009-10-17,2009-10-23,Kandy,45,44.849999999999994,26.02,75.76428571428572,7
2009,43,2009-10-17,2009-10-23,Jaffna,1,13.78,28.898571428571426,68.70714285714284,7
2009,44,2009-10-24,2009-10-30,Colombo,80,51.25,26.920000000000005,78.0657142857143,7
2009,44,2009-10-24,2009-10-30,Gampaha,41,51.25,26.920000000000005,78.0657142857143,7
2009,44,2009-10-24,2009-10-30,Kalutara,16,62.45,26.85428571428571,80.60571428571428,7
2009,44,2009-10-24,2009-10-30,Kandy,25,27.65,26.10571428571429,75.5957142857143,7
2009,44,2009-10-24,2009-10-30,Jaffna,0,47.13,28.461428571428574,72.81714285714285,7
2009,45,2009-10-31,2009-11-06,Colombo,94,93.93,26.551428571428573,82.45428571428572,7
2009,45,2009-10-31,2009-11-06,Gampaha,36,93.93,26.551428571428573,82.45428571428572,7
2009,45,2009-10-31,2009-11-06,Kalutara,15,104.57,26.574285714285715,83.74428571428572,7
2009,45,2009-10-31,2009-11-06,Kandy,21,114.12,24.832857142857144,86.29571428571428,7
2009,45,2009-10-31,2009-11-06,Jaffna,5,137.34,27.804285714285715,81.08285714285715,7
2009,46,2009-11-07,2009-11-13,Colombo,88,102.02,26.047142857142862,86.80285714285715,7
2009,46,2009-11-07,2009-11-13,Gampaha,56,102.02,26.047142857142862,86.80285714285715,7
2009,46,2009-11-07,2009-11-13,Kalutara,22,95.81,26.35571428571428,86.75999999999999,7
2009,46,2009-11-07,2009-11-13,Kandy,23,74.69,24.479999999999997,89.27714285714286,7
2009,46,2009-11-07,2009-11-13,Jaffna,5,115.94999999999999,27.395714285714288,82.90571428571427,7
2009,47,2009-11-14,2009-11-20,Colombo,64,165.38,25.847142857142853,86.70714285714287,7
2009,47,2009-11-14,2009-11-20,Gampaha,90,165.38,25.847142857142853,86.70714285714287,7
2009,47,2009-11-14,2009-11-20,Kalutara,12,173.19,26.06,86.74,7
2009,47,2009-11-14,2009-11-20,Kandy,26,153.17000000000002,24.23,89.75142857142858,7
2009,47,2009-11-14,2009-11-20,Jaffna,7,94.78000000000002,27.47,83.43714285714285,7
2009,48,2009-11-21,2009-11-27,Colombo,38,39.91,25.81142857142857,82.40285714285713,7
2009,48,2009-11-21,2009-11-27,Gampaha,34,39.91,25.81142857142857,82.40285714285713,7
2009,48,2009-11-21,2009-11-27,Kalutara,8,50.73,26.187142857142856,82.28,7
2009,48,2009-11-21,2009-11-27,Kandy,24,37.65999999999999,23.852857142857143,87.20714285714287,7
2009,48,2009-11-21,2009-11-27,Jaffna,1,31.880000000000003,27.268571428571427,78.44142857142856,7
2009,49,2009-11-28,2009-12-04,Colombo,85,59.879999999999995,26.32,83.05285714285715,7
2009,49,2009-11-28,2009-12-04,Gampaha,42,59.879999999999995,26.32,83.05285714285715,7
2009,49,2009-11-28,2009-12-04,Kalutara,4,61.69,26.68857142857143,82.61714285714285,7
2009,49,2009-11-28,2009-12-04,Kandy,45,63.54,24.099999999999998,89.18285714285716,7
2009,49,2009-11-28,2009-12-04,Jaffna,5,99.75999999999999,27.0,83.60000000000001,7
2009,50,2009-12-05,2009-12-11,Colombo,48,7.7299999999999995,25.764285714285712,85.52285714285713,7
2009,50,2009-12-05,2009-12-11,Gampaha,60,7.7299999999999995,25.764285714285712,85.52285714285713,7
2009,50,2009-12-05,2009-12-11,Kalutara,18,9.6,26.458571428571428,84.00857142857144,7
2009,50,2009-12-05,2009-12-11,Kandy,36,3.21,23.535714285714285,91.53142857142858,7
2009,50,2009-12-05,2009-12-11,Jaffna,16,3.16,26.827142857142857,78.89571428571428,7
2009,51,2009-12-12,2009-12-18,Colombo,24,68.36,26.277142857142856,85.30714285714286,7
2009,51,2009-12-12,2009-12-18,Gampaha,34,68.36,26.277142857142856,85.30714285714286,7
2009,51,2009-12-12,2009-12-18,Kalutara,7,67.69,26.504285714285714,85.78857142857143,7
2009,51,2009-12-12,2009-12-18,Kandy,18,107.42000000000002,24.375714285714285,90.5842857142857,7
2009,51,2009-12-12,2009-12-18,Jaffna,10,111.17999999999999,26.67142857142857,85.78285714285714,7
2009,52,2009-12-19,2009-12-25,Colombo,124,35.5,25.884285714285713,85.75428571428573,7
2009,52,2009-12-19,2009-12-25,Gampaha,38,35.5,25.884285714285713,85.75428571428573,7
2009,52,2009-12-19,2009-12-25,Kalutara,13,36.209999999999994,26.19857142857143,84.66857142857143,7
2009,52,2009-12-19,2009-12-25,Kandy,50,55.88,23.864285714285717,92.33857142857143,7
2009,52,2009-12-19,2009-12-25,Jaffna,23,110.07,26.477142857142862,85.54714285714286,7
2009,53,2009-12-26,2010-01-01,Colombo,126,23.66,25.062857142857144,85.44142857142857,7
2009,53,2009-12-26,2010-01-01,Gampaha,108,23.66,25.062857142857144,85.44142857142857,7
2009,53,2009-12-26,2010-01-01,Kalutara,5,27.11,25.634285714285713,84.49428571428574,7
2009,53,2009-12-26,2010-01-01,Kandy,14,9.28,22.97714285714286,91.03999999999999,7
2009,53,2009-12-26,2010-01-01,Jaffna,112,5.3500000000000005,26.051428571428573,79.49285714285715,7
2010,1,2010-01-02,2010-01-08,Colombo,176,9.129999999999999,24.395714285714288,83.20285714285716,7
2010,1,2010-01-02,2010-01-08,Gampaha,153,9.129999999999999,24.395714285714288,83.20285714285716,7
2010,1,2010-01-02,2010-01-08,Kalutara,32,11.93,25.212857142857143,81.08714285714287,7
2010,1,2010-01-02,2010-01-08,Kandy,68,14.74,21.965714285714284,89.99,7
2010,1,2010-01-02,2010-01-08,Jaffna,22,17.17,25.62857142857143,78.28999999999999,7
2010,2,2010-01-09,2010-01-15,Colombo,137,55.65,25.911428571428566,82.75,7
2010,2,2010-01-09,2010-01-15,Gampaha,152,55.65,25.911428571428566,82.75,7
2010,2,2010-01-09,2010-01-15,Kalutara,37,60.879999999999995,26.055714285714288,83.36,7
2010,2,2010-01-09,2010-01-15,Kandy,32,59.61,23.928571428571427,88.06428571428572,7
2010,2,2010-01-09,2010-01-15,Jaffna,184,24.79,26.418571428571425,83.05857142857143,7
2010,3,2010-01-16,2010-01-22,Colombo,128,18.53,25.06142857142857,82.26428571428572,7
2010,3,2010-01-16,2010-01-22,Gampaha,53,18.53,25.06142857142857,82.26428571428572,7
2010,3,2010-01-16,2010-01-22,Kalutara,8,23.889999999999997,25.97857142857143,79.76714285714286,7
2010,3,2010-01-16,2010-01-22,Kandy,22,13.170000000000002,22.645714285714284,89.04142857142857,7
2010,3,2010-01-16,2010-01-22,Jaffna,71,0.53,25.93285714285714,77.00142857142859,7
2010,4,2010-01-23,2010-01-29,Colombo,97,2.51,25.12285714285714,80.48428571428572,7
2010,4,2010-01-23,2010-01-29,Gampaha,71,2.51,25.12285714285714,80.48428571428572,7
2010,4,2010-01-23,2010-01-29,Kalutara,24,2.85,25.897142857142857,78.15,7
2010,4,2010-01-23,2010-01-29,Kandy,25,5.17,22.62714285714286,87.59,7
2010,4,2010-01-23,2010-01-29,Jaffna,47,1.26,25.862857142857145,77.37857142857142,7
2010,5,2010-01-30,2010-02-05,Colombo,81,26.900000000000002,25.779999999999998,82.68999999999998,7
2010,5,2010-01-30,2010-02-05,Gampaha,89,26.900000000000002,25.779999999999998,82.68999999999998,7
2010,5,2010-01-30,2010-02-05,Kalutara,31,46.56,26.515714285714285,81.93571428571428,7
2010,5,2010-01-30,2010-02-05,Kandy,31,21.19,23.28142857142857,89.33285714285715,7
2010,5,2010-01-30,2010-02-05,Jaffna,329,0.71,25.91428571428571,75.5657142857143,7
2010,6,2010-02-06,2010-02-12,Colombo,145,9.06,25.62714285714286,79.18428571428572,7
2010,6,2010-02-06,2010-02-12,Gampaha,181,9.06,25.62714285714286,79.18428571428572,7
2010,6,2010-02-06,2010-02-12,Kalutara,34,11.350000000000001,26.305714285714284,78.1242857142857,7
2010,6,2010-02-06,2010-02-12,Kandy,51,0.78,22.949999999999996,86.90714285714286,7
2010,6,2010-02-06,2010-02-12,Jaffna,168,0.48000000000000004,25.76,76.77714285714286,7
2010,7,2010-02-13,2010-02-19,Colombo,136,11.709999999999999,26.358571428571427,78.67714285714285,7
2010,7,2010-02-13,2010-02-19,Gampaha,86,11.709999999999999,26.358571428571427,78.67714285714285,7
2010,7,2010-02-13,2010-02-19,Kalutara,22,17.970000000000002,26.75857142857143,78.52285714285713,7
2010,7,2010-02-13,2010-02-19,Kandy,32,30.659999999999997,23.740000000000002,86.39285714285712,7
2010,7,2010-02-13,2010-02-19,Jaffna,83,0.46,26.54,77.7757142857143,7
2010,8,2010-02-20,2010-02-26,Colombo,72,0.98,26.804285714285715,73.32428571428571,7
2010,8,2010-02-20,2010-02-26,Gampaha,118,0.98,26.804285714285715,73.32428571428571,7
2010,8,2010-02-20,2010-02-26,Kalutara,35,1.26,26.82571428571428,75.98857142857142,7
2010,8,2010-02-20,2010-02-26,Kandy,24,0.0,23.965714285714284,80.88714285714286,7
2010,8,2010-02-20,2010-02-26,Jaffna,34,0.01,27.27714285714286,75.38142857142859,7
2010,9,2010-02-27,2010-03-05,Colombo,92,0.2,26.685714285714283,68.18857142857144,7
2010,9,2010-02-27,2010-03-05,Gampaha,47,0.2,26.685714285714283,68.18857142857144,7
2010,9,2010-02-27,2010-03-05,Kalutara,21,0.41,26.737142857142857,72.97428571428573,7
2010,9,2010-02-27,2010-03-05,Kandy,14,0.0,23.777142857142856,76.56999999999998,7
2010,9,2010-02-27,2010-03-05,Jaffna,47,0.0,27.330000000000002,68.66999999999999,7
2010,10,2010-03-06,2010-03-12,Colombo,65,2.6799999999999997,27.571428571428573,73.37142857142858,7
2010,10,2010-03-06,2010-03-12,Gampaha,66,2.6799999999999997,27.571428571428573,73.37142857142858,7
2010,10,2010-03-06,2010-03-12,Kalutara,19,4.27,27.317142857142862,77.02,7
2010,10,2010-03-06,2010-03-12,Kandy,35,0.18,25.772857142857145,75.39142857142858,7
2010,10,2010-03-06,2010-03-12,Jaffna,15,0.07,28.612857142857145,73.05714285714285,7
2010,11,2010-03-13,2010-03-19,Colombo,65,3.96,28.009999999999998,69.94571428571429,7
2010,11,2010-03-13,2010-03-19,Gampaha,73,3.96,28.009999999999998,69.94571428571429,7
2010,11,2010-03-13,2010-03-19,Kalutara,16,5.6,27.69714285714286,73.94571428571429,7
2010,11,2010-03-13,2010-03-19,Kandy,12,0.07,26.068571428571424,72.73857142857143,7
2010,11,2010-03-13,2010-03-19,Jaffna,12,0.28,28.874285714285715,71.27571428571427,7
2010,12,2010-03-20,2010-03-26,Colombo,43,32.7,27.912857142857142,77.19857142857143,7
2010,12,2010-03-20,2010-03-26,Gampaha,23,32.7,27.912857142857142,77.19857142857143,7
2010,12,2010-03-20,2010-03-26,Kalutara,3,39.29,27.775714285714287,80.30714285714286,7
2010,12,2010-03-20,2010-03-26,Kandy,10,26.509999999999998,27.471428571428568,73.37857142857142,7
2010,12,2010-03-20,2010-03-26,Jaffna,3,2.74,29.58857142857143,69.34285714285714,7
2010,13,2010-03-27,2010-04-02,Colombo,16,66.00000000000001,27.901428571428568,79.16857142857143,7
2010,13,2010-03-27,2010-04-02,Gampaha,12,66.00000000000001,27.901428571428568,79.16857142857143,7
2010,13,2010-03-27,2010-04-02,Kalutara,14,65.46,27.985714285714288,79.73285714285714,7
2010,13,2010-03-27,2010-04-02,Kandy,5,62.22,26.79571428571429,79.98,7
2010,13,2010-03-27,2010-04-02,Jaffna,0,6.71,30.05428571428572,73.45714285714287,7
2010,14,2010-04-03,2010-04-09,Colombo,8,64.48,27.93857142857143,78.61571428571428,7
2010,14,2010-04-03,2010-04-09,Gampaha,7,64.48,27.93857142857143,78.61571428571428,7
2010,14,2010-04-03,2010-04-09,Kalutara,4,54.760000000000005,27.74428571428572,80.29142857142857,7
2010,14,2010-04-03,2010-04-09,Kandy,6,38.23,26.717142857142857,77.11285714285714,7
2010,14,2010-04-03,2010-04-09,Jaffna,14,9.029999999999998,30.15857142857143,71.34428571428573,7
2010,15,2010-04-10,2010-04-16,Colombo,25,49.55,27.91714285714286,82.17142857142858,7
2010,15,2010-04-10,2010-04-16,Gampaha,16,49.55,27.91714285714286,82.17142857142858,7
2010,15,2010-04-10,2010-04-16,Kalutara,23,60.03,27.91142857142857,83.35142857142857,7
2010,15,2010-04-10,2010-04-16,Kandy,1,29.82,27.25428571428571,79.04999999999998,7
2010,15,2010-04-10,2010-04-16,Jaffna,23,3.46,30.99285714285714,71.42,7
2010,16,2010-04-17,2010-04-23,Colombo,42,89.31,27.75,85.52285714285715,7
2010,16,2010-04-17,2010-04-23,Gampaha,29,89.31,27.75,85.52285714285715,7
2010,16,2010-04-17,2010-04-23,Kalutara,30,107.55000000000001,27.97857142857143,84.97714285714285,7
2010,16,2010-04-17,2010-04-23,Kandy,29,72.66000000000001,26.650000000000002,85.76571428571428,7
2010,16,2010-04-17,2010-04-23,Jaffna,30,7.89,30.28,77.21571428571428,7
2010,17,2010-04-24,2010-04-30,Colombo,47,113.6,27.32857142857143,84.56857142857143,7
2010,17,2010-04-24,2010-04-30,Gampaha,40,113.6,27.32857142857143,84.56857142857143,7
2010,17,2010-04-24,2010-04-30,Kalutara,18,98.08,27.390000000000004,84.8757142857143,7
2010,17,2010-04-24,2010-04-30,Kandy,18,94.22,26.671428571428567,83.23857142857142,7
2010,17,2010-04-24,2010-04-30,Jaffna,10,42.7,30.110000000000003,74.8457142857143,7
2010,18,2010-05-01,2010-05-07,Colombo,58,64.2,27.869999999999997,85.34714285714286,7
2010,18,2010-05-01,2010-05-07,Gampaha,32,64.2,27.869999999999997,85.34714285714286,7
2010,18,2010-05-01,2010-05-07,Kalutara,22,60.19,28.10857142857143,86.04285714285713,7
2010,18,2010-05-01,2010-05-07,Kandy,21,52.05,26.301428571428573,87.89142857142858,7
2010,18,2010-05-01,2010-05-07,Jaffna,13,15.56,30.235714285714288,75.90285714285713,7
2010,19,2010-05-08,2010-05-14,Colombo,44,90.75,27.738571428571426,87.08000000000001,7
2010,19,2010-05-08,2010-05-14,Gampaha,7,90.75,27.738571428571426,87.08000000000001,7
2010,19,2010-05-08,2010-05-14,Kalutara,9,102.72999999999999,28.01,86.55857142857144,7
2010,19,2010-05-08,2010-05-14,Kandy,24,38.14,26.42571428571429,87.98714285714286,7
2010,19,2010-05-08,2010-05-14,Jaffna,26,5.6499999999999995,30.68857142857143,78.02857142857144,7
2010,20,2010-05-15,2010-05-21,Colombo,61,217.98,27.232857142857146,87.11285714285714,7
2010,20,2010-05-15,2010-05-21,Gampaha,7,217.98,27.232857142857146,87.11285714285714,7
2010,20,2010-05-15,2010-05-21,Kalutara,23,271.42,27.542857142857144,86.65428571428572,7
2010,20,2010-05-15,2010-05-21,Kandy,18,65.01,25.654285714285713,88.59714285714287,7
2010,20,2010-05-15,2010-05-21,Jaffna,11,45.97,30.479999999999997,76.21285714285715,7
2010,21,2010-05-22,2010-05-28,Colombo,85,49.55,26.959999999999997,89.46428571428571,7
2010,21,2010-05-22,2010-05-28,Gampaha,24,49.55,26.959999999999997,89.46428571428571,7
2010,21,2010-05-22,2010-05-28,Kalutara,64,58.449999999999996,27.265714285714285,88.09428571428573,7
2010,21,2010-05-22,2010-05-28,Kandy,38,19.779999999999998,25.907142857142855,88.91,7
2010,21,2010-05-22,2010-05-28,Jaffna,10,2.47,29.671428571428567,80.45,7
2010,22,2010-05-29,2010-06-04,Colombo,152,11.610000000000001,27.24142857142857,87.68571428571428,7
2010,22,2010-05-29,2010-06-04,Gampaha,99,11.610000000000001,27.24142857142857,87.68571428571428,7
2010,22,2010-05-29,2010-06-04,Kalutara,59,13.059999999999999,27.505714285714284,86.76285714285713,7
2010,22,2010-05-29,2010-06-04,Kandy,28,2.73,26.294285714285714,86.96714285714286,7
2010,22,2010-05-29,2010-06-04,Jaffna,46,2.5,29.845714285714283,78.73428571428572,7
2010,23,2010-06-05,2010-06-11,Colombo,49,80.29,26.68,85.52857142857144,7
2010,23,2010-06-05,2010-06-11,Gampaha,33,80.29,26.68,85.52857142857144,7
2010,23,2010-06-05,2010-06-11,Kalutara,45,82.46000000000001,27.09714285714286,84.32571428571428,7
2010,23,2010-06-05,2010-06-11,Kandy,31,27.11,25.181428571428576,86.6,7
2010,23,2010-06-05,2010-06-11,Jaffna,16,15.510000000000002,29.254285714285714,77.07428571428572,7
2010,24,2010-06-12,2010-06-18,Colombo,145,54.7,26.27857142857143,87.77857142857144,7
2010,24,2010-06-12,2010-06-18,Gampaha,35,54.7,26.27857142857143,87.77857142857144,7
2010,24,2010-06-12,2010-06-18,Kalutara,10,54.849999999999994,26.611428571428572,87.12142857142855,7
2010,24,2010-06-12,2010-06-18,Kandy,5,38.12,25.0,87.33857142857141,7
2010,24,2010-06-12,2010-06-18,Jaffna,60,3.9299999999999997,28.92142857142857,77.8457142857143,7
2010,25,2010-06-19,2010-06-25,Colombo,213,61.87,26.49142857142857,86.88428571428571,7
2010,25,2010-06-19,2010-06-25,Gampaha,35,61.87,26.49142857142857,86.88428571428571,7
2010,25,2010-06-19,2010-06-25,Kalutara,62,61.910000000000004,26.832857142857144,86.44714285714288,7
2010,25,2010-06-19,2010-06-25,Kandy,42,36.9,25.29285714285714,85.29142857142857,7
2010,25,2010-06-19,2010-06-25,Jaffna,73,7.7299999999999995,29.124285714285712,75.36428571428573,7
2010,26,2010-06-26,2010-07-02,Colombo,308,47.089999999999996,26.16142857142857,88.96142857142857,7
2010,26,2010-06-26,2010-07-02,Gampaha,85,47.089999999999996,26.16142857142857,88.96142857142857,7
2010,26,2010-06-26,2010-07-02,Kalutara,22,49.82,26.44142857142857,88.4557142857143,7
2010,26,2010-06-26,2010-07-02,Kandy,69,20.990000000000002,25.091428571428573,86.4,7
2010,26,2010-06-26,2010-07-02,Jaffna,66,1.7400000000000002,29.322857142857142,72.93999999999998,7
2010,27,2010-07-03,2010-07-09,Colombo,334,47.86,26.092857142857138,89.13285714285715,7
2010,27,2010-07-03,2010-07-09,Gampaha,100,47.86,26.092857142857138,89.13285714285715,7
2010,27,2010-07-03,2010-07-09,Kalutara,58,46.230000000000004,26.34857142857143,89.02428571428572,7
2010,27,2010-07-03,2010-07-09,Kandy,46,32.93,25.37,85.50285714285714,7
2010,27,2010-07-03,2010-07-09,Jaffna,29,11.599999999999998,28.83857142857143,74.36142857142856,7
2010,28,2010-07-10,2010-07-16,Colombo,257,61.46,25.767142857142858,88.13571428571427,7
2010,28,2010-07-10,2010-07-16,Gampaha,93,61.46,25.767142857142858,88.13571428571427,7
2010,28,2010-07-10,2010-07-16,Kalutara,35,64.7,25.987142857142857,87.90142857142858,7
2010,28,2010-07-10,2010-07-16,Kandy,38,48.58,24.87142857142857,86.19857142857143,7
2010,28,2010-07-10,2010-07-16,Jaffna,32,11.010000000000002,28.822857142857142,76.53142857142858,7
2010,29,2010-07-17,2010-07-23,Colombo,158,37.06,25.82571428571428,88.10571428571427,7
2010,29,2010-07-17,2010-07-23,Gampaha,83,37.06,25.82571428571428,88.10571428571427,7
2010,29,2010-07-17,2010-07-23,Kalutara,52,50.44999999999999,26.24857142857143,87.36142857142856,7
2010,29,2010-07-17,2010-07-23,Kandy,28,23.220000000000002,24.640000000000004,86.93142857142858,7
2010,29,2010-07-17,2010-07-23,Jaffna,45,3.05,28.947142857142858,73.79714285714284,7
2010,30,2010-07-24,2010-07-30,Colombo,223,9.23,25.647142857142857,88.58571428571429,7
2010,30,2010-07-24,2010-07-30,Gampaha,63,9.23,25.647142857142857,88.58571428571429,7
2010,30,2010-07-24,2010-07-30,Kalutara,66,12.530000000000003,25.987142857142853,88.19142857142857,7
2010,30,2010-07-24,2010-07-30,Kandy,65,4.8,24.642857142857142,86.14142857142856,7
2010,30,2010-07-24,2010-07-30,Jaffna,29,1.3,29.29,71.30142857142857,7
2010,31,2010-07-31,2010-08-06,Colombo,223,6.33,25.698571428571427,91.00857142857141,7
2010,31,2010-07-31,2010-08-06,Gampaha,90,6.33,25.698571428571427,91.00857142857141,7
2010,31,2010-07-31,2010-08-06,Kalutara,35,8.9,26.048571428571428,91.2057142857143,7
2010,31,2010-07-31,2010-08-06,Kandy,69,1.07,24.97714285714286,85.99285714285715,7
2010,31,2010-07-31,2010-08-06,Jaffna,28,1.49,29.141428571428573,75.25,7
2010,32,2010-08-07,2010-08-13,Colombo,270,12.689999999999998,25.974285714285713,90.49428571428572,7
2010,32,2010-08-07,2010-08-13,Gampaha,81,12.689999999999998,25.974285714285713,90.49428571428572,7
2010,32,2010-08-07,2010-08-13,Kalutara,33,22.69,26.35,89.89857142857144,7
2010,32,2010-08-07,2010-08-13,Kandy,57,6.209999999999999,25.525714285714287,84.64571428571428,7
2010,32,2010-08-07,2010-08-13,Jaffna,13,1.95,29.161428571428576,76.65142857142857,7
2010,33,2010-08-14,2010-08-20,Colombo,171,59.019999999999996,25.351428571428578,90.33000000000001,7
2010,33,2010-08-14,2010-08-20,Gampaha,64,59.019999999999996,25.351428571428578,90.33000000000001,7
2010,33,2010-08-14,2010-08-20,Kalutara,49,62.52000000000001,25.75,89.48,7
2010,33,2010-08-14,2010-08-20,Kandy,33,52.02,24.75857142857143,85.52,7
2010,33,2010-08-14,2010-08-20,Jaffna,18,33.99,28.535714285714285,76.50714285714285,7
2010,34,2010-08-21,2010-08-27,Colombo,134,37.49,25.17428571428571,89.55285714285715,7
2010,34,2010-08-21,2010-08-27,Gampaha,67,37.49,25.17428571428571,89.55285714285715,7
2010,34,2010-08-21,2010-08-27,Kalutara,33,29.64,25.638571428571428,88.59857142857143,7
2010,34,2010-08-21,2010-08-27,Kandy,38,40.669999999999995,24.298571428571428,86.82000000000001,7
2010,34,2010-08-21,2010-08-27,Jaffna,26,60.20000000000001,28.122857142857146,78.76142857142858,7
2010,35,2010-08-28,2010-09-03,Colombo,111,32.870000000000005,25.315714285714286,89.47714285714285,7
2010,35,2010-08-28,2010-09-03,Gampaha,47,32.870000000000005,25.315714285714286,89.47714285714285,7
2010,35,2010-08-28,2010-09-03,Kalutara,26,40.519999999999996,25.77142857142857,88.42285714285715,7
2010,35,2010-08-28,2010-09-03,Kandy,37,35.16,24.38428571428571,87.11285714285714,7
2010,35,2010-08-28,2010-09-03,Jaffna,9,8.36,28.037142857142857,79.12714285714286,7
2010,36,2010-09-04,2010-09-10,Colombo,50,20.520000000000003,25.85285714285714,88.31857142857143,7
2010,36,2010-09-04,2010-09-10,Gampaha,29,20.520000000000003,25.85285714285714,88.31857142857143,7
2010,36,2010-09-04,2010-09-10,Kalutara,16,29.97,26.23857142857143,87.57142857142856,7
2010,36,2010-09-04,2010-09-10,Kandy,15,6.24,25.024285714285718,85.25142857142858,7
2010,36,2010-09-04,2010-09-10,Jaffna,8,5.24,28.044285714285714,81.06857142857143,7
2010,37,2010-09-11,2010-09-17,Colombo,68,14.699999999999998,25.950000000000006,87.40714285714286,7
2010,37,2010-09-11,2010-09-17,Gampaha,34,14.699999999999998,25.950000000000006,87.40714285714286,7
2010,37,2010-09-11,2010-09-17,Kalutara,13,20.53,26.31,86.87285714285714,7
2010,37,2010-09-11,2010-09-17,Kandy,19,17.73,24.935714285714287,84.78714285714285,7
2010,37,2010-09-11,2010-09-17,Jaffna,4,10.98,28.397142857142857,76.52285714285713,7
2010,38,2010-09-18,2010-09-24,Colombo,25,98.0,25.427142857142858,88.15428571428572,7
2010,38,2010-09-18,2010-09-24,Gampaha,23,98.0,25.427142857142858,88.15428571428572,7
2010,38,2010-09-18,2010-09-24,Kalutara,12,96.85,25.78142857142857,87.8557142857143,7
2010,38,2010-09-18,2010-09-24,Kandy,3,72.97999999999999,24.388571428571424,87.77,7
2010,38,2010-09-18,2010-09-24,Jaffna,8,57.59,27.892857142857142,79.88714285714286,7
2010,39,2010-09-25,2010-10-01,Colombo,56,101.69000000000001,25.435714285714283,88.67,7
2010,39,2010-09-25,2010-10-01,Gampaha,23,101.69000000000001,25.435714285714283,88.67,7
2010,39,2010-09-25,2010-10-01,Kalutara,13,91.5,25.722857142857144,88.23285714285713,7
2010,39,2010-09-25,2010-10-01,Kandy,14,110.47,24.564285714285713,88.85428571428572,7
2010,39,2010-09-25,2010-10-01,Jaffna,9,88.91999999999999,27.622857142857146,79.98285714285716,7
2010,40,2010-10-02,2010-10-08,Colombo,51,128.14,25.897142857142857,89.72428571428573,7
2010,40,2010-10-02,2010-10-08,Gampaha,18,128.14,25.897142857142857,89.72428571428573,7
2010,40,2010-10-02,2010-10-08,Kalutara,12,119.51999999999998,26.421428571428574,87.74857142857141,7
2010,40,2010-10-02,2010-10-08,Kandy,19,83.38,24.534285714285716,90.82285714285715,7
2010,40,2010-10-02,2010-10-08,Jaffna,2,63.609999999999985,27.748571428571427,83.49571428571429,7
2010,41,2010-10-09,2010-10-15,Colombo,60,11.510000000000002,25.798571428571424,87.22,7
2010,41,2010-10-09,2010-10-15,Gampaha,5,11.510000000000002,25.798571428571424,87.22,7
2010,41,2010-10-09,2010-10-15,Kalutara,12,15.76,26.204285714285714,86.75571428571428,7
2010,41,2010-10-09,2010-10-15,Kandy,15,5.05,24.387142857142855,88.04857142857142,7
2010,41,2010-10-09,2010-10-15,Jaffna,5,10.729999999999999,27.86285714285714,83.12428571428572,7
2010,42,2010-10-16,2010-10-22,Colombo,49,9.94,25.52285714285714,84.02,7
2010,42,2010-10-16,2010-10-22,Gampaha,12,9.94,25.52285714285714,84.02,7
2010,42,2010-10-16,2010-10-22,Kalutara,7,9.670000000000002,25.89428571428571,82.45428571428572,7
2010,42,2010-10-16,2010-10-22,Kandy,7,4.91,24.205714285714286,86.66857142857143,7
2010,42,2010-10-16,2010-10-22,Jaffna,18,3.3400000000000003,27.951428571428572,80.6857142857143,7
2010,43,2010-10-23,2010-10-29,Colombo,25,39.84,25.557142857142857,85.0257142857143,7
2010,43,2010-10-23,2010-10-29,Gampaha,18,39.84,25.557142857142857,85.0257142857143,7
2010,43,2010-10-23,2010-10-29,Kalutara,6,46.72,25.942857142857143,85.14142857142858,7
2010,43,2010-10-23,2010-10-29,Kandy,6,20.97,24.06714285714286,87.23428571428573,7
2010,43,2010-10-23,2010-10-29,Jaffna,7,35.27,27.808571428571423,80.16142857142857,7
2010,44,2010-10-30,2010-11-05,Colombo,22,77.92999999999999,25.575714285714287,87.45857142857143,7
2010,44,2010-10-30,2010-11-05,Gampaha,17,77.92999999999999,25.575714285714287,87.45857142857143,7
2010,44,2010-10-30,2010-11-05,Kalutara,2,67.01,25.94428571428571,87.33142857142857,7
2010,44,2010-10-30,2010-11-05,Kandy,9,87.49000000000001,23.99857142857143,89.72571428571429,7
2010,44,2010-10-30,2010-11-05,Jaffna,4,51.129999999999995,27.461428571428574,81.05,7
2010,45,2010-11-06,2010-11-12,Colombo,26,89.31,25.58571428571429,85.88714285714285,7
2010,45,2010-11-06,2010-11-12,Gampaha,13,89.31,25.58571428571429,85.88714285714285,7
2010,45,2010-11-06,2010-11-12,Kalutara,3,100.87,26.044285714285714,85.36428571428573,7
2010,45,2010-11-06,2010-11-12,Kandy,4,82.06,23.981428571428573,89.07285714285715,7
2010,45,2010-11-06,2010-11-12,Jaffna,23,41.3,27.118571428571425,83.41285714285713,7
2010,46,2010-11-13,2010-11-19,Colombo,19,86.03,26.01285714285714,83.83571428571429,7
2010,46,2010-11-13,2010-11-19,Gampaha,9,86.03,26.01285714285714,83.83571428571429,7
2010,46,2010-11-13,2010-11-19,Kalutara,3,95.31,26.047142857142855,85.57571428571428,7
2010,46,2010-11-13,2010-11-19,Kandy,2,99.61999999999999,24.385714285714283,86.63571428571429,7
2010,46,2010-11-13,2010-11-19,Jaffna,9,59.69,27.359999999999996,79.89285714285714,7
2010,47,2010-11-20,2010-11-26,Colombo,21,198.35,25.071428571428566,88.86285714285714,7
2010,47,2010-11-20,2010-11-26,Gampaha,21,198.35,25.071428571428566,88.86285714285714,7
2010,47,2010-11-20,2010-11-26,Kalutara,5,192.45000000000002,25.37,88.76857142857143,7
2010,47,2010-11-20,2010-11-26,Kandy,5,198.72,23.29714285714286,93.38142857142857,7
2010,47,2010-11-20,2010-11-26,Jaffna,28,224.34,26.66428571428571,84.39714285714285,7
2010,48,2010-11-27,2010-12-03,Colombo,14,150.95,25.27857142857143,88.07285714285715,7
2010,48,2010-11-27,2010-12-03,Gampaha,16,150.95,25.27857142857143,88.07285714285715,7
2010,48,2010-11-27,2010-12-03,Kalutara,4,149.7,25.568571428571428,87.31857142857143,7
2010,48,2010-11-27,2010-12-03,Kandy,5,152.69,23.45714285714286,93.48,7
2010,48,2010-11-27,2010-12-03,Jaffna,4,193.88,26.625714285714285,87.36285714285715,7
2010,49,2010-12-04,2010-12-10,Colombo,35,133.21,25.09428571428571,88.59571428571428,7
2010,49,2010-12-04,2010-12-10,Gampaha,11,133.21,25.09428571428571,88.59571428571428,7
2010,49,2010-12-04,2010-12-10,Kalutara,5,165.85000000000002,25.609999999999996,87.70285714285714,7
2010,49,2010-12-04,2010-12-10,Kandy,1,106.66999999999999,22.958571428571425,93.51857142857143,7
2010,49,2010-12-04,2010-12-10,Jaffna,20,123.13000000000001,25.779999999999998,88.54714285714286,7
2010,50,2010-12-11,2010-12-17,Colombo,23,28.47,25.38428571428571,81.99857142857142,7
2010,50,2010-12-11,2010-12-17,Gampaha,7,28.47,25.38428571428571,81.99857142857142,7
2010,50,2010-12-11,2010-12-17,Kalutara,2,32.0,25.754285714285714,81.24714285714286,7
2010,50,2010-12-11,2010-12-17,Kandy,2,27.22,23.322857142857146,88.78142857142858,7
2010,50,2010-12-11,2010-12-17,Jaffna,15,26.55,26.47714285714286,82.09142857142857,7
2010,51,2010-12-18,2010-12-24,Colombo,18,79.66,24.882857142857144,85.94285714285714,7
2010,51,2010-12-18,2010-12-24,Gampaha,12,79.66,24.882857142857144,85.94285714285714,7
2010,51,2010-12-18,2010-12-24,Kalutara,2,80.88,25.571428571428566,83.80857142857144,7
2010,51,2010-12-18,2010-12-24,Kandy,3,121.97,22.645714285714288,93.17999999999999,7
2010,51,2010-12-18,2010-12-24,Jaffna,15,63.7,25.968571428571426,81.04142857142858,7
2010,52,2010-12-25,2010-12-31,Colombo,38,41.919999999999995,24.727142857142862,88.23428571428572,7
2010,52,2010-12-25,2010-12-31,Gampaha,12,41.919999999999995,24.727142857142862,88.23428571428572,7
2010,52,2010-12-25,2010-12-31,Kalutara,3,40.36,25.292857142857144,86.92571428571429,7
2010,52,2010-12-25,2010-12-31,Kandy,1,113.29999999999998,22.54285714285714,94.84142857142857,7
2010,52,2010-12-25,2010-12-31,Jaffna,9,46.660000000000004,25.81857142857143,82.80857142857143,7
2011,1,2011-01-01,2011-01-07,Colombo,77,48.629999999999995,24.68285714285714,88.14142857142858,7
2011,1,2011-01-01,2011-01-07,Gampaha,16,48.629999999999995,24.68285714285714,88.14142857142858,7
2011,1,2011-01-01,2011-01-07,Kalutara,1,92.51,25.231428571428573,87.22,7
2011,1,2011-01-01,2011-01-07,Kandy,4,88.25,22.541428571428572,94.02714285714286,7
2011,1,2011-01-01,2011-01-07,Jaffna,1,38.28,25.488571428571426,86.23,7
2011,2,2011-01-08,2011-01-14,Colombo,72,73.67,24.648571428571426,90.56714285714285,7
2011,2,2011-01-08,2011-01-14,Gampaha,29,73.67,24.648571428571426,90.56714285714285,7
2011,2,2011-01-08,2011-01-14,Kalutara,5,61.230000000000004,25.060000000000002,89.83,7
2011,2,2011-01-08,2011-01-14,Kandy,3,301.96999999999997,22.81,95.83571428571427,7
2011,2,2011-01-08,2011-01-14,Jaffna,26,31.700000000000003,25.647142857142857,85.49142857142856,7
2011,3,2011-01-15,2011-01-21,Colombo,60,18.18,24.83857142857143,84.3157142857143,7
2011,3,2011-01-15,2011-01-21,Gampaha,29,18.18,24.83857142857143,84.3157142857143,7
2011,3,2011-01-15,2011-01-21,Kalutara,8,23.900000000000002,25.40142857142857,82.77,7
2011,3,2011-01-15,2011-01-21,Kandy,7,15.900000000000002,22.37285714285714,91.05,7
2011,3,2011-01-15,2011-01-21,Jaffna,9,27.249999999999996,25.2,80.08,7
2011,4,2011-01-22,2011-01-28,Colombo,72,33.9,24.639999999999997,85.10571428571428,7
2011,4,2011-01-22,2011-01-28,Gampaha,20,33.9,24.639999999999997,85.10571428571428,7
2011,4,2011-01-22,2011-01-28,Kalutara,27,35.769999999999996,25.412857142857142,82.08285714285714,7
2011,4,2011-01-22,2011-01-28,Kandy,4,54.47,22.387142857142855,90.6542857142857,7
2011,4,2011-01-22,2011-01-28,Jaffna,6,4.109999999999999,25.752857142857142,77.20714285714287,7
2011,5,2011-01-29,2011-02-04,Colombo,77,117.17,24.94428571428571,90.30428571428571,7
2011,5,2011-01-29,2011-02-04,Gampaha,16,117.17,24.94428571428571,90.30428571428571,7
2011,5,2011-01-29,2011-02-04,Kalutara,13,90.97999999999999,25.547142857142855,88.86714285714285,7
2011,5,2011-01-29,2011-02-04,Kandy,7,276.03999999999996,23.100000000000005,95.14571428571428,7
2011,5,2011-01-29,2011-02-04,Jaffna,10,71.71,25.875714285714288,83.67428571428572,7
2011,6,2011-02-05,2011-02-11,Colombo,82,34.28999999999999,25.148571428571426,87.75714285714285,7
2011,6,2011-02-05,2011-02-11,Gampaha,23,34.28999999999999,25.148571428571426,87.75714285714285,7
2011,6,2011-02-05,2011-02-11,Kalutara,7,32.03,25.677142857142858,86.91,7
2011,6,2011-02-05,2011-02-11,Kandy,4,79.04,22.99285714285714,93.32571428571427,7
2011,6,2011-02-05,2011-02-11,Jaffna,10,15.410000000000002,25.610000000000003,80.95714285714284,7
2011,7,2011-02-12,2011-02-18,Colombo,78,8.89,25.277142857142856,82.53428571428572,7
2011,7,2011-02-12,2011-02-18,Gampaha,21,8.89,25.277142857142856,82.53428571428572,7
2011,7,2011-02-12,2011-02-18,Kalutara,1,13.38,25.68285714285714,82.47142857142856,7
2011,7,2011-02-12,2011-02-18,Kandy,2,3.37,23.292857142857144,87.24,7
2011,7,2011-02-12,2011-02-18,Jaffna,9,0.19,25.994285714285706,74.41142857142857,7
2011,8,2011-02-19,2011-02-25,Colombo,101,48.84,25.937142857142856,82.43142857142857,7
2011,8,2011-02-19,2011-02-25,Gampaha,36,48.84,25.937142857142856,82.43142857142857,7
2011,8,2011-02-19,2011-02-25,Kalutara,7,52.81999999999999,26.25285714285715,81.08714285714287,7
2011,8,2011-02-19,2011-02-25,Kandy,10,46.95000000000001,23.818571428571428,87.82857142857142,7
2011,8,2011-02-19,2011-02-25,Jaffna,1,3.1,27.077142857142857,79.51285714285713,7
2011,9,2011-02-26,2011-03-04,Colombo,77,27.080000000000002,25.581428571428575,82.44142857142857,7
2011,9,2011-02-26,2011-03-04,Gampaha,26,27.080000000000002,25.581428571428575,82.44142857142857,7
2011,9,2011-02-26,2011-03-04,Kalutara,18,36.15,26.171428571428574,81.57000000000001,7
2011,9,2011-02-26,2011-03-04,Kandy,6,45.209999999999994,23.177142857142858,89.49714285714285,7
2011,9,2011-02-26,2011-03-04,Jaffna,7,3.29,26.710000000000004,77.32857142857142,7
2011,10,2011-03-05,2011-03-11,Colombo,73,6.4799999999999995,25.939999999999998,76.15142857142858,7
2011,10,2011-03-05,2011-03-11,Gampaha,36,6.4799999999999995,25.939999999999998,76.15142857142858,7
2011,10,2011-03-05,2011-03-11,Kalutara,11,9.599999999999998,26.561428571428568,77.77428571428571,7
2011,10,2011-03-05,2011-03-11,Kandy,12,0.91,23.13714285714286,80.92142857142856,7
2011,10,2011-03-05,2011-03-11,Jaffna,10,0.0,26.909999999999997,74.17571428571429,7
2011,11,2011-03-12,2011-03-18,Colombo,69,27.71,26.41857142857143,84.21285714285715,7
2011,11,2011-03-12,2011-03-18,Gampaha,31,27.71,26.41857142857143,84.21285714285715,7
2011,11,2011-03-12,2011-03-18,Kalutara,13,48.43,26.948571428571427,83.59857142857142,7
2011,11,2011-03-12,2011-03-18,Kandy,5,26.799999999999997,24.527142857142856,89.80428571428573,7
2011,11,2011-03-12,2011-03-18,Jaffna,3,2.6899999999999995,27.66571428571429,79.27714285714285,7
2011,12,2011-03-19,2011-03-25,Colombo,81,52.66,26.349999999999998,84.98,7
2011,12,2011-03-19,2011-03-25,Gampaha,25,52.66,26.349999999999998,84.98,7
2011,12,2011-03-19,2011-03-25,Kalutara,10,65.19,26.642857142857142,84.65428571428572,7
2011,12,2011-03-19,2011-03-25,Kandy,4,40.39,25.158571428571427,87.52000000000001,7
2011,12,2011-03-19,2011-03-25,Jaffna,1,0.79,28.289999999999996,75.64285714285714,7
2011,13,2011-03-26,2011-04-01,Colombo,99,41.94,26.939999999999998,82.06142857142856,7
2011,13,2011-03-26,2011-04-01,Gampaha,18,41.94,26.939999999999998,82.06142857142856,7
2011,13,2011-03-26,2011-04-01,Kalutara,2,69.65000000000002,27.044285714285717,84.25142857142858,7
2011,13,2011-03-26,2011-04-01,Kandy,13,19.15,25.244285714285713,79.93142857142857,7
2011,13,2011-03-26,2011-04-01,Jaffna,0,1.6,28.952857142857145,70.98142857142857,7
2011,14,2011-04-02,2011-04-08,Colombo,54,38.24,26.634285714285713,81.54857142857142,7
2011,14,2011-04-02,2011-04-08,Gampaha,25,38.24,26.634285714285713,81.54857142857142,7
2011,14,2011-04-02,2011-04-08,Kalutara,11,51.27,26.738571428571426,82.62857142857142,7
2011,14,2011-04-02,2011-04-08,Kandy,0,14.610000000000001,24.801428571428573,81.21714285714287,7
2011,14,2011-04-02,2011-04-08,Jaffna,2,1.4,29.117142857142856,71.83857142857143,7
2011,15,2011-04-09,2011-04-15,Colombo,46,82.13,26.562857142857144,85.81857142857142,7
2011,15,2011-04-09,2011-04-15,Gampaha,8,82.13,26.562857142857144,85.81857142857142,7
2011,15,2011-04-09,2011-04-15,Kalutara,3,78.96000000000001,26.689999999999998,85.60142857142857,7
2011,15,2011-04-09,2011-04-15,Kandy,3,62.92,25.505714285714287,85.35000000000001,7
2011,15,2011-04-09,2011-04-15,Jaffna,0,20.84,28.865714285714287,75.94142857142857,7
2011,16,2011-04-16,2011-04-22,Colombo,116,137.07,26.124285714285715,86.4157142857143,7
2011,16,2011-04-16,2011-04-22,Gampaha,40,137.07,26.124285714285715,86.4157142857143,7
2011,16,2011-04-16,2011-04-22,Kalutara,29,116.19,26.397142857142857,86.52,7
2011,16,2011-04-16,2011-04-22,Kandy,18,125.44999999999999,25.064285714285713,86.63142857142859,7
2011,16,2011-04-16,2011-04-22,Jaffna,3,60.51,28.724285714285713,75.21000000000001,7
2011,17,2011-04-23,2011-04-29,Colombo,138,129.41,26.31714285714286,86.97428571428573,7
2011,17,2011-04-23,2011-04-29,Gampaha,58,129.41,26.31714285714286,86.97428571428573,7
2011,17,2011-04-23,2011-04-29,Kalutara,33,125.97,26.66857142857143,86.26714285714286,7
2011,17,2011-04-23,2011-04-29,Kandy,19,88.30000000000001,24.525714285714287,90.5757142857143,7
2011,17,2011-04-23,2011-04-29,Jaffna,3,99.99000000000001,28.512857142857143,79.72285714285714,7
2011,18,2011-04-30,2011-05-06,Colombo,157,32.75,27.162857142857142,88.39428571428572,7
2011,18,2011-04-30,2011-05-06,Gampaha,32,32.75,27.162857142857142,88.39428571428572,7
2011,18,2011-04-30,2011-05-06,Kalutara,17,25.539999999999996,27.327142857142857,87.93714285714286,7
2011,18,2011-04-30,2011-05-06,Kandy,13,20.550000000000004,25.720000000000002,89.99285714285713,7
2011,18,2011-04-30,2011-05-06,Jaffna,2,7.51,29.16142857142857,83.28999999999999,7
2011,19,2011-05-07,2011-05-13,Colombo,112,10.440000000000001,26.890000000000004,86.75142857142859,7
2011,19,2011-05-07,2011-05-13,Gampaha,62,10.440000000000001,26.890000000000004,86.75142857142859,7
2011,19,2011-05-07,2011-05-13,Kalutara,19,12.220000000000002,27.148571428571433,86.62,7
2011,19,2011-05-07,2011-05-13,Kandy,8,12.43,25.38,88.66285714285713,7
2011,19,2011-05-07,2011-05-13,Jaffna,1,0.51,28.887142857142855,76.95285714285714,7
2011,20,2011-05-14,2011-05-20,Colombo,108,14.040000000000001,27.10714285714286,85.18142857142857,7
2011,20,2011-05-14,2011-05-20,Gampaha,39,14.040000000000001,27.10714285714286,85.18142857142857,7
2011,20,2011-05-14,2011-05-20,Kalutara,12,14.01,27.32428571428571,84.80571428571429,7
2011,20,2011-05-14,2011-05-20,Kandy,6,15.209999999999999,25.738571428571426,86.56285714285714,7
2011,20,2011-05-14,2011-05-20,Jaffna,2,3.5,29.107142857142858,79.12571428571428,7
2011,21,2011-05-21,2011-05-27,Colombo,250,77.66,26.92142857142857,88.04714285714284,7
2011,21,2011-05-21,2011-05-27,Gampaha,55,77.66,26.92142857142857,88.04714285714284,7
2011,21,2011-05-21,2011-05-27,Kalutara,60,88.55,27.197142857142858,87.63428571428572,7
2011,21,2011-05-21,2011-05-27,Kandy,17,42.400000000000006,25.470000000000002,89.62142857142855,7
2011,21,2011-05-21,2011-05-27,Jaffna,5,2.31,29.351428571428574,80.57000000000001,7
2011,22,2011-05-28,2011-06-03,Colombo,235,80.47000000000001,26.57,87.04714285714284,7
2011,22,2011-05-28,2011-06-03,Gampaha,54,80.47000000000001,26.57,87.04714285714284,7
2011,22,2011-05-28,2011-06-03,Kalutara,33,91.67999999999999,26.884285714285713,86.34142857142857,7
2011,22,2011-05-28,2011-06-03,Kandy,21,35.4,25.19,88.20857142857142,7
2011,22,2011-05-28,2011-06-03,Jaffna,5,3.71,29.18,79.16571428571429,7
2011,23,2011-06-04,2011-06-10,Colombo,99,47.550000000000004,26.668571428571425,88.59571428571428,7
2011,23,2011-06-04,2011-06-10,Gampaha,93,47.550000000000004,26.668571428571425,88.59571428571428,7
2011,23,2011-06-04,2011-06-10,Kalutara,27,57.18000000000001,26.91142857142857,88.41142857142857,7
2011,23,2011-06-04,2011-06-10,Kandy,18,12.120000000000001,25.31857142857143,88.9857142857143,7
2011,23,2011-06-04,2011-06-10,Jaffna,1,3.29,29.111428571428572,79.98857142857142,7
2011,24,2011-06-11,2011-06-17,Colombo,384,21.89,26.291428571428572,86.98,7
2011,24,2011-06-11,2011-06-17,Gampaha,80,21.89,26.291428571428572,86.98,7
2011,24,2011-06-11,2011-06-17,Kalutara,37,26.03,26.758571428571432,86.01857142857143,7
2011,24,2011-06-11,2011-06-17,Kandy,14,7.64,24.669999999999998,87.55714285714285,7
2011,24,2011-06-11,2011-06-17,Jaffna,5,1.43,29.158571428571427,74.52714285714285,7
2011,25,2011-06-18,2011-06-24,Colombo,306,4.75,26.57571428571428,86.05285714285715,7
2011,25,2011-06-18,2011-06-24,Gampaha,91,4.75,26.57571428571428,86.05285714285715,7
2011,25,2011-06-18,2011-06-24,Kalutara,46,5.140000000000001,27.050000000000004,84.50857142857141,7
2011,25,2011-06-18,2011-06-24,Kandy,28,3.0799999999999996,25.25857142857143,86.27,7
2011,25,2011-06-18,2011-06-24,Jaffna,4,0.06,29.328571428571426,74.90857142857143,7
2011,26,2011-06-25,2011-07-01,Colombo,475,4.58,26.352857142857143,88.20571428571428,7
2011,26,2011-06-25,2011-07-01,Gampaha,100,4.58,26.352857142857143,88.20571428571428,7
2011,26,2011-06-25,2011-07-01,Kalutara,30,7.779999999999999,26.75714285714286,87.92714285714285,7
2011,26,2011-06-25,2011-07-01,Kandy,38,2.25,25.192857142857147,86.64,7
2011,26,2011-06-25,2011-07-01,Jaffna,9,0.48000000000000004,29.601428571428567,73.28714285714285,7
2011,27,2011-07-02,2011-07-08,Colombo,301,14.56,26.228571428571428,86.73285714285714,7
2011,27,2011-07-02,2011-07-08,Gampaha,57,14.56,26.228571428571428,86.73285714285714,7
2011,27,2011-07-02,2011-07-08,Kalutara,34,18.87,26.59142857142857,86.7242857142857,7
2011,27,2011-07-02,2011-07-08,Kandy,49,9.23,24.995714285714282,85.72571428571428,7
2011,27,2011-07-02,2011-07-08,Jaffna,8,3.420000000000001,29.55,70.35428571428572,7
2011,28,2011-07-09,2011-07-15,Colombo,161,26.849999999999998,25.67571428571429,88.62285714285714,7
2011,28,2011-07-09,2011-07-15,Gampaha,169,26.849999999999998,25.67571428571429,88.62285714285714,7
2011,28,2011-07-09,2011-07-15,Kalutara,25,27.11,26.031428571428567,88.14571428571428,7
2011,28,2011-07-09,2011-07-15,Kandy,41,16.7,24.561428571428568,86.82285714285715,7
2011,28,2011-07-09,2011-07-15,Jaffna,6,6.3999999999999995,28.997142857142858,72.55714285714286,7
2011,29,2011-07-16,2011-07-22,Colombo,341,33.910000000000004,25.639999999999993,88.94285714285715,7
2011,29,2011-07-16,2011-07-22,Gampaha,201,33.910000000000004,25.639999999999993,88.94285714285715,7
2011,29,2011-07-16,2011-07-22,Kalutara,31,40.93,26.02285714285714,88.27857142857144,7
2011,29,2011-07-16,2011-07-22,Kandy,52,10.17,24.702857142857145,85.87285714285714,7
2011,29,2011-07-16,2011-07-22,Jaffna,4,1.3900000000000001,28.919999999999998,74.14857142857143,7
2011,30,2011-07-23,2011-07-29,Colombo,277,29.509999999999994,25.46,89.53,7
2011,30,2011-07-23,2011-07-29,Gampaha,122,29.509999999999994,25.46,89.53,7
2011,30,2011-07-23,2011-07-29,Kalutara,24,40.06999999999999,25.767142857142854,89.11428571428571,7
2011,30,2011-07-23,2011-07-29,Kandy,30,10.59,24.614285714285717,86.1842857142857,7
2011,30,2011-07-23,2011-07-29,Jaffna,5,3.37,28.995714285714286,72.4057142857143,7
2011,31,2011-07-30,2011-08-05,Colombo,130,26.71,26.01857142857143,88.45285714285716,7
2011,31,2011-07-30,2011-08-05,Gampaha,107,26.71,26.01857142857143,88.45285714285716,7
2011,31,2011-07-30,2011-08-05,Kalutara,25,44.78,26.404285714285713,88.07714285714285,7
2011,31,2011-07-30,2011-08-05,Kandy,25,8.329999999999998,25.281428571428574,83.41428571428571,7
2011,31,2011-07-30,2011-08-05,Jaffna,5,2.45,28.807142857142857,75.0142857142857,7
2011,32,2011-08-06,2011-08-12,Colombo,149,18.05,25.94571428571428,87.48142857142857,7
2011,32,2011-08-06,2011-08-12,Gampaha,100,18.05,25.94571428571428,87.48142857142857,7
2011,32,2011-08-06,2011-08-12,Kalutara,19,22.690000000000005,26.282857142857143,87.11285714285714,7
2011,32,2011-08-06,2011-08-12,Kandy,18,8.27,25.32428571428571,83.24857142857142,7
2011,32,2011-08-06,2011-08-12,Jaffna,9,5.24,29.01285714285714,74.77142857142857,7
2011,33,2011-08-13,2011-08-19,Colombo,135,25.669999999999998,25.601428571428574,86.2642857142857,7
2011,33,2011-08-13,2011-08-19,Gampaha,63,25.669999999999998,25.601428571428574,86.2642857142857,7
2011,33,2011-08-13,2011-08-19,Kalutara,15,30.44,26.02714285714285,85.59857142857143,7
2011,33,2011-08-13,2011-08-19,Kandy,19,21.660000000000004,24.83285714285714,83.00428571428571,7
2011,33,2011-08-13,2011-08-19,Jaffna,12,31.740000000000002,28.157142857142862,77.56857142857143,7
2011,34,2011-08-20,2011-08-26,Colombo,97,41.54,25.768571428571427,87.24000000000001,7
2011,34,2011-08-20,2011-08-26,Gampaha,70,41.54,25.768571428571427,87.24000000000001,7
2011,34,2011-08-20,2011-08-26,Kalutara,12,49.60999999999999,25.978571428571428,87.58142857142856,7
2011,34,2011-08-20,2011-08-26,Kandy,36,20.240000000000002,25.25857142857143,82.12857142857142,7
2011,34,2011-08-20,2011-08-26,Jaffna,7,6.51,28.467142857142854,77.5657142857143,7
2011,35,2011-08-27,2011-09-02,Colombo,178,37.269999999999996,26.191428571428567,86.08285714285714,7
2011,35,2011-08-27,2011-09-02,Gampaha,54,37.269999999999996,26.191428571428567,86.08285714285714,7
2011,35,2011-08-27,2011-09-02,Kalutara,16,40.06,26.55285714285714,85.66714285714285,7
2011,35,2011-08-27,2011-09-02,Kandy,41,12.89,25.32857142857143,82.72714285714287,7
2011,35,2011-08-27,2011-09-02,Jaffna,16,2.96,28.52857142857143,77.98142857142857,7
2011,36,2011-09-03,2011-09-09,Colombo,25,20.28,26.07,85.91,7
2011,36,2011-09-03,2011-09-09,Gampaha,28,20.28,26.07,85.91,7
2011,36,2011-09-03,2011-09-09,Kalutara,5,24.87,26.341428571428573,86.14142857142858,7
2011,36,2011-09-03,2011-09-09,Kandy,32,14.860000000000001,25.51,81.03999999999999,7
2011,36,2011-09-03,2011-09-09,Jaffna,3,8.41,28.558571428571433,77.54285714285716,7
2011,37,2011-09-10,2011-09-16,Colombo,143,82.39000000000001,25.841428571428573,87.68285714285715,7
2011,37,2011-09-10,2011-09-16,Gampaha,43,82.39000000000001,25.841428571428573,87.68285714285715,7
2011,37,2011-09-10,2011-09-16,Kalutara,24,87.3,26.06714285714286,87.69000000000001,7
2011,37,2011-09-10,2011-09-16,Kandy,46,67.48,24.824285714285715,85.88,7
2011,37,2011-09-10,2011-09-16,Jaffna,6,9.71,28.72142857142857,74.55,7
2011,38,2011-09-17,2011-09-23,Colombo,118,10.1,26.281428571428574,85.30571428571429,7
2011,38,2011-09-17,2011-09-23,Gampaha,68,10.1,26.281428571428574,85.30571428571429,7
2011,38,2011-09-17,2011-09-23,Kalutara,22,13.139999999999999,26.454285714285714,85.9442857142857,7
2011,38,2011-09-17,2011-09-23,Kandy,36,3.6399999999999997,25.349999999999998,82.45285714285716,7
2011,38,2011-09-17,2011-09-23,Jaffna,5,1.8800000000000001,28.74142857142857,76.59714285714286,7
2011,39,2011-09-24,2011-09-30,Colombo,92,7.67,26.48,84.16857142857143,7
2011,39,2011-09-24,2011-09-30,Gampaha,40,7.67,26.48,84.16857142857143,7
2011,39,2011-09-24,2011-09-30,Kalutara,9,9.3,26.725714285714293,84.37714285714286,7
2011,39,2011-09-24,2011-09-30,Kandy,54,4.73,25.90857142857143,79.0657142857143,7
2011,39,2011-09-24,2011-09-30,Jaffna,3,7.13,29.004285714285714,74.72857142857141,7
2011,40,2011-10-01,2011-10-07,Colombo,66,6.14,26.474285714285713,83.03857142857143,7
2011,40,2011-10-01,2011-10-07,Gampaha,35,6.14,26.474285714285713,83.03857142857143,7
2011,40,2011-10-01,2011-10-07,Kalutara,18,5.4399999999999995,26.584285714285716,84.61999999999999,7
2011,40,2011-10-01,2011-10-07,Kandy,58,11.56,26.130000000000003,78.12714285714286,7
2011,40,2011-10-01,2011-10-07,Jaffna,4,11.129999999999999,28.50285714285715,79.10285714285715,7
2011,41,2011-10-08,2011-10-14,Colombo,88,27.11,26.29,83.77285714285713,7
2011,41,2011-10-08,2011-10-14,Gampaha,70,27.11,26.29,83.77285714285713,7
2011,41,2011-10-08,2011-10-14,Kalutara,25,28.14,26.572857142857142,83.85285714285715,7
2011,41,2011-10-08,2011-10-14,Kandy,68,25.06,25.584285714285716,81.02285714285715,7
2011,41,2011-10-08,2011-10-14,Jaffna,6,21.650000000000002,28.484285714285715,75.93999999999998,7
2011,42,2011-10-15,2011-10-21,Colombo,126,66.68,26.324285714285715,84.96000000000001,7
2011,42,2011-10-15,2011-10-21,Gampaha,71,66.68,26.324285714285715,84.96000000000001,7
2011,42,2011-10-15,2011-10-21,Kalutara,22,67.36,26.51571428571429,85.19000000000001,7
2011,42,2011-10-15,2011-10-21,Kandy,64,77.03,25.417142857142856,83.65571428571427,7
2011,42,2011-10-15,2011-10-21,Jaffna,3,40.06,28.3,77.9542857142857,7
2011,43,2011-10-22,2011-10-28,Colombo,128,123.84,26.06714285714286,84.97,7
2011,43,2011-10-22,2011-10-28,Gampaha,94,123.84,26.06714285714286,84.97,7
2011,43,2011-10-22,2011-10-28,Kalutara,23,112.65,26.178571428571427,85.57714285714285,7
2011,43,2011-10-22,2011-10-28,Kandy,63,153.16,24.567142857142862,88.04714285714286,7
2011,43,2011-10-22,2011-10-28,Jaffna,4,120.88999999999999,27.945714285714285,79.00714285714285,7
2011,44,2011-10-29,2011-11-04,Colombo,25,102.98999999999998,25.554285714285715,85.11285714285714,7
2011,44,2011-10-29,2011-11-04,Gampaha,46,102.98999999999998,25.554285714285715,85.11285714285714,7
2011,44,2011-10-29,2011-11-04,Kalutara,21,101.86999999999999,25.78142857142857,85.53428571428572,7
2011,44,2011-10-29,2011-11-04,Kandy,60,62.0,23.830000000000002,89.31285714285714,7
2011,44,2011-10-29,2011-11-04,Jaffna,3,172.76,27.37285714285714,82.37428571428572,7
2011,45,2011-11-05,2011-11-11,Colombo,44,29.59,26.101428571428574,79.36,7
2011,45,2011-11-05,2011-11-11,Gampaha,9,29.59,26.101428571428574,79.36,7
2011,45,2011-11-05,2011-11-11,Kalutara,2,39.43,26.562857142857144,80.03,7
2011,45,2011-11-05,2011-11-11,Kandy,26,17.360000000000003,24.072857142857142,84.87714285714287,7
2011,45,2011-11-05,2011-11-11,Jaffna,7,14.000000000000002,27.618571428571432,71.22285714285714,7
2011,46,2011-11-12,2011-11-18,Colombo,91,36.48,26.39428571428571,79.47142857142856,7
2011,46,2011-11-12,2011-11-18,Gampaha,36,36.48,26.39428571428571,79.47142857142856,7
2011,46,2011-11-12,2011-11-18,Kalutara,16,55.370000000000005,26.88571428571429,78.24000000000001,7
2011,46,2011-11-12,2011-11-18,Kandy,34,17.12,23.919999999999995,86.79999999999998,7
2011,46,2011-11-12,2011-11-18,Jaffna,8,47.29,27.212857142857143,81.1842857142857,7
2011,47,2011-11-19,2011-11-25,Colombo,162,99.67999999999999,26.481428571428573,86.68428571428572,7
2011,47,2011-11-19,2011-11-25,Gampaha,54,99.67999999999999,26.481428571428573,86.68428571428572,7
2011,47,2011-11-19,2011-11-25,Kalutara,14,109.88,26.88285714285714,85.00571428571429,7
2011,47,2011-11-19,2011-11-25,Kandy,42,162.06,24.541428571428575,92.46000000000001,7
2011,47,2011-11-19,2011-11-25,Jaffna,9,175.52,27.425714285714285,83.20571428571428,7
2011,48,2011-11-26,2011-12-02,Colombo,188,62.07000000000001,26.02,84.01142857142857,7
2011,48,2011-11-26,2011-12-02,Gampaha,109,62.07000000000001,26.02,84.01142857142857,7
2011,48,2011-11-26,2011-12-02,Kalutara,33,71.85,26.275714285714287,84.51714285714286,7
2011,48,2011-11-26,2011-12-02,Kandy,94,38.730000000000004,23.95571428571429,89.56285714285715,7
2011,48,2011-11-26,2011-12-02,Jaffna,9,83.69,26.952857142857145,83.14428571428572,7
2011,49,2011-12-03,2011-12-09,Colombo,281,9.459999999999999,26.05142857142857,79.67857142857143,7
2011,49,2011-12-03,2011-12-09,Gampaha,83,9.459999999999999,26.05142857142857,79.67857142857143,7
2011,49,2011-12-03,2011-12-09,Kalutara,35,9.99,26.571428571428573,79.80714285714285,7
2011,49,2011-12-03,2011-12-09,Kandy,52,12.61,23.645714285714284,86.8257142857143,7
2011,49,2011-12-03,2011-12-09,Jaffna,10,6.98,26.818571428571428,75.59714285714287,7
2011,50,2011-12-10,2011-12-16,Colombo,168,57.730000000000004,25.91714285714286,85.03,7
2011,50,2011-12-10,2011-12-16,Gampaha,60,57.730000000000004,25.91714285714286,85.03,7
2011,50,2011-12-10,2011-12-16,Kalutara,38,75.25000000000001,26.380000000000003,83.5957142857143,7
2011,50,2011-12-10,2011-12-16,Kandy,57,62.15,23.73857142857143,91.38285714285715,7
2011,50,2011-12-10,2011-12-16,Jaffna,13,79.78999999999999,27.054285714285715,83.09857142857142,7
2011,51,2011-12-17,2011-12-23,Colombo,338,48.89,25.29714285714286,87.61999999999999,7
2011,51,2011-12-17,2011-12-23,Gampaha,41,48.89,25.29714285714286,87.61999999999999,7
2011,51,2011-12-17,2011-12-23,Kalutara,39,57.67999999999999,25.92142857142857,86.05857142857144,7
2011,51,2011-12-17,2011-12-23,Kandy,74,104.92,23.28857142857143,93.48000000000002,7
2011,51,2011-12-17,2011-12-23,Jaffna,10,96.03999999999999,26.31857142857143,80.75,7
2011,52,2011-12-24,2011-12-30,Colombo,207,3.27,24.882857142857144,83.49000000000001,7
2011,52,2011-12-24,2011-12-30,Gampaha,43,3.27,24.882857142857144,83.49000000000001,7
2011,52,2011-12-24,2011-12-30,Kalutara,21,4.010000000000001,25.314285714285717,82.42142857142858,7
2011,52,2011-12-24,2011-12-30,Kandy,58,9.569999999999999,22.708571428571428,89.45142857142856,7
2011,52,2011-12-24,2011-12-30,Jaffna,17,21.28,25.555714285714288,82.07571428571428,7
2012,1,2011-12-31,2012-01-06,Colombo,219,17.45,25.53571428571428,77.00714285714285,7
2012,1,2011-12-31,2012-01-06,Gampaha,117,17.45,25.53571428571428,77.00714285714285,7
2012,1,2011-12-31,2012-01-06,Kalutara,36,16.130000000000003,25.731428571428573,76.29571428571428,7
2012,1,2011-12-31,2012-01-06,Kandy,60,22.060000000000002,23.198571428571427,86.05428571428571,7
2012,1,2011-12-31,2012-01-06,Jaffna,14,2.94,26.277142857142856,82.79285714285713,7
2012,2,2012-01-07,2012-01-13,Colombo,242,44.419999999999995,25.884285714285713,80.08714285714287,7
2012,2,2012-01-07,2012-01-13,Gampaha,256,44.419999999999995,25.884285714285713,80.08714285714287,7
2012,2,2012-01-07,2012-01-13,Kalutara,55,48.01,26.244285714285713,79.60142857142857,7
2012,2,2012-01-07,2012-01-13,Kandy,40,25.540000000000003,23.271428571428572,89.01285714285714,7
2012,2,2012-01-07,2012-01-13,Jaffna,18,20.87,26.185714285714283,80.0257142857143,7
2012,3,2012-01-14,2012-01-20,Colombo,232,0.31,24.268571428571427,76.21142857142857,7
2012,3,2012-01-14,2012-01-20,Gampaha,124,0.31,24.268571428571427,76.21142857142857,7
2012,3,2012-01-14,2012-01-20,Kalutara,33,0.34,24.96428571428572,74.4457142857143,7
2012,3,2012-01-14,2012-01-20,Kandy,41,0.6799999999999999,21.63714285714286,84.57714285714285,7
2012,3,2012-01-14,2012-01-20,Jaffna,32,0.18,24.931428571428572,71.10142857142857,7
2012,4,2012-01-21,2012-01-27,Colombo,232,2.7199999999999998,24.83857142857143,79.21000000000001,7
2012,4,2012-01-21,2012-01-27,Gampaha,124,2.7199999999999998,24.83857142857143,79.21000000000001,7
2012,4,2012-01-21,2012-01-27,Kalutara,33,5.3,25.53857142857143,78.52999999999999,7
2012,4,2012-01-21,2012-01-27,Kandy,41,2.62,21.998571428571427,86.83857142857141,7
2012,4,2012-01-21,2012-01-27,Jaffna,32,1.6099999999999999,25.29285714285714,73.59714285714287,7
2012,5,2012-01-28,2012-02-03,Colombo,215,0.89,25.357142857142858,78.53142857142858,7
2012,5,2012-01-28,2012-02-03,Gampaha,117,0.89,25.357142857142858,78.53142857142858,7
2012,5,2012-01-28,2012-02-03,Kalutara,67,1.6300000000000001,25.957142857142856,78.09285714285716,7
2012,5,2012-01-28,2012-02-03,Kandy,66,1.4000000000000001,22.869999999999997,85.55,7
2012,5,2012-01-28,2012-02-03,Jaffna,8,2.5799999999999996,25.71,75.26,7
2012,6,2012-02-04,2012-02-10,Colombo,171,37.2,25.957142857142856,83.14999999999999,7
2012,6,2012-02-04,2012-02-10,Gampaha,104,37.2,25.957142857142856,83.14999999999999,7
2012,6,2012-02-04,2012-02-10,Kalutara,35,32.07,26.139999999999993,83.54428571428572,7
2012,6,2012-02-04,2012-02-10,Kandy,40,57.769999999999996,24.00142857142857,89.04714285714284,7
2012,6,2012-02-04,2012-02-10,Jaffna,13,5.37,26.564285714285713,81.1657142857143,7
2012,7,2012-02-11,2012-02-17,Colombo,128,56.7,25.787142857142857,79.08142857142856,7
2012,7,2012-02-11,2012-02-17,Gampaha,83,56.7,25.787142857142857,79.08142857142856,7
2012,7,2012-02-11,2012-02-17,Kalutara,29,64.96,26.075714285714287,79.20714285714287,7
2012,7,2012-02-11,2012-02-17,Kandy,37,43.21,23.31857142857143,86.95857142857143,7
2012,7,2012-02-11,2012-02-17,Jaffna,6,0.45,26.48857142857143,78.19857142857143,7
2012,8,2012-02-18,2012-02-24,Colombo,94,0.9700000000000001,25.72714285714286,74.03285714285714,7
2012,8,2012-02-18,2012-02-24,Gampaha,58,0.9700000000000001,25.72714285714286,74.03285714285714,7
2012,8,2012-02-18,2012-02-24,Kalutara,62,5.449999999999999,26.1,73.20142857142858,7
2012,8,2012-02-18,2012-02-24,Kandy,41,0.04,22.797142857142855,83.66714285714286,7
2012,8,2012-02-18,2012-02-24,Jaffna,5,0.29,26.587142857142858,73.13714285714285,7
2012,9,2012-02-25,2012-03-02,Colombo,156,26.470000000000002,26.414285714285715,79.12428571428572,7
2012,9,2012-02-25,2012-03-02,Gampaha,73,26.470000000000002,26.414285714285715,79.12428571428572,7
2012,9,2012-02-25,2012-03-02,Kalutara,29,29.450000000000003,26.552857142857142,79.60285714285715,7
2012,9,2012-02-25,2012-03-02,Kandy,22,33.48,24.552857142857142,83.84285714285714,7
2012,9,2012-02-25,2012-03-02,Jaffna,9,2.32,27.695714285714285,74.32142857142857,7
2012,10,2012-03-03,2012-03-09,Colombo,75,5.55,26.79285714285714,79.09428571428573,7
2012,10,2012-03-03,2012-03-09,Gampaha,46,5.55,26.79285714285714,79.09428571428573,7
2012,10,2012-03-03,2012-03-09,Kalutara,30,8.38,26.862857142857145,80.12142857142858,7
2012,10,2012-03-03,2012-03-09,Kandy,21,2.14,25.472857142857144,76.10714285714286,7
2012,10,2012-03-03,2012-03-09,Jaffna,16,0.16999999999999998,28.43,72.71285714285713,7
2012,11,2012-03-10,2012-03-16,Colombo,126,72.2,27.118571428571432,78.79142857142857,7
2012,11,2012-03-10,2012-03-16,Gampaha,53,72.2,27.118571428571432,78.79142857142857,7
2012,11,2012-03-10,2012-03-16,Kalutara,21,83.97,26.97857142857143,81.35714285714286,7
2012,11,2012-03-10,2012-03-16,Kandy,25,32.29,25.474285714285717,79.77857142857144,7
2012,11,2012-03-10,2012-03-16,Jaffna,5,9.65,28.521428571428572,74.63,7
2012,12,2012-03-17,2012-03-23,Colombo,33,6.4399999999999995,27.085714285714285,76.60857142857142,7
2012,12,2012-03-17,2012-03-23,Gampaha,44,6.4399999999999995,27.085714285714285,76.60857142857142,7
2012,12,2012-03-17,2012-03-23,Kalutara,3,10.249999999999998,27.0,78.74000000000001,7
2012,12,2012-03-17,2012-03-23,Kandy,3,0.84,25.745714285714286,71.99714285714286,7
2012,12,2012-03-17,2012-03-23,Jaffna,2,1.07,29.025714285714287,69.3442857142857,7
2012,13,2012-03-24,2012-03-30,Colombo,99,42.74,27.080000000000002,72.42999999999999,7
2012,13,2012-03-24,2012-03-30,Gampaha,56,42.74,27.080000000000002,72.42999999999999,7
2012,13,2012-03-24,2012-03-30,Kalutara,23,46.35,26.994285714285713,75.86571428571428,7
2012,13,2012-03-24,2012-03-30,Kandy,28,37.64,24.98714285714286,73.52714285714285,7
2012,13,2012-03-24,2012-03-30,Jaffna,7,3.96,28.768571428571423,67.89142857142858,7
2012,14,2012-03-31,2012-04-06,Colombo,42,31.16,27.051428571428573,81.01714285714286,7
2012,14,2012-03-31,2012-04-06,Gampaha,49,31.16,27.051428571428573,81.01714285714286,7
2012,14,2012-03-31,2012-04-06,Kalutara,17,25.939999999999998,27.037142857142857,82.71285714285715,7
2012,14,2012-03-31,2012-04-06,Kandy,21,36.65,26.124285714285712,79.04428571428572,7
2012,14,2012-03-31,2012-04-06,Jaffna,4,9.07,29.525714285714287,70.17285714285714,7
2012,15,2012-04-07,2012-04-13,Colombo,47,93.42000000000002,26.860000000000003,83.34571428571428,7
2012,15,2012-04-07,2012-04-13,Gampaha,43,93.42000000000002,26.860000000000003,83.34571428571428,7
2012,15,2012-04-07,2012-04-13,Kalutara,13,102.89,27.194285714285712,82.4042857142857,7
2012,15,2012-04-07,2012-04-13,Kandy,17,56.33,25.79571428571429,84.40142857142857,7
2012,15,2012-04-07,2012-04-13,Jaffna,9,9.309999999999999,29.97,71.16142857142857,7
2012,16,2012-04-14,2012-04-20,Colombo,131,110.28999999999999,26.845714285714287,82.96428571428571,7
2012,16,2012-04-14,2012-04-20,Gampaha,115,110.28999999999999,26.845714285714287,82.96428571428571,7
2012,16,2012-04-14,2012-04-20,Kalutara,44,133.29,26.997142857142858,83.22857142857141,7
2012,16,2012-04-14,2012-04-20,Kandy,35,75.05,25.47142857142857,84.45857142857143,7
2012,16,2012-04-14,2012-04-20,Jaffna,7,14.17,29.715714285714284,73.13571428571429,7
2012,17,2012-04-21,2012-04-27,Colombo,38,95.03,27.085714285714285,85.96142857142857,7
2012,17,2012-04-21,2012-04-27,Gampaha,0,95.03,27.085714285714285,85.96142857142857,7
2012,17,2012-04-21,2012-04-27,Kalutara,0,103.12,27.34,85.46714285714286,7
2012,17,2012-04-21,2012-04-27,Kandy,0,40.7,25.62714285714286,87.20142857142856,7
2012,17,2012-04-21,2012-04-27,Jaffna,0,29.91,29.4,76.78857142857143,7
2012,18,2012-04-28,2012-05-04,Colombo,0,38.849999999999994,27.01571428571429,83.03714285714285,7
2012,18,2012-04-28,2012-05-04,Gampaha,0,38.849999999999994,27.01571428571429,83.03714285714285,7
2012,18,2012-04-28,2012-05-04,Kalutara,0,41.019999999999996,27.38714285714286,82.32857142857144,7
2012,18,2012-04-28,2012-05-04,Kandy,5,19.64,25.422857142857143,83.95285714285714,7
2012,18,2012-04-28,2012-05-04,Jaffna,0,2.1999999999999997,29.444285714285712,78.49285714285715,7
2012,19,2012-05-05,2012-05-11,Colombo,0,7.170000000000001,27.02,82.83428571428571,7
2012,19,2012-05-05,2012-05-11,Gampaha,0,7.170000000000001,27.02,82.83428571428571,7
2012,19,2012-05-05,2012-05-11,Kalutara,0,9.73,27.337142857142858,82.59,7
2012,19,2012-05-05,2012-05-11,Kandy,5,2.51,26.014285714285712,81.76285714285714,7
2012,19,2012-05-05,2012-05-11,Jaffna,0,3.51,29.557142857142853,77.30857142857143,7
2012,20,2012-05-12,2012-05-18,Colombo,64,2.84,27.065714285714286,81.9742857142857,7
2012,20,2012-05-12,2012-05-18,Gampaha,0,2.84,27.065714285714286,81.9742857142857,7
2012,20,2012-05-12,2012-05-18,Kalutara,0,2.7099999999999995,27.318571428571428,81.26714285714286,7
2012,20,2012-05-12,2012-05-18,Kandy,5,0.44,26.415714285714284,78.29285714285716,7
2012,20,2012-05-12,2012-05-18,Jaffna,0,1.8800000000000001,29.4,79.45857142857142,7
2012,21,2012-05-19,2012-05-25,Colombo,69,43.75,27.021428571428572,85.96142857142857,7
2012,21,2012-05-19,2012-05-25,Gampaha,0,43.75,27.021428571428572,85.96142857142857,7
2012,21,2012-05-19,2012-05-25,Kalutara,0,50.260000000000005,27.228571428571428,85.50857142857141,7
2012,21,2012-05-19,2012-05-25,Kandy,4,8.360000000000001,26.43142857142857,80.83428571428571,7
2012,21,2012-05-19,2012-05-25,Jaffna,3,1.06,29.477142857142855,78.19857142857143,7
2012,22,2012-05-26,2012-06-01,Colombo,67,43.89999999999999,26.714285714285715,87.59857142857143,7
2012,22,2012-05-26,2012-06-01,Gampaha,0,43.89999999999999,26.714285714285715,87.59857142857143,7
2012,22,2012-05-26,2012-06-01,Kalutara,0,51.709999999999994,26.882857142857144,87.47571428571429,7
2012,22,2012-05-26,2012-06-01,Kandy,0,4.380000000000001,26.178571428571427,81.53142857142858,7
2012,22,2012-05-26,2012-06-01,Jaffna,0,1.7,29.535714285714285,76.82714285714285,7
2012,23,2012-06-02,2012-06-08,Colombo,70,37.120000000000005,27.044285714285714,87.3057142857143,7
2012,23,2012-06-02,2012-06-08,Gampaha,0,37.120000000000005,27.044285714285714,87.3057142857143,7
2012,23,2012-06-02,2012-06-08,Kalutara,0,41.269999999999996,27.231428571428573,87.30142857142857,7
2012,23,2012-06-02,2012-06-08,Kandy,0,6.970000000000001,26.521428571428572,80.69857142857144,7
2012,23,2012-06-02,2012-06-08,Jaffna,0,1.08,29.861428571428572,74.0557142857143,7
2012,24,2012-06-09,2012-06-15,Colombo,0,33.5,26.647142857142853,86.2,7
2012,24,2012-06-09,2012-06-15,Gampaha,0,33.5,26.647142857142853,86.2,7
2012,24,2012-06-09,2012-06-15,Kalutara,0,35.58,26.864285714285717,86.15428571428572,7
2012,24,2012-06-09,2012-06-15,Kandy,0,11.520000000000001,26.16142857142857,80.03999999999999,7
2012,24,2012-06-09,2012-06-15,Jaffna,1,2.72,29.439999999999998,73.35714285714286,7
2012,25,2012-06-16,2012-06-22,Colombo,72,23.55,26.271428571428572,86.08285714285715,7
2012,25,2012-06-16,2012-06-22,Gampaha,0,23.55,26.271428571428572,86.08285714285715,7
2012,25,2012-06-16,2012-06-22,Kalutara,0,19.47,26.560000000000002,85.79714285714284,7
2012,25,2012-06-16,2012-06-22,Kandy,0,12.569999999999999,25.610000000000003,80.76428571428572,7
2012,25,2012-06-16,2012-06-22,Jaffna,0,3.5800000000000005,28.9,75.54428571428572,7
2012,26,2012-06-23,2012-06-29,Colombo,91,33.9,26.007142857142856,87.13714285714286,7
2012,26,2012-06-23,2012-06-29,Gampaha,42,33.9,26.007142857142856,87.13714285714286,7
2012,26,2012-06-23,2012-06-29,Kalutara,0,44.29,26.244285714285713,86.87142857142858,7
2012,26,2012-06-23,2012-06-29,Kandy,0,21.98,25.509999999999998,81.97571428571428,7
2012,26,2012-06-23,2012-06-29,Jaffna,0,1.86,28.66,77.00571428571428,7
2012,27,2012-06-30,2012-07-06,Colombo,159,37.879999999999995,26.217142857142854,86.16714285714285,7
2012,27,2012-06-30,2012-07-06,Gampaha,28,37.879999999999995,26.217142857142854,86.16714285714285,7
2012,27,2012-06-30,2012-07-06,Kalutara,11,42.52,26.45,85.88714285714285,7
2012,27,2012-06-30,2012-07-06,Kandy,0,17.689999999999998,25.618571428571425,80.07714285714285,7
2012,27,2012-06-30,2012-07-06,Jaffna,0,0.8900000000000001,29.027142857142856,73.29142857142857,7
2012,28,2012-07-07,2012-07-13,Colombo,99,35.79,26.474285714285713,84.53857142857143,7
2012,28,2012-07-07,2012-07-13,Gampaha,35,35.79,26.474285714285713,84.53857142857143,7
2012,28,2012-07-07,2012-07-13,Kalutara,4,38.760000000000005,26.692857142857147,84.31142857142858,7
2012,28,2012-07-07,2012-07-13,Kandy,1,26.47,25.92142857142857,79.8757142857143,7
2012,28,2012-07-07,2012-07-13,Jaffna,2,2.36,29.59714285714286,72.73142857142857,7
2012,29,2012-07-14,2012-07-20,Colombo,0,11.82,26.18285714285714,88.31857142857143,7
2012,29,2012-07-14,2012-07-20,Gampaha,42,11.82,26.18285714285714,88.31857142857143,7
2012,29,2012-07-14,2012-07-20,Kalutara,8,14.35,26.407142857142855,88.43857142857144,7
2012,29,2012-07-14,2012-07-20,Kandy,0,14.78,25.75142857142857,82.50571428571428,7
2012,29,2012-07-14,2012-07-20,Jaffna,1,10.72,28.94428571428571,76.67428571428572,7
2012,30,2012-07-21,2012-07-27,Colombo,206,6.250000000000001,26.201428571428576,88.55285714285716,7
2012,30,2012-07-21,2012-07-27,Gampaha,27,6.250000000000001,26.201428571428576,88.55285714285716,7
2012,30,2012-07-21,2012-07-27,Kalutara,0,5.5,26.518571428571427,88.35428571428572,7
2012,30,2012-07-21,2012-07-27,Kandy,2,6.0600000000000005,25.875714285714285,81.37,7
2012,30,2012-07-21,2012-07-27,Jaffna,4,0.31,29.36142857142857,75.09285714285714,7
2012,31,2012-07-28,2012-08-03,Colombo,128,0.78,26.28142857142857,85.43857142857142,7
2012,31,2012-07-28,2012-08-03,Gampaha,36,0.78,26.28142857142857,85.43857142857142,7
2012,31,2012-07-28,2012-08-03,Kalutara,10,1.46,26.482857142857142,85.68999999999998,7
2012,31,2012-07-28,2012-08-03,Kandy,52,0.02,26.104285714285712,77.46714285714286,7
2012,31,2012-07-28,2012-08-03,Jaffna,3,0.42,29.06571428571429,75.47,7
2012,32,2012-08-04,2012-08-10,Colombo,136,24.25,26.412857142857142,85.03857142857143,7
2012,32,2012-08-04,2012-08-10,Gampaha,75,24.25,26.412857142857142,85.03857142857143,7
2012,32,2012-08-04,2012-08-10,Kalutara,32,38.39,26.618571428571432,85.78428571428573,7
2012,32,2012-08-04,2012-08-10,Kandy,36,6.129999999999999,26.242857142857144,77.27571428571427,7
2012,32,2012-08-04,2012-08-10,Jaffna,11,2.91,28.73857142857143,77.14999999999999,7
2012,33,2012-08-11,2012-08-17,Colombo,297,55.07,26.15857142857143,85.79857142857142,7
2012,33,2012-08-11,2012-08-17,Gampaha,106,55.07,26.15857142857143,85.79857142857142,7
2012,33,2012-08-11,2012-08-17,Kalutara,45,68.77000000000001,26.41714285714286,86.12285714285714,7
2012,33,2012-08-11,2012-08-17,Kandy,31,25.9,25.671428571428574,80.42285714285715,7
2012,33,2012-08-11,2012-08-17,Jaffna,6,6.359999999999999,28.702857142857145,75.7057142857143,7
2012,34,2012-08-18,2012-08-24,Colombo,152,33.09,26.06,83.61857142857143,7
2012,34,2012-08-18,2012-08-24,Gampaha,73,33.09,26.06,83.61857142857143,7
2012,34,2012-08-18,2012-08-24,Kalutara,25,42.98,26.301428571428573,84.47714285714285,7
2012,34,2012-08-18,2012-08-24,Kandy,55,9.55,25.89428571428571,75.46857142857142,7
2012,34,2012-08-18,2012-08-24,Jaffna,7,1.9300000000000002,28.827142857142857,73.72,7
2012,35,2012-08-25,2012-08-31,Colombo,78,58.41,26.174285714285713,85.36857142857143,7
2012,35,2012-08-25,2012-08-31,Gampaha,51,58.41,26.174285714285713,85.36857142857143,7
2012,35,2012-08-25,2012-08-31,Kalutara,33,76.29,26.511428571428574,84.82714285714285,7
2012,35,2012-08-25,2012-08-31,Kandy,28,19.88,25.405714285714286,80.66999999999999,7
2012,35,2012-08-25,2012-08-31,Jaffna,5,6.07,28.565714285714286,76.74428571428571,7
2012,36,2012-09-01,2012-09-07,Colombo,91,64.52000000000001,26.17142857142857,85.44000000000001,7
2012,36,2012-09-01,2012-09-07,Gampaha,110,64.52000000000001,26.17142857142857,85.44000000000001,7
2012,36,2012-09-01,2012-09-07,Kalutara,30,77.25,26.48857142857143,84.98428571428572,7
2012,36,2012-09-01,2012-09-07,Kandy,31,23.47,25.66857142857143,79.17857142857143,7
2012,36,2012-09-01,2012-09-07,Jaffna,10,4.55,28.791428571428572,76.01428571428572,7
2012,37,2012-09-08,2012-09-14,Colombo,107,24.55,26.151428571428568,85.71714285714286,7
2012,37,2012-09-08,2012-09-14,Gampaha,45,24.55,26.151428571428568,85.71714285714286,7
2012,37,2012-09-08,2012-09-14,Kalutara,23,32.61000000000001,26.35571428571428,86.29714285714286,7
2012,37,2012-09-08,2012-09-14,Kandy,29,5.36,25.734285714285715,78.07714285714285,7
2012,37,2012-09-08,2012-09-14,Jaffna,8,6.63,28.91,74.66142857142856,7
2012,38,2012-09-15,2012-09-21,Colombo,106,27.09,26.400000000000002,85.17714285714285,7
2012,38,2012-09-15,2012-09-21,Gampaha,51,27.09,26.400000000000002,85.17714285714285,7
2012,38,2012-09-15,2012-09-21,Kalutara,20,43.51,26.631428571428568,85.44714285714285,7
2012,38,2012-09-15,2012-09-21,Kandy,28,14.43,26.09142857142857,78.1242857142857,7
2012,38,2012-09-15,2012-09-21,Jaffna,6,4.59,29.075714285714287,75.81571428571428,7
2012,39,2012-09-22,2012-09-28,Colombo,126,57.15,26.080000000000002,86.07285714285715,7
2012,39,2012-09-22,2012-09-28,Gampaha,103,57.15,26.080000000000002,86.07285714285715,7
2012,39,2012-09-22,2012-09-28,Kalutara,53,82.81999999999996,26.335714285714285,86.24,7
2012,39,2012-09-22,2012-09-28,Kandy,27,32.46,25.540000000000003,80.52857142857144,7
2012,39,2012-09-22,2012-09-28,Jaffna,17,69.0,28.592857142857145,77.55714285714285,7
2012,40,2012-09-29,2012-10-05,Colombo,144,4.29,26.512857142857143,84.15428571428572,7
2012,40,2012-09-29,2012-10-05,Gampaha,121,4.29,26.512857142857143,84.15428571428572,7
2012,40,2012-09-29,2012-10-05,Kalutara,32,8.540000000000001,26.745714285714286,84.69000000000001,7
2012,40,2012-09-29,2012-10-05,Kandy,39,1.1300000000000001,26.385714285714283,75.82142857142857,7
2012,40,2012-09-29,2012-10-05,Jaffna,7,7.249999999999999,28.667142857142856,76.87142857142858,7
2012,41,2012-10-06,2012-10-12,Colombo,105,64.2,26.48714285714286,82.23714285714286,7
2012,41,2012-10-06,2012-10-12,Gampaha,69,64.2,26.48714285714286,82.23714285714286,7
2012,41,2012-10-06,2012-10-12,Kalutara,45,64.97999999999999,26.675714285714285,82.51285714285714,7
2012,41,2012-10-06,2012-10-12,Kandy,39,65.83000000000001,26.401428571428575,76.79714285714284,7
2012,41,2012-10-06,2012-10-12,Jaffna,49,34.72,28.461428571428574,78.92285714285715,7
2012,42,2012-10-13,2012-10-19,Colombo,220,119.6,25.608571428571427,86.85714285714286,7
2012,42,2012-10-13,2012-10-19,Gampaha,50,119.6,25.608571428571427,86.85714285714286,7
2012,42,2012-10-13,2012-10-19,Kalutara,37,119.87,25.742857142857144,87.29285714285713,7
2012,42,2012-10-13,2012-10-19,Kandy,43,108.74,24.68285714285714,86.83428571428571,7
2012,42,2012-10-13,2012-10-19,Jaffna,50,94.96000000000001,27.405714285714282,81.69285714285715,7
2012,43,2012-10-20,2012-10-26,Colombo,55,122.07999999999998,26.364285714285717,83.90857142857143,7
2012,43,2012-10-20,2012-10-26,Gampaha,139,122.07999999999998,26.364285714285717,83.90857142857143,7
2012,43,2012-10-20,2012-10-26,Kalutara,8,110.69,26.45142857142857,84.69285714285715,7
2012,43,2012-10-20,2012-10-26,Kandy,36,87.66,24.665714285714284,87.8357142857143,7
2012,43,2012-10-20,2012-10-26,Jaffna,17,97.03999999999999,27.34428571428571,84.89857142857143,7
2012,44,2012-10-27,2012-11-02,Colombo,45,231.14000000000001,25.82714285714286,88.96857142857142,7
2012,44,2012-10-27,2012-11-02,Gampaha,95,231.14000000000001,25.82714285714286,88.96857142857142,7
2012,44,2012-10-27,2012-11-02,Kalutara,42,249.52,26.132857142857144,88.22571428571428,7
2012,44,2012-10-27,2012-11-02,Kandy,50,175.26999999999998,24.33142857142857,91.06428571428572,7
2012,44,2012-10-27,2012-11-02,Jaffna,27,187.70999999999998,27.412857142857145,84.36285714285714,7
2012,45,2012-11-03,2012-11-09,Colombo,0,73.74000000000001,26.034285714285716,84.88714285714286,7
2012,45,2012-11-03,2012-11-09,Gampaha,128,73.74000000000001,26.034285714285716,84.88714285714286,7
2012,45,2012-11-03,2012-11-09,Kalutara,45,78.92,26.221428571428568,85.1842857142857,7
2012,45,2012-11-03,2012-11-09,Kandy,25,46.98,24.708571428571425,88.27714285714286,7
2012,45,2012-11-03,2012-11-09,Jaffna,17,21.37,27.34,82.4742857142857,7
2012,46,2012-11-10,2012-11-16,Colombo,36,48.0,26.09857142857143,84.7,7
2012,46,2012-11-10,2012-11-16,Gampaha,86,48.0,26.09857142857143,84.7,7
2012,46,2012-11-10,2012-11-16,Kalutara,36,65.85,26.38714285714286,85.10857142857142,7
2012,46,2012-11-10,2012-11-16,Kandy,34,55.79,23.947142857142858,90.6557142857143,7
2012,46,2012-11-10,2012-11-16,Jaffna,29,6.880000000000001,27.398571428571433,80.08,7
2012,47,2012-11-17,2012-11-23,Colombo,51,25.47,26.60285714285714,77.68857142857142,7
2012,47,2012-11-17,2012-11-23,Gampaha,88,25.47,26.60285714285714,77.68857142857142,7
2012,47,2012-11-17,2012-11-23,Kalutara,22,38.84,26.951428571428576,78.33857142857143,7
2012,47,2012-11-17,2012-11-23,Kandy,42,13.97,24.927142857142858,82.80428571428573,7
2012,47,2012-11-17,2012-11-23,Jaffna,28,22.86,27.282857142857143,73.68142857142857,7
2012,48,2012-11-24,2012-11-30,Colombo,70,103.12,25.851428571428567,85.02857142857142,7
2012,48,2012-11-24,2012-11-30,Gampaha,69,103.12,25.851428571428567,85.02857142857142,7
2012,48,2012-11-24,2012-11-30,Kalutara,24,110.08,26.14428571428571,85.3442857142857,7
2012,48,2012-11-24,2012-11-30,Kandy,25,132.05,23.74142857142857,89.71428571428571,7
2012,48,2012-11-24,2012-11-30,Jaffna,94,52.66,26.914285714285715,79.64857142857144,7
2012,49,2012-12-01,2012-12-07,Colombo,127,25.98,25.525714285714287,83.19000000000001,7
2012,49,2012-12-01,2012-12-07,Gampaha,88,25.98,25.525714285714287,83.19000000000001,7
2012,49,2012-12-01,2012-12-07,Kalutara,49,21.930000000000003,25.888571428571428,81.87142857142858,7
2012,49,2012-12-01,2012-12-07,Kandy,44,34.47,23.39428571428571,90.06857142857143,7
2012,49,2012-12-01,2012-12-07,Jaffna,57,49.53,26.724285714285717,80.36428571428571,7
2012,50,2012-12-08,2012-12-14,Colombo,148,7.51,25.59857142857143,80.07857142857142,7
2012,50,2012-12-08,2012-12-14,Gampaha,119,7.51,25.59857142857143,80.07857142857142,7
2012,50,2012-12-08,2012-12-14,Kalutara,28,13.63,26.108571428571427,78.78428571428572,7
2012,50,2012-12-08,2012-12-14,Kandy,39,2.9699999999999998,22.821428571428573,88.53571428571429,7
2012,50,2012-12-08,2012-12-14,Jaffna,45,4.77,26.279999999999998,79.09857142857142,7
2012,51,2012-12-15,2012-12-21,Colombo,135,160.84000000000003,25.198571428571427,87.3142857142857,7
2012,51,2012-12-15,2012-12-21,Gampaha,57,160.84000000000003,25.198571428571427,87.3142857142857,7
2012,51,2012-12-15,2012-12-21,Kalutara,20,126.93999999999998,25.699999999999996,85.22571428571429,7
2012,51,2012-12-15,2012-12-21,Kandy,21,302.56999999999994,23.20285714285714,94.15714285714286,7
2012,51,2012-12-15,2012-12-21,Jaffna,35,45.14,26.722857142857148,80.67285714285715,7
2012,52,2012-12-22,2012-12-28,Colombo,95,98.42,25.775714285714287,89.81142857142856,7
2012,52,2012-12-22,2012-12-28,Gampaha,82,98.42,25.775714285714287,89.81142857142856,7
2012,52,2012-12-22,2012-12-28,Kalutara,10,103.28999999999999,26.047142857142862,89.45285714285714,7
2012,52,2012-12-22,2012-12-28,Kandy,15,126.48,23.91857142857143,94.50857142857141,7
2012,52,2012-12-22,2012-12-28,Jaffna,33,187.39999999999998,26.53142857142857,86.9557142857143,7
2013,1,2012-12-29,2013-01-04,Colombo,127,35.1,25.992857142857144,85.80285714285716,7
2013,1,2012-12-29,2013-01-04,Gampaha,80,35.1,25.992857142857144,85.80285714285716,7
2013,1,2012-12-29,2013-01-04,Kalutara,37,42.199999999999996,26.548571428571428,83.89714285714287,7
2013,1,2012-12-29,2013-01-04,Kandy,0,62.27,23.800000000000004,92.8057142857143,7
2013,1,2012-12-29,2013-01-04,Jaffna,32,19.22,26.88285714285714,82.95571428571428,7
2013,2,2013-01-05,2013-01-11,Colombo,186,92.49,25.515714285714285,89.28999999999999,7
2013,2,2013-01-05,2013-01-11,Gampaha,77,92.49,25.515714285714285,89.28999999999999,7
2013,2,2013-01-05,2013-01-11,Kalutara,27,75.44,26.027142857142852,88.25,7
2013,2,2013-01-05,2013-01-11,Kandy,13,175.78,23.56,94.66,7
2013,2,2013-01-05,2013-01-11,Jaffna,33,98.14,26.657142857142855,84.78714285714285,7
2013,3,2013-01-12,2013-01-18,Colombo,109,0.14,24.199999999999996,80.9042857142857,7
2013,3,2013-01-12,2013-01-18,Gampaha,59,0.14,24.199999999999996,80.9042857142857,7
2013,3,2013-01-12,2013-01-18,Kalutara,35,0.28,25.16714285714286,77.41,7
2013,3,2013-01-12,2013-01-18,Kandy,0,0.36,21.18,89.39142857142858,7
2013,3,2013-01-12,2013-01-18,Jaffna,12,0.09,25.565714285714286,73.32000000000001,7
2013,4,2013-01-19,2013-01-25,Colombo,162,21.39,25.228571428571428,85.19857142857143,7
2013,4,2013-01-19,2013-01-25,Gampaha,73,21.39,25.228571428571428,85.19857142857143,7
2013,4,2013-01-19,2013-01-25,Kalutara,32,18.81,26.009999999999998,82.83428571428571,7
2013,4,2013-01-19,2013-01-25,Kandy,13,69.71,23.08285714285714,91.40857142857143,7
2013,4,2013-01-19,2013-01-25,Jaffna,16,4.43,26.072857142857146,78.71000000000001,7
2013,5,2013-01-26,2013-02-01,Colombo,113,0.35,24.885714285714283,80.72285714285714,7
2013,5,2013-01-26,2013-02-01,Gampaha,11,0.35,24.885714285714283,80.72285714285714,7
2013,5,2013-01-26,2013-02-01,Kalutara,6,0.49,25.868571428571432,76.43999999999998,7
2013,5,2013-01-26,2013-02-01,Kandy,27,0.75,22.085714285714285,89.07000000000001,7
2013,5,2013-01-26,2013-02-01,Jaffna,9,0.32999999999999996,25.837142857142858,76.01285714285714,7
2013,6,2013-02-02,2013-02-08,Colombo,75,45.43,25.978571428571428,81.98571428571428,7
2013,6,2013-02-02,2013-02-08,Gampaha,28,45.43,25.978571428571428,81.98571428571428,7
2013,6,2013-02-02,2013-02-08,Kalutara,23,44.68,26.31,81.27428571428571,7
2013,6,2013-02-02,2013-02-08,Kandy,28,41.89,23.62714285714286,90.28285714285714,7
2013,6,2013-02-02,2013-02-08,Jaffna,5,39.32,26.542857142857144,79.75571428571429,7
2013,7,2013-02-09,2013-02-15,Colombo,172,78.44,25.512857142857143,83.09285714285716,7
2013,7,2013-02-09,2013-02-15,Gampaha,46,78.44,25.512857142857143,83.09285714285716,7
2013,7,2013-02-09,2013-02-15,Kalutara,22,81.92,25.93285714285714,81.67571428571429,7
2013,7,2013-02-09,2013-02-15,Kandy,29,109.55999999999999,23.351428571428567,91.22714285714287,7
2013,7,2013-02-09,2013-02-15,Jaffna,12,76.19,26.67142857142857,81.4,7
2013,8,2013-02-16,2013-02-22,Colombo,102,29.05,26.034285714285716,81.54714285714284,7
2013,8,2013-02-16,2013-02-22,Gampaha,20,29.05,26.034285714285716,81.54714285714284,7
2013,8,2013-02-16,2013-02-22,Kalutara,26,27.53,26.597142857142853,79.79,7
2013,8,2013-02-16,2013-02-22,Kandy,34,27.57,23.982857142857146,87.57000000000001,7
2013,8,2013-02-16,2013-02-22,Jaffna,17,13.24,27.111428571428572,78.36714285714287,7
2013,9,2013-02-23,2013-03-01,Colombo,133,0.3,25.40142857142857,78.64857142857143,7
2013,9,2013-02-23,2013-03-01,Gampaha,26,0.3,25.40142857142857,78.64857142857143,7
2013,9,2013-02-23,2013-03-01,Kalutara,17,0.86,26.267142857142858,76.84571428571428,7
2013,9,2013-02-23,2013-03-01,Kandy,23,0.01,22.695714285714285,86.92999999999999,7
2013,9,2013-02-23,2013-03-01,Jaffna,19,0.0,26.51,75.41999999999999,7
2013,10,2013-03-02,2013-03-08,Colombo,124,44.010000000000005,26.42142857142857,82.77714285714286,7
2013,10,2013-03-02,2013-03-08,Gampaha,29,44.010000000000005,26.42142857142857,82.77714285714286,7
2013,10,2013-03-02,2013-03-08,Kalutara,32,50.03,26.951428571428572,81.39142857142858,7
2013,10,2013-03-02,2013-03-08,Kandy,32,49.21,24.271428571428572,90.05714285714285,7
2013,10,2013-03-02,2013-03-08,Jaffna,17,75.73,27.319999999999997,81.61428571428571,7
2013,11,2013-03-09,2013-03-15,Colombo,80,44.22,27.137142857142855,80.16,7
2013,11,2013-03-09,2013-03-15,Gampaha,38,44.22,27.137142857142855,80.16,7
2013,11,2013-03-09,2013-03-15,Kalutara,13,53.28,27.398571428571426,80.76285714285714,7
2013,11,2013-03-09,2013-03-15,Kandy,27,28.17,25.09428571428571,86.91571428571429,7
2013,11,2013-03-09,2013-03-15,Jaffna,10,5.6899999999999995,27.585714285714285,77.78714285714285,7
2013,12,2013-03-16,2013-03-22,Colombo,100,23.860000000000003,27.508571428571432,77.54857142857144,7
2013,12,2013-03-16,2013-03-22,Gampaha,33,23.860000000000003,27.508571428571432,77.54857142857144,7
2013,12,2013-03-16,2013-03-22,Kalutara,20,35.080000000000005,27.80714285714286,78.26714285714286,7
2013,12,2013-03-16,2013-03-22,Kandy,10,9.23,24.639999999999997,85.81142857142856,7
2013,12,2013-03-16,2013-03-22,Jaffna,10,7.61,27.715714285714288,75.86857142857143,7
2013,13,2013-03-23,2013-03-29,Colombo,77,68.30999999999999,27.16,82.3142857142857,7
2013,13,2013-03-23,2013-03-29,Gampaha,48,68.30999999999999,27.16,82.3142857142857,7
2013,13,2013-03-23,2013-03-29,Kalutara,19,68.05,27.195714285714285,83.36142857142856,7
2013,13,2013-03-23,2013-03-29,Kandy,5,59.16,25.627142857142854,84.45,7
2013,13,2013-03-23,2013-03-29,Jaffna,20,22.08,28.305714285714284,77.08571428571429,7
2013,14,2013-03-30,2013-04-05,Colombo,113,22.370000000000005,27.398571428571426,83.18142857142857,7
2013,14,2013-03-30,2013-04-05,Gampaha,31,22.370000000000005,27.398571428571426,83.18142857142857,7
2013,14,2013-03-30,2013-04-05,Kalutara,26,25.419999999999998,27.587142857142855,82.98857142857143,7
2013,14,2013-03-30,2013-04-05,Kandy,8,6.26,26.088571428571424,83.31714285714285,7
2013,14,2013-03-30,2013-04-05,Jaffna,26,4.23,29.282857142857146,75.88857142857144,7
2013,15,2013-04-06,2013-04-12,Colombo,62,42.58,27.625714285714285,81.72,7
2013,15,2013-04-06,2013-04-12,Gampaha,28,42.58,27.625714285714285,81.72,7
2013,15,2013-04-06,2013-04-12,Kalutara,15,47.56,27.874285714285712,81.96428571428571,7
2013,15,2013-04-06,2013-04-12,Kandy,25,22.53,26.05142857142857,84.52142857142857,7
2013,15,2013-04-06,2013-04-12,Jaffna,37,2.5300000000000002,29.657142857142855,76.01142857142858,7
2013,16,2013-04-13,2013-04-19,Colombo,59,71.38,27.49,83.07285714285715,7
2013,16,2013-04-13,2013-04-19,Gampaha,39,71.38,27.49,83.07285714285715,7
2013,16,2013-04-13,2013-04-19,Kalutara,23,66.4,27.844285714285718,83.6557142857143,7
2013,16,2013-04-13,2013-04-19,Kandy,28,74.57,26.125714285714285,85.40285714285714,7
2013,16,2013-04-13,2013-04-19,Jaffna,27,20.060000000000002,29.86285714285714,76.75999999999999,7
2013,17,2013-04-20,2013-04-26,Colombo,60,40.769999999999996,27.527142857142856,82.17857142857143,7
2013,17,2013-04-20,2013-04-26,Gampaha,47,40.769999999999996,27.527142857142856,82.17857142857143,7
2013,17,2013-04-20,2013-04-26,Kalutara,16,46.48,27.82857142857143,80.99285714285713,7
2013,17,2013-04-20,2013-04-26,Kandy,12,37.470000000000006,26.581428571428575,83.39285714285714,7
2013,17,2013-04-20,2013-04-26,Jaffna,16,8.48,29.715714285714284,75.75285714285714,7
2013,18,2013-04-27,2013-05-03,Colombo,112,78.75,27.21857142857143,86.36142857142856,7
2013,18,2013-04-27,2013-05-03,Gampaha,56,78.75,27.21857142857143,86.36142857142856,7
2013,18,2013-04-27,2013-05-03,Kalutara,29,89.03999999999999,27.457142857142856,86.10000000000001,7
2013,18,2013-04-27,2013-05-03,Kandy,22,36.989999999999995,25.981428571428573,87.3142857142857,7
2013,18,2013-04-27,2013-05-03,Jaffna,20,19.97,29.772857142857145,78.21428571428571,7
2013,19,2013-05-04,2013-05-10,Colombo,72,73.8,27.285714285714285,88.61428571428573,7
2013,19,2013-05-04,2013-05-10,Gampaha,43,73.8,27.285714285714285,88.61428571428573,7
2013,19,2013-05-04,2013-05-10,Kalutara,24,74.51,27.328571428571426,88.72285714285714,7
2013,19,2013-05-04,2013-05-10,Kandy,33,21.589999999999996,26.102857142857143,88.25571428571428,7
2013,19,2013-05-04,2013-05-10,Jaffna,15,12.62,29.861428571428572,79.9357142857143,7
2013,20,2013-05-11,2013-05-17,Colombo,55,62.11,27.12714285714286,87.3,7
2013,20,2013-05-11,2013-05-17,Gampaha,35,62.11,27.12714285714286,87.3,7
2013,20,2013-05-11,2013-05-17,Kalutara,37,58.57000000000001,27.364285714285717,87.2,7
2013,20,2013-05-11,2013-05-17,Kandy,28,58.23,25.768571428571427,88.23285714285716,7
2013,20,2013-05-11,2013-05-17,Jaffna,9,38.190000000000005,29.665714285714284,79.03857142857143,7
2013,21,2013-05-18,2013-05-24,Colombo,91,48.79999999999999,26.951428571428572,88.00428571428573,7
2013,21,2013-05-18,2013-05-24,Gampaha,59,48.79999999999999,26.951428571428572,88.00428571428573,7
2013,21,2013-05-18,2013-05-24,Kalutara,17,62.77,27.181428571428572,88.0257142857143,7
2013,21,2013-05-18,2013-05-24,Kandy,21,13.37,25.662857142857142,87.75571428571429,7
2013,21,2013-05-18,2013-05-24,Jaffna,11,0.8999999999999999,29.330000000000002,80.17142857142858,7
2013,22,2013-05-25,2013-05-31,Colombo,94,43.52,26.8,88.07571428571428,7
2013,22,2013-05-25,2013-05-31,Gampaha,42,43.52,26.8,88.07571428571428,7
2013,22,2013-05-25,2013-05-31,Kalutara,41,43.94,27.02857142857143,87.76714285714286,7
2013,22,2013-05-25,2013-05-31,Kandy,30,19.83,25.485714285714288,87.98428571428572,7
2013,22,2013-05-25,2013-05-31,Jaffna,12,3.02,29.042857142857144,79.25,7
2013,23,2013-06-01,2013-06-07,Colombo,169,79.16,26.388571428571424,88.67142857142856,7
2013,23,2013-06-01,2013-06-07,Gampaha,23,79.16,26.388571428571424,88.67142857142856,7
2013,23,2013-06-01,2013-06-07,Kalutara,25,87.88,26.694285714285712,88.09,7
2013,23,2013-06-01,2013-06-07,Kandy,40,31.330000000000002,25.057142857142853,88.01857142857143,7
2013,23,2013-06-01,2013-06-07,Jaffna,7,6.43,29.157142857142855,76.63714285714286,7
2013,24,2013-06-08,2013-06-14,Colombo,130,74.31,25.928571428571423,89.15857142857143,7
2013,24,2013-06-08,2013-06-14,Gampaha,63,74.31,25.928571428571423,89.15857142857143,7
2013,24,2013-06-08,2013-06-14,Kalutara,32,74.32,26.22857142857143,89.13285714285713,7
2013,24,2013-06-08,2013-06-14,Kandy,51,37.29,24.7,88.17714285714287,7
2013,24,2013-06-08,2013-06-14,Jaffna,6,1.0000000000000002,29.31857142857143,73.9542857142857,7
2013,25,2013-06-15,2013-06-21,Colombo,41,70.22,25.890000000000004,90.13571428571427,7
2013,25,2013-06-15,2013-06-21,Gampaha,38,70.22,25.890000000000004,90.13571428571427,7
2013,25,2013-06-15,2013-06-21,Kalutara,32,75.06,26.16857142857143,89.90857142857145,7
2013,25,2013-06-15,2013-06-21,Kandy,54,31.83,24.782857142857143,88.74,7
2013,25,2013-06-15,2013-06-21,Jaffna,8,0.67,29.03714285714286,76.4057142857143,7
2013,26,2013-06-22,2013-06-28,Colombo,231,62.169999999999995,25.797142857142855,90.11714285714285,7
2013,26,2013-06-22,2013-06-28,Gampaha,79,62.169999999999995,25.797142857142855,90.11714285714285,7
2013,26,2013-06-22,2013-06-28,Kalutara,28,58.2,26.041428571428572,90.15714285714286,7
2013,26,2013-06-22,2013-06-28,Kandy,33,30.58,24.698571428571427,88.80000000000003,7
2013,26,2013-06-22,2013-06-28,Jaffna,6,3.11,28.791428571428572,77.28285714285714,7
2013,27,2013-06-29,2013-07-05,Colombo,232,37.2,25.695714285714285,89.06285714285715,7
2013,27,2013-06-29,2013-07-05,Gampaha,98,37.2,25.695714285714285,89.06285714285715,7
2013,27,2013-06-29,2013-07-05,Kalutara,36,51.129999999999995,25.944285714285716,89.02428571428572,7
2013,27,2013-06-29,2013-07-05,Kandy,60,16.38,24.607142857142858,87.46571428571428,7
2013,27,2013-06-29,2013-07-05,Jaffna,5,2.36,28.62142857142857,76.22571428571429,7
2013,28,2013-07-06,2013-07-12,Colombo,218,32.87,25.434285714285714,89.42999999999999,7
2013,28,2013-07-06,2013-07-12,Gampaha,82,32.87,25.434285714285714,89.42999999999999,7
2013,28,2013-07-06,2013-07-12,Kalutara,47,38.99,25.74285714285714,89.11428571428573,7
2013,28,2013-07-06,2013-07-12,Kandy,26,39.63999999999999,24.18285714285714,88.88857142857144,7
2013,28,2013-07-06,2013-07-12,Jaffna,4,7.959999999999999,28.591428571428573,75.59714285714287,7
2013,29,2013-07-13,2013-07-19,Colombo,184,30.06,25.66857142857143,89.3942857142857,7
2013,29,2013-07-13,2013-07-19,Gampaha,73,30.06,25.66857142857143,89.3942857142857,7
2013,29,2013-07-13,2013-07-19,Kalutara,36,37.22,26.012857142857143,89.15142857142858,7
2013,29,2013-07-13,2013-07-19,Kandy,39,7.76,24.505714285714284,87.95857142857143,7
2013,29,2013-07-13,2013-07-19,Jaffna,6,1.24,28.854285714285716,75.74571428571429,7
2013,30,2013-07-20,2013-07-26,Colombo,293,70.14,25.524285714285718,89.4157142857143,7
2013,30,2013-07-20,2013-07-26,Gampaha,97,70.14,25.524285714285718,89.4157142857143,7
2013,30,2013-07-20,2013-07-26,Kalutara,38,88.52999999999999,25.951428571428572,88.53571428571429,7
2013,30,2013-07-20,2013-07-26,Kandy,43,24.46,24.301428571428573,88.31285714285715,7
2013,30,2013-07-20,2013-07-26,Jaffna,7,2.2899999999999996,28.37428571428572,76.0457142857143,7
2013,31,2013-07-27,2013-08-02,Colombo,154,16.35,25.875714285714285,88.87857142857145,7
2013,31,2013-07-27,2013-08-02,Gampaha,83,16.35,25.875714285714285,88.87857142857145,7
2013,31,2013-07-27,2013-08-02,Kalutara,36,19.729999999999997,26.27285714285714,88.38857142857144,7
2013,31,2013-07-27,2013-08-02,Kandy,34,5.859999999999999,24.857142857142858,86.01714285714284,7
2013,31,2013-07-27,2013-08-02,Jaffna,11,0.33,28.978571428571428,73.69857142857143,7
2013,32,2013-08-03,2013-08-09,Colombo,180,27.169999999999998,25.25857142857143,89.33,7
2013,32,2013-08-03,2013-08-09,Gampaha,39,27.169999999999998,25.25857142857143,89.33,7
2013,32,2013-08-03,2013-08-09,Kalutara,37,27.97,25.609999999999996,88.78714285714285,7
2013,32,2013-08-03,2013-08-09,Kandy,42,28.779999999999998,24.275714285714287,87.49428571428572,7
2013,32,2013-08-03,2013-08-09,Jaffna,9,10.2,28.592857142857138,73.05714285714285,7
2013,33,2013-08-10,2013-08-16,Colombo,144,5.34,25.35571428571429,90.42714285714285,7
2013,33,2013-08-10,2013-08-16,Gampaha,69,5.34,25.35571428571429,90.42714285714285,7
2013,33,2013-08-10,2013-08-16,Kalutara,45,5.760000000000001,25.687142857142852,89.87714285714284,7
2013,33,2013-08-10,2013-08-16,Kandy,45,10.409999999999998,24.520000000000003,87.56142857142858,7
2013,33,2013-08-10,2013-08-16,Jaffna,7,27.06,28.087142857142858,79.24285714285715,7
2013,34,2013-08-17,2013-08-23,Colombo,219,6.28,25.785714285714285,86.97857142857144,7
2013,34,2013-08-17,2013-08-23,Gampaha,60,6.28,25.785714285714285,86.97857142857144,7
2013,34,2013-08-17,2013-08-23,Kalutara,15,8.76,26.107142857142858,86.92142857142858,7
2013,34,2013-08-17,2013-08-23,Kandy,36,1.7,25.101428571428567,83.17857142857143,7
2013,34,2013-08-17,2013-08-23,Jaffna,9,3.46,28.487142857142853,77.22428571428573,7
2013,35,2013-08-24,2013-08-30,Colombo,132,26.580000000000002,26.035714285714285,87.89428571428572,7
2013,35,2013-08-24,2013-08-30,Gampaha,85,26.580000000000002,26.035714285714285,87.89428571428572,7
2013,35,2013-08-24,2013-08-30,Kalutara,37,24.5,26.17142857142857,88.14142857142858,7
2013,35,2013-08-24,2013-08-30,Kandy,24,24.449999999999996,25.631428571428575,83.60142857142856,7
2013,35,2013-08-24,2013-08-30,Jaffna,4,11.0,28.905714285714286,75.53428571428572,7
2013,36,2013-08-31,2013-09-06,Colombo,109,44.940000000000005,25.56714285714285,87.52142857142859,7
2013,36,2013-08-31,2013-09-06,Gampaha,55,44.940000000000005,25.56714285714285,87.52142857142859,7
2013,36,2013-08-31,2013-09-06,Kalutara,41,50.25999999999999,25.830000000000002,87.05142857142857,7
2013,36,2013-08-31,2013-09-06,Kandy,30,38.34,24.79,84.44428571428571,7
2013,36,2013-08-31,2013-09-06,Jaffna,10,67.00999999999999,28.157142857142862,79.24428571428572,7
2013,37,2013-09-07,2013-09-13,Colombo,55,92.55000000000001,25.582857142857144,86.64714285714285,7
2013,37,2013-09-07,2013-09-13,Gampaha,53,92.55000000000001,25.582857142857144,86.64714285714285,7
2013,37,2013-09-07,2013-09-13,Kalutara,31,97.64,25.97,85.75857142857141,7
2013,37,2013-09-07,2013-09-13,Kandy,25,58.0,24.322857142857142,86.5442857142857,7
2013,37,2013-09-07,2013-09-13,Jaffna,10,40.61999999999999,27.81428571428571,78.82142857142857,7
2013,38,2013-09-14,2013-09-20,Colombo,131,51.92,25.964285714285715,88.53857142857143,7
2013,38,2013-09-14,2013-09-20,Gampaha,43,51.92,25.964285714285715,88.53857142857143,7
2013,38,2013-09-14,2013-09-20,Kalutara,26,68.66,26.207142857142856,88.64142857142858,7
2013,38,2013-09-14,2013-09-20,Kandy,20,19.549999999999997,25.02857142857143,85.94714285714285,7
2013,38,2013-09-14,2013-09-20,Jaffna,8,2.61,28.30142857142857,80.06285714285715,7
2013,39,2013-09-21,2013-09-27,Colombo,108,1.47,26.211428571428574,85.41428571428571,7
2013,39,2013-09-21,2013-09-27,Gampaha,50,1.47,26.211428571428574,85.41428571428571,7
2013,39,2013-09-21,2013-09-27,Kalutara,25,1.8000000000000003,26.524285714285714,84.75714285714285,7
2013,39,2013-09-21,2013-09-27,Kandy,16,0.13,25.428571428571427,82.71000000000001,7
2013,39,2013-09-21,2013-09-27,Jaffna,7,0.4,28.49857142857143,78.67428571428572,7
2013,40,2013-09-28,2013-10-04,Colombo,112,12.59,26.15857142857143,85.18999999999998,7
2013,40,2013-09-28,2013-10-04,Gampaha,40,12.59,26.15857142857143,85.18999999999998,7
2013,40,2013-09-28,2013-10-04,Kalutara,7,16.86,26.498571428571427,85.16857142857143,7
2013,40,2013-09-28,2013-10-04,Kandy,18,2.04,25.317142857142862,81.94571428571429,7
2013,40,2013-09-28,2013-10-04,Jaffna,5,0.69,28.475714285714282,76.95571428571428,7
2013,41,2013-10-05,2013-10-11,Colombo,57,26.99,26.034285714285716,85.11285714285714,7
2013,41,2013-10-05,2013-10-11,Gampaha,53,26.99,26.034285714285716,85.11285714285714,7
2013,41,2013-10-05,2013-10-11,Kalutara,14,32.230000000000004,26.319999999999997,85.45,7
2013,41,2013-10-05,2013-10-11,Kandy,7,6.069999999999999,25.127142857142854,81.28571428571429,7
2013,41,2013-10-05,2013-10-11,Jaffna,9,7.41,28.16857142857143,76.96857142857142,7
2013,42,2013-10-12,2013-10-18,Colombo,48,61.49,26.344285714285714,86.16857142857143,7
2013,42,2013-10-12,2013-10-18,Gampaha,40,61.49,26.344285714285714,86.16857142857143,7
2013,42,2013-10-12,2013-10-18,Kalutara,22,66.78,26.58285714285714,86.6042857142857,7
2013,42,2013-10-12,2013-10-18,Kandy,11,31.1,25.715714285714284,81.7,7
2013,42,2013-10-12,2013-10-18,Jaffna,9,16.08,28.544285714285717,76.90714285714286,7
2013,43,2013-10-19,2013-10-25,Colombo,164,89.84,25.788571428571426,87.93571428571428,7
2013,43,2013-10-19,2013-10-25,Gampaha,49,89.84,25.788571428571426,87.93571428571428,7
2013,43,2013-10-19,2013-10-25,Kalutara,22,90.30000000000001,26.215714285714284,86.65714285714284,7
2013,43,2013-10-19,2013-10-25,Kandy,17,58.06,24.662857142857142,86.53,7
2013,43,2013-10-19,2013-10-25,Jaffna,19,59.099999999999994,27.550000000000004,81.72571428571428,7
2013,44,2013-10-26,2013-11-01,Colombo,145,49.629999999999995,25.985714285714284,87.30857142857143,7
2013,44,2013-10-26,2013-11-01,Gampaha,59,49.629999999999995,25.985714285714284,87.30857142857143,7
2013,44,2013-10-26,2013-11-01,Kalutara,20,48.900000000000006,26.07571428571428,87.1857142857143,7
2013,44,2013-10-26,2013-11-01,Kandy,9,48.58,25.218571428571426,84.86428571428573,7
2013,44,2013-10-26,2013-11-01,Jaffna,10,19.12,28.104285714285716,78.63,7
2013,45,2013-11-02,2013-11-08,Colombo,177,52.08,26.54857142857143,79.44142857142856,7
2013,45,2013-11-02,2013-11-08,Gampaha,62,52.08,26.54857142857143,79.44142857142856,7
2013,45,2013-11-02,2013-11-08,Kalutara,23,70.63000000000001,26.66,79.92999999999999,7
2013,45,2013-11-02,2013-11-08,Kandy,25,33.94,24.49285714285714,85.52285714285715,7
2013,45,2013-11-02,2013-11-08,Jaffna,11,59.24999999999999,27.891428571428573,80.50285714285714,7
2013,46,2013-11-09,2013-11-15,Colombo,139,33.72,26.24857142857142,83.30714285714284,7
2013,46,2013-11-09,2013-11-15,Gampaha,44,33.72,26.24857142857142,83.30714285714284,7
2013,46,2013-11-09,2013-11-15,Kalutara,24,44.87,26.59714285714286,82.63142857142859,7
2013,46,2013-11-09,2013-11-15,Kandy,16,32.41,24.31714285714286,87.58142857142856,7
2013,46,2013-11-09,2013-11-15,Jaffna,7,41.239999999999995,27.59714285714286,78.52714285714286,7
2013,47,2013-11-16,2013-11-22,Colombo,123,47.87000000000001,26.40285714285714,80.71142857142856,7
2013,47,2013-11-16,2013-11-22,Gampaha,36,47.87000000000001,26.40285714285714,80.71142857142856,7
2013,47,2013-11-16,2013-11-22,Kalutara,34,40.169999999999995,26.509999999999998,81.96285714285715,7
2013,47,2013-11-16,2013-11-22,Kandy,17,54.08,24.432857142857138,85.28,7
2013,47,2013-11-16,2013-11-22,Jaffna,10,35.559999999999995,27.265714285714285,79.72142857142856,7
2013,48,2013-11-23,2013-11-29,Colombo,215,51.22,26.281428571428567,81.95142857142856,7
2013,48,2013-11-23,2013-11-29,Gampaha,110,51.22,26.281428571428567,81.95142857142856,7
2013,48,2013-11-23,2013-11-29,Kalutara,36,62.31,26.44142857142857,83.15571428571427,7
2013,48,2013-11-23,2013-11-29,Kandy,12,49.7,24.25,85.42,7
2013,48,2013-11-23,2013-11-29,Jaffna,12,19.400000000000002,27.138571428571428,78.60285714285715,7
2013,49,2013-11-30,2013-12-06,Colombo,254,62.45999999999999,25.557142857142857,85.68714285714285,7
2013,49,2013-11-30,2013-12-06,Gampaha,40,62.45999999999999,25.557142857142857,85.68714285714285,7
2013,49,2013-11-30,2013-12-06,Kalutara,37,65.78,26.164285714285715,84.06428571428572,7
2013,49,2013-11-30,2013-12-06,Kandy,9,92.16,23.307142857142857,92.12571428571428,7
2013,49,2013-11-30,2013-12-06,Jaffna,25,125.14,26.565714285714286,82.09,7
2013,50,2013-12-07,2013-12-13,Colombo,256,12.629999999999999,25.70571428571429,83.42285714285715,7
2013,50,2013-12-07,2013-12-13,Gampaha,44,12.629999999999999,25.70571428571429,83.42285714285715,7
2013,50,2013-12-07,2013-12-13,Kalutara,32,11.23,26.068571428571428,83.20142857142856,7
2013,50,2013-12-07,2013-12-13,Kandy,28,3.86,23.878571428571433,87.11571428571429,7
2013,50,2013-12-07,2013-12-13,Jaffna,26,29.99,26.387142857142862,79.80428571428571,7
2013,51,2013-12-14,2013-12-20,Colombo,249,24.570000000000004,25.444285714285712,84.83142857142857,7
2013,51,2013-12-14,2013-12-20,Gampaha,23,24.570000000000004,25.444285714285712,84.83142857142857,7
2013,51,2013-12-14,2013-12-20,Kalutara,49,32.2,25.85571428571429,85.21000000000001,7
2013,51,2013-12-14,2013-12-20,Kandy,18,30.049999999999997,23.277142857142856,89.99428571428572,7
2013,51,2013-12-14,2013-12-20,Jaffna,19,3.12,25.898571428571433,78.2757142857143,7
2013,52,2013-12-21,2013-12-27,Colombo,329,4.2299999999999995,25.042857142857144,81.64,7
2013,52,2013-12-21,2013-12-27,Gampaha,44,4.2299999999999995,25.042857142857144,81.64,7
2013,52,2013-12-21,2013-12-27,Kalutara,19,10.649999999999999,25.73857142857143,80.30428571428571,7
2013,52,2013-12-21,2013-12-27,Kandy,22,17.28,22.435714285714283,87.77714285714286,7
2013,52,2013-12-21,2013-12-27,Jaffna,34,1.11,25.881428571428568,74.87571428571428,7
2014,1,2013-12-28,2014-01-03,Colombo,244,2.83,24.939999999999998,81.06285714285715,7
2014,1,2013-12-28,2014-01-03,Gampaha,103,2.83,24.939999999999998,81.06285714285715,7
2014,1,2013-12-28,2014-01-03,Kalutara,48,3.6,25.69142857142857,80.05428571428571,7
2014,1,2013-12-28,2014-01-03,Kandy,16,3.59,22.434285714285714,87.61142857142859,7
2014,1,2013-12-28,2014-01-03,Jaffna,43,2.5300000000000002,25.847142857142853,73.49714285714286,7
2014,2,2014-01-04,2014-01-10,Colombo,193,27.819999999999997,25.30857142857143,84.03714285714285,7
2014,2,2014-01-04,2014-01-10,Gampaha,68,27.819999999999997,25.30857142857143,84.03714285714285,7
2014,2,2014-01-04,2014-01-10,Kalutara,55,28.270000000000003,25.705714285714286,83.34142857142857,7
2014,2,2014-01-04,2014-01-10,Kandy,19,28.069999999999997,23.292857142857144,88.99000000000001,7
2014,2,2014-01-04,2014-01-10,Jaffna,23,78.25999999999999,25.48428571428571,83.00571428571428,7
2014,3,2014-01-11,2014-01-17,Colombo,299,33.28,25.41857142857143,84.32142857142857,7
2014,3,2014-01-11,2014-01-17,Gampaha,87,33.28,25.41857142857143,84.32142857142857,7
2014,3,2014-01-11,2014-01-17,Kalutara,42,35.040000000000006,25.955714285714286,83.38571428571429,7
2014,3,2014-01-11,2014-01-17,Kandy,9,58.120000000000005,23.264285714285716,89.99285714285713,7
2014,3,2014-01-11,2014-01-17,Jaffna,10,12.6,25.695714285714285,79.77714285714285,7
2014,4,2014-01-18,2014-01-24,Colombo,200,0.18999999999999997,25.37142857142857,78.86428571428571,7
2014,4,2014-01-18,2014-01-24,Gampaha,81,0.18999999999999997,25.37142857142857,78.86428571428571,7
2014,4,2014-01-18,2014-01-24,Kalutara,49,0.26,26.037142857142857,77.57285714285716,7
2014,4,2014-01-18,2014-01-24,Kandy,13,1.8599999999999999,22.585714285714285,85.77999999999999,7
2014,4,2014-01-18,2014-01-24,Jaffna,31,1.09,25.805714285714284,76.56714285714285,7
2014,5,2014-01-25,2014-01-31,Colombo,142,12.69,25.225714285714286,78.42857142857143,7
2014,5,2014-01-25,2014-01-31,Gampaha,66,12.69,25.225714285714286,78.42857142857143,7
2014,5,2014-01-25,2014-01-31,Kalutara,16,19.299999999999997,25.762857142857143,78.91571428571429,7
2014,5,2014-01-25,2014-01-31,Kandy,11,25.95,22.874285714285715,84.10857142857142,7
2014,5,2014-01-25,2014-01-31,Jaffna,24,2.7399999999999998,25.89285714285714,75.08428571428571,7
2014,6,2014-02-01,2014-02-07,Colombo,118,2.87,25.088571428571424,74.48,7
2014,6,2014-02-01,2014-02-07,Gampaha,55,2.87,25.088571428571424,74.48,7
2014,6,2014-02-01,2014-02-07,Kalutara,35,3.96,25.53142857142857,75.73714285714286,7
2014,6,2014-02-01,2014-02-07,Kandy,7,2.4499999999999997,22.571428571428573,80.47285714285715,7
2014,6,2014-02-01,2014-02-07,Jaffna,15,5.7299999999999995,25.712857142857143,74.51142857142858,7
2014,7,2014-02-08,2014-02-14,Colombo,143,0.13,25.447142857142858,69.4157142857143,7
2014,7,2014-02-08,2014-02-14,Gampaha,52,0.13,25.447142857142858,69.4157142857143,7
2014,7,2014-02-08,2014-02-14,Kalutara,31,0.12000000000000001,25.41571428571428,73.40428571428572,7
2014,7,2014-02-08,2014-02-14,Kandy,13,0.02,23.38714285714286,71.40714285714286,7
2014,7,2014-02-08,2014-02-14,Jaffna,27,0.0,25.98142857142857,68.66857142857143,7
2014,8,2014-02-15,2014-02-21,Colombo,182,4.959999999999999,26.944285714285716,75.07000000000001,7
2014,8,2014-02-15,2014-02-21,Gampaha,64,4.959999999999999,26.944285714285716,75.07000000000001,7
2014,8,2014-02-15,2014-02-21,Kalutara,37,9.08,26.831428571428567,78.03,7
2014,8,2014-02-15,2014-02-21,Kandy,10,6.069999999999999,25.82857142857143,74.85714285714286,7
2014,8,2014-02-15,2014-02-21,Jaffna,25,2.49,27.115714285714283,75.05,7
2014,9,2014-02-22,2014-02-28,Colombo,136,16.29,27.407142857142855,72.68714285714286,7
2014,9,2014-02-22,2014-02-28,Gampaha,34,16.29,27.407142857142855,72.68714285714286,7
2014,9,2014-02-22,2014-02-28,Kalutara,19,18.720000000000002,27.18285714285714,76.58428571428571,7
2014,9,2014-02-22,2014-02-28,Kandy,8,26.52,25.545714285714286,76.58857142857141,7
2014,9,2014-02-22,2014-02-28,Jaffna,23,7.8100000000000005,27.228571428571428,74.33000000000001,7
2014,10,2014-03-01,2014-03-07,Colombo,144,40.18,27.26142857142857,73.13,7
2014,10,2014-03-01,2014-03-07,Gampaha,46,40.18,27.26142857142857,73.13,7
2014,10,2014-03-01,2014-03-07,Kalutara,32,41.120000000000005,27.06,77.46142857142857,7
2014,10,2014-03-01,2014-03-07,Kandy,4,21.39,25.464285714285715,75.0942857142857,7
2014,10,2014-03-01,2014-03-07,Jaffna,4,0.53,27.68142857142857,72.90285714285714,7
2014,11,2014-03-08,2014-03-14,Colombo,69,1.1300000000000001,27.251428571428573,69.28857142857144,7
2014,11,2014-03-08,2014-03-14,Gampaha,34,1.1300000000000001,27.251428571428573,69.28857142857144,7
2014,11,2014-03-08,2014-03-14,Kalutara,23,1.27,27.187142857142856,71.80714285714285,7
2014,11,2014-03-08,2014-03-14,Kandy,13,2.8200000000000003,25.172857142857143,72.10428571428572,7
2014,11,2014-03-08,2014-03-14,Jaffna,12,0.8600000000000001,27.767142857142858,70.5657142857143,7
2014,12,2014-03-15,2014-03-21,Colombo,128,20.03,27.614285714285717,72.76142857142858,7
2014,12,2014-03-15,2014-03-21,Gampaha,43,20.03,27.614285714285717,72.76142857142858,7
2014,12,2014-03-15,2014-03-21,Kalutara,22,32.16,27.247142857142855,76.98285714285714,7
2014,12,2014-03-15,2014-03-21,Kandy,9,9.57,26.655714285714286,71.30999999999999,7
2014,12,2014-03-15,2014-03-21,Jaffna,14,0.6300000000000001,28.377142857142854,73.24000000000001,7
2014,13,2014-03-22,2014-03-28,Colombo,60,9.83,28.14428571428572,70.30857142857143,7
2014,13,2014-03-22,2014-03-28,Gampaha,8,9.83,28.14428571428572,70.30857142857143,7
2014,13,2014-03-22,2014-03-28,Kalutara,18,13.21,27.654285714285717,75.85142857142857,7
2014,13,2014-03-22,2014-03-28,Kandy,9,1.8399999999999999,27.06714285714285,67.61,7
2014,13,2014-03-22,2014-03-28,Jaffna,7,0.06,28.918571428571433,68.0342857142857,7
2014,14,2014-03-29,2014-04-04,Colombo,71,15.67,28.098571428571425,73.94285714285715,7
2014,14,2014-03-29,2014-04-04,Gampaha,47,15.67,28.098571428571425,73.94285714285715,7
2014,14,2014-03-29,2014-04-04,Kalutara,18,20.25,27.51714285714286,78.71142857142857,7
2014,14,2014-03-29,2014-04-04,Kandy,8,3.5100000000000002,28.337142857142858,60.22714285714286,7
2014,14,2014-03-29,2014-04-04,Jaffna,16,0.16999999999999998,29.84428571428571,64.38714285714285,7
2014,15,2014-04-05,2014-04-11,Colombo,52,62.849999999999994,27.485714285714284,79.39428571428572,7
2014,15,2014-04-05,2014-04-11,Gampaha,16,62.849999999999994,27.485714285714284,79.39428571428572,7
2014,15,2014-04-05,2014-04-11,Kalutara,12,45.31,27.345714285714287,81.77999999999999,7
2014,15,2014-04-05,2014-04-11,Kandy,6,45.650000000000006,27.35571428571429,72.59714285714286,7
2014,15,2014-04-05,2014-04-11,Jaffna,7,7.17,30.064285714285713,70.6542857142857,7
2014,16,2014-04-12,2014-04-18,Colombo,42,31.389999999999997,27.437142857142856,81.22285714285714,7
2014,16,2014-04-12,2014-04-18,Gampaha,12,31.389999999999997,27.437142857142856,81.22285714285714,7
2014,16,2014-04-12,2014-04-18,Kalutara,9,34.82,27.35857142857143,83.68000000000002,7
2014,16,2014-04-12,2014-04-18,Kandy,3,23.200000000000003,27.705714285714286,71.67714285714284,7
2014,16,2014-04-12,2014-04-18,Jaffna,6,6.77,30.33285714285714,68.38428571428572,7
2014,17,2014-04-19,2014-04-25,Colombo,159,64.05000000000001,27.37714285714286,84.90714285714286,7
2014,17,2014-04-19,2014-04-25,Gampaha,29,64.05000000000001,27.37714285714286,84.90714285714286,7
2014,17,2014-04-19,2014-04-25,Kalutara,47,63.61,27.367142857142856,86.23142857142857,7
2014,17,2014-04-19,2014-04-25,Kandy,17,37.599999999999994,27.618571428571425,76.14571428571428,7
2014,17,2014-04-19,2014-04-25,Jaffna,15,5.57,30.104285714285716,71.85857142857142,7
2014,18,2014-04-26,2014-05-02,Colombo,115,105.94999999999999,27.108571428571427,85.04285714285716,7
2014,18,2014-04-26,2014-05-02,Gampaha,84,105.94999999999999,27.108571428571427,85.04285714285716,7
2014,18,2014-04-26,2014-05-02,Kalutara,21,80.1,27.25857142857143,84.5942857142857,7
2014,18,2014-04-26,2014-05-02,Kandy,11,99.07,26.974285714285717,80.13428571428572,7
2014,18,2014-04-26,2014-05-02,Jaffna,12,31.84,29.97142857142857,73.23428571428572,7
2014,19,2014-05-03,2014-05-09,Colombo,146,92.65,26.75857142857143,88.18428571428572,7
2014,19,2014-05-03,2014-05-09,Gampaha,31,92.65,26.75857142857143,88.18428571428572,7
2014,19,2014-05-03,2014-05-09,Kalutara,21,95.65,26.98428571428571,87.73428571428573,7
2014,19,2014-05-03,2014-05-09,Kandy,5,105.82999999999998,25.494285714285716,88.44000000000001,7
2014,19,2014-05-03,2014-05-09,Jaffna,11,101.25,28.751428571428573,81.74714285714286,7
2014,20,2014-05-10,2014-05-16,Colombo,154,16.45,27.412857142857142,86.20142857142856,7
2014,20,2014-05-10,2014-05-16,Gampaha,35,16.45,27.412857142857142,86.20142857142856,7
2014,20,2014-05-10,2014-05-16,Kalutara,25,16.64,27.657142857142855,85.26428571428572,7
2014,20,2014-05-10,2014-05-16,Kandy,4,10.059999999999999,26.148571428571426,86.39857142857143,7
2014,20,2014-05-10,2014-05-16,Jaffna,16,3.16,29.654285714285717,81.44714285714285,7
2014,21,2014-05-17,2014-05-23,Colombo,329,11.91,27.439999999999994,84.00714285714285,7
2014,21,2014-05-17,2014-05-23,Gampaha,113,11.91,27.439999999999994,84.00714285714285,7
2014,21,2014-05-17,2014-05-23,Kalutara,37,20.38,27.761428571428574,83.3457142857143,7
2014,21,2014-05-17,2014-05-23,Kandy,34,5.16,25.981428571428573,85.11428571428573,7
2014,21,2014-05-17,2014-05-23,Jaffna,7,1.92,29.667142857142856,79.66714285714286,7
2014,22,2014-05-24,2014-05-30,Colombo,442,26.22,27.33142857142857,87.27285714285713,7
2014,22,2014-05-24,2014-05-30,Gampaha,167,26.22,27.33142857142857,87.27285714285713,7
2014,22,2014-05-24,2014-05-30,Kalutara,101,31.029999999999994,27.532857142857143,86.77857142857144,7
2014,22,2014-05-24,2014-05-30,Kandy,44,17.43,26.274285714285718,85.54714285714284,7
2014,22,2014-05-24,2014-05-30,Jaffna,19,3.63,29.542857142857144,81.81714285714285,7
2014,23,2014-05-31,2014-06-06,Colombo,464,90.56,27.22,86.77142857142857,7
2014,23,2014-05-31,2014-06-06,Gampaha,36,90.56,27.22,86.77142857142857,7
2014,23,2014-05-31,2014-06-06,Kalutara,37,116.38,27.44,86.34857142857143,7
2014,23,2014-05-31,2014-06-06,Kandy,42,19.9,26.09,85.96571428571428,7
2014,23,2014-05-31,2014-06-06,Jaffna,16,5.46,29.607142857142858,80.4042857142857,7
2014,24,2014-06-07,2014-06-13,Colombo,381,49.370000000000005,26.904285714285713,87.25714285714287,7
2014,24,2014-06-07,2014-06-13,Gampaha,98,49.370000000000005,26.904285714285713,87.25714285714287,7
2014,24,2014-06-07,2014-06-13,Kalutara,70,59.160000000000004,27.212857142857143,86.84428571428573,7
2014,24,2014-06-07,2014-06-13,Kandy,35,21.189999999999998,25.818571428571428,85.67571428571429,7
2014,24,2014-06-07,2014-06-13,Jaffna,17,0.81,29.932857142857138,76.18142857142857,7
2014,25,2014-06-14,2014-06-20,Colombo,443,8.85,26.922857142857143,89.96000000000001,7
2014,25,2014-06-14,2014-06-20,Gampaha,193,8.85,26.922857142857143,89.96000000000001,7
2014,25,2014-06-14,2014-06-20,Kalutara,101,14.41,27.23,89.5442857142857,7
2014,25,2014-06-14,2014-06-20,Kandy,75,3.23,26.092857142857145,85.62285714285714,7
2014,25,2014-06-14,2014-06-20,Jaffna,26,1.4600000000000002,29.947142857142858,76.4342857142857,7
2014,26,2014-06-21,2014-06-27,Colombo,491,7.25,26.847142857142853,87.30285714285712,7
2014,26,2014-06-21,2014-06-27,Gampaha,296,7.25,26.847142857142853,87.30285714285712,7
2014,26,2014-06-21,2014-06-27,Kalutara,97,10.179999999999998,27.13285714285714,87.44142857142856,7
2014,26,2014-06-21,2014-06-27,Kandy,39,2.0700000000000003,26.175714285714285,82.32571428571428,7
2014,26,2014-06-21,2014-06-27,Jaffna,22,1.1000000000000003,29.562857142857144,77.1542857142857,7
2014,27,2014-06-28,2014-07-04,Colombo,426,31.56,26.807142857142857,86.83714285714287,7
2014,27,2014-06-28,2014-07-04,Gampaha,114,31.56,26.807142857142857,86.83714285714287,7
2014,27,2014-06-28,2014-07-04,Kalutara,93,35.2,27.03142857142857,86.69285714285715,7
2014,27,2014-06-28,2014-07-04,Kandy,37,10.51,26.184285714285718,82.28285714285713,7
2014,27,2014-06-28,2014-07-04,Jaffna,52,2.4499999999999997,29.291428571428575,77.47571428571429,7
2014,28,2014-07-05,2014-07-11,Colombo,440,23.169999999999998,26.21,88.33571428571427,7
2014,28,2014-07-05,2014-07-11,Gampaha,205,23.169999999999998,26.21,88.33571428571427,7
2014,28,2014-07-05,2014-07-11,Kalutara,78,24.86,26.525714285714287,88.00571428571428,7
2014,28,2014-07-05,2014-07-11,Kandy,49,10.16,25.630000000000003,82.51,7
2014,28,2014-07-05,2014-07-11,Jaffna,29,4.33,29.59714285714286,72.21142857142857,7
2014,29,2014-07-12,2014-07-18,Colombo,371,9.440000000000001,26.34714285714286,87.75285714285714,7
2014,29,2014-07-12,2014-07-18,Gampaha,91,9.440000000000001,26.34714285714286,87.75285714285714,7
2014,29,2014-07-12,2014-07-18,Kalutara,84,11.53,26.599999999999998,88.17,7
2014,29,2014-07-12,2014-07-18,Kandy,63,3.6400000000000006,25.82428571428571,81.95142857142856,7
2014,29,2014-07-12,2014-07-18,Jaffna,33,0.7,29.488571428571426,74.0842857142857,7
2014,30,2014-07-19,2014-07-25,Colombo,203,4.34,26.43142857142857,87.39714285714285,7
2014,30,2014-07-19,2014-07-25,Gampaha,102,4.34,26.43142857142857,87.39714285714285,7
2014,30,2014-07-19,2014-07-25,Kalutara,66,5.779999999999999,26.657142857142855,87.91428571428573,7
2014,30,2014-07-19,2014-07-25,Kandy,48,2.2399999999999998,25.999999999999996,80.67857142857143,7
2014,30,2014-07-19,2014-07-25,Jaffna,19,0.16999999999999998,29.587142857142858,72.61142857142858,7
2014,31,2014-07-26,2014-08-01,Colombo,209,34.790000000000006,26.454285714285714,87.14714285714285,7
2014,31,2014-07-26,2014-08-01,Gampaha,80,34.790000000000006,26.454285714285714,87.14714285714285,7
2014,31,2014-07-26,2014-08-01,Kalutara,42,45.57,26.552857142857142,88.14857142857143,7
2014,31,2014-07-26,2014-08-01,Kandy,36,13.05,26.07,80.7642857142857,7
2014,31,2014-07-26,2014-08-01,Jaffna,25,1.2,29.46571428571428,73.57142857142857,7
2014,32,2014-08-02,2014-08-08,Colombo,246,60.489999999999995,26.02571428571429,87.05,7
2014,32,2014-08-02,2014-08-08,Gampaha,54,60.489999999999995,26.02571428571429,87.05,7
2014,32,2014-08-02,2014-08-08,Kalutara,53,85.13000000000001,26.20285714285714,87.73142857142857,7
2014,32,2014-08-02,2014-08-08,Kandy,55,32.24,25.437142857142856,81.91714285714285,7
2014,32,2014-08-02,2014-08-08,Jaffna,29,6.01,29.225714285714286,73.34857142857143,7
2014,33,2014-08-09,2014-08-15,Colombo,184,22.709999999999997,25.715714285714284,85.48,7
2014,33,2014-08-09,2014-08-15,Gampaha,67,22.709999999999997,25.715714285714284,85.48,7
2014,33,2014-08-09,2014-08-15,Kalutara,38,33.4,25.919999999999998,85.93714285714286,7
2014,33,2014-08-09,2014-08-15,Kandy,50,6.11,25.28714285714286,79.48714285714287,7
2014,33,2014-08-09,2014-08-15,Jaffna,28,3.66,28.479999999999997,75.34,7
2014,34,2014-08-16,2014-08-22,Colombo,161,88.72,25.724285714285713,87.81285714285715,7
2014,34,2014-08-16,2014-08-22,Gampaha,146,88.72,25.724285714285713,87.81285714285715,7
2014,34,2014-08-16,2014-08-22,Kalutara,43,127.24000000000001,26.03,87.29428571428572,7
2014,34,2014-08-16,2014-08-22,Kandy,48,50.83,25.01142857142857,83.83,7
2014,34,2014-08-16,2014-08-22,Jaffna,27,60.96,28.05,79.66,7
2014,35,2014-08-23,2014-08-29,Colombo,120,15.080000000000002,26.048571428571428,85.78142857142858,7
2014,35,2014-08-23,2014-08-29,Gampaha,86,15.080000000000002,26.048571428571428,85.78142857142858,7
2014,35,2014-08-23,2014-08-29,Kalutara,42,13.72,26.237142857142857,85.97857142857141,7
2014,35,2014-08-23,2014-08-29,Kandy,54,10.419999999999998,25.511428571428574,79.83714285714287,7
2014,35,2014-08-23,2014-08-29,Jaffna,14,10.049999999999999,28.38,78.28,7
2014,36,2014-08-30,2014-09-05,Colombo,110,34.6,26.205714285714286,87.34,7
2014,36,2014-08-30,2014-09-05,Gampaha,68,34.6,26.205714285714286,87.34,7
2014,36,2014-08-30,2014-09-05,Kalutara,37,35.849999999999994,26.475714285714286,87.14999999999999,7
2014,36,2014-08-30,2014-09-05,Kandy,40,20.39,25.457142857142856,82.92714285714285,7
2014,36,2014-08-30,2014-09-05,Jaffna,28,8.12,28.264285714285712,79.66428571428571,7
2014,37,2014-09-06,2014-09-12,Colombo,147,35.43,26.232857142857146,84.56714285714285,7
2014,37,2014-09-06,2014-09-12,Gampaha,78,35.43,26.232857142857146,84.56714285714285,7
2014,37,2014-09-06,2014-09-12,Kalutara,30,49.010000000000005,26.42571428571428,84.98142857142857,7
2014,37,2014-09-06,2014-09-12,Kandy,46,10.32,25.677142857142858,79.30571428571429,7
2014,37,2014-09-06,2014-09-12,Jaffna,27,6.1000000000000005,28.59428571428571,76.5657142857143,7
2014,38,2014-09-13,2014-09-19,Colombo,158,40.35,26.287142857142857,86.30714285714285,7
2014,38,2014-09-13,2014-09-19,Gampaha,67,40.35,26.287142857142857,86.30714285714285,7
2014,38,2014-09-13,2014-09-19,Kalutara,29,55.489999999999995,26.398571428571426,87.00857142857141,7
2014,38,2014-09-13,2014-09-19,Kandy,36,13.56,25.655714285714286,81.39,7
2014,38,2014-09-13,2014-09-19,Jaffna,19,2.04,28.752857142857145,77.77285714285713,7
2014,39,2014-09-20,2014-09-26,Colombo,158,47.66,26.437142857142856,85.93714285714285,7
2014,39,2014-09-20,2014-09-26,Gampaha,85,47.66,26.437142857142856,85.93714285714285,7
2014,39,2014-09-20,2014-09-26,Kalutara,34,51.75,26.547142857142855,86.85714285714285,7
2014,39,2014-09-20,2014-09-26,Kandy,40,42.71,26.40714285714285,79.15285714285714,7
2014,39,2014-09-20,2014-09-26,Jaffna,18,14.39,28.958571428571428,77.27571428571427,7
2014,40,2014-09-27,2014-10-03,Colombo,149,119.49,26.2,86.77428571428572,7
2014,40,2014-09-27,2014-10-03,Gampaha,115,119.49,26.2,86.77428571428572,7
2014,40,2014-09-27,2014-10-03,Kalutara,27,124.3,26.369999999999997,87.49714285714286,7
2014,40,2014-09-27,2014-10-03,Kandy,39,104.21,25.425714285714285,85.16714285714284,7
2014,40,2014-09-27,2014-10-03,Jaffna,29,57.27,28.357142857142858,77.06142857142858,7
2014,41,2014-10-04,2014-10-10,Colombo,156,69.30000000000001,26.174285714285713,87.73714285714286,7
2014,41,2014-10-04,2014-10-10,Gampaha,97,69.30000000000001,26.174285714285713,87.73714285714286,7
2014,41,2014-10-04,2014-10-10,Kalutara,29,78.63000000000001,26.487142857142857,87.53714285714285,7
2014,41,2014-10-04,2014-10-10,Kandy,48,36.34,24.842857142857138,88.33285714285716,7
2014,41,2014-10-04,2014-10-10,Jaffna,35,20.28,28.76857142857143,79.49000000000001,7
2014,42,2014-10-11,2014-10-17,Colombo,176,93.31,26.448571428571427,87.58428571428571,7
2014,42,2014-10-11,2014-10-17,Gampaha,119,93.31,26.448571428571427,87.58428571428571,7
2014,42,2014-10-11,2014-10-17,Kalutara,36,105.87,26.62,87.50571428571429,7
2014,42,2014-10-11,2014-10-17,Kandy,60,63.05,25.314285714285713,86.68714285714285,7
2014,42,2014-10-11,2014-10-17,Jaffna,50,39.53,28.312857142857144,79.80142857142856,7
2014,43,2014-10-18,2014-10-24,Colombo,211,124.49999999999999,25.577142857142857,86.73571428571428,7
2014,43,2014-10-18,2014-10-24,Gampaha,119,124.49999999999999,25.577142857142857,86.73571428571428,7
2014,43,2014-10-18,2014-10-24,Kalutara,32,134.69,25.91428571428571,86.00999999999999,7
2014,43,2014-10-18,2014-10-24,Kandy,68,136.12,24.40857142857143,89.00142857142858,7
2014,43,2014-10-18,2014-10-24,Jaffna,33,132.28,27.178571428571434,82.83857142857143,7
2014,44,2014-10-25,2014-10-31,Colombo,175,117.62,25.87142857142857,87.38428571428572,7
2014,44,2014-10-25,2014-10-31,Gampaha,31,117.62,25.87142857142857,87.38428571428572,7
2014,44,2014-10-25,2014-10-31,Kalutara,23,110.17000000000002,26.038571428571426,87.47,7
2014,44,2014-10-25,2014-10-31,Kandy,48,102.33999999999999,24.701428571428572,88.33,7
2014,44,2014-10-25,2014-10-31,Jaffna,65,58.47,27.788571428571426,82.14857142857143,7
2014,45,2014-11-01,2014-11-07,Colombo,296,58.86,25.54714285714286,84.4742857142857,7
2014,45,2014-11-01,2014-11-07,Gampaha,179,58.86,25.54714285714286,84.4742857142857,7
2014,45,2014-11-01,2014-11-07,Kalutara,46,69.53,25.91857142857143,84.73285714285713,7
2014,45,2014-11-01,2014-11-07,Kandy,72,41.24,23.595714285714283,87.89999999999999,7
2014,45,2014-11-01,2014-11-07,Jaffna,48,47.29999999999999,27.177142857142854,76.61142857142859,7
2014,46,2014-11-08,2014-11-14,Colombo,343,34.64,26.502857142857145,81.8142857142857,7
2014,46,2014-11-08,2014-11-14,Gampaha,126,34.64,26.502857142857145,81.8142857142857,7
2014,46,2014-11-08,2014-11-14,Kalutara,40,32.33,26.59714285714286,83.49571428571429,7
2014,46,2014-11-08,2014-11-14,Kandy,114,30.1,24.677142857142854,86.06142857142858,7
2014,46,2014-11-08,2014-11-14,Jaffna,80,44.709999999999994,27.72142857142857,79.8157142857143,7
2014,47,2014-11-15,2014-11-21,Colombo,301,65.4,26.052857142857142,85.1842857142857,7
2014,47,2014-11-15,2014-11-21,Gampaha,123,65.4,26.052857142857142,85.1842857142857,7
2014,47,2014-11-15,2014-11-21,Kalutara,39,80.89,26.504285714285714,81.74571428571429,7
2014,47,2014-11-15,2014-11-21,Kandy,118,95.21000000000001,24.084285714285716,92.41999999999999,7
2014,47,2014-11-15,2014-11-21,Jaffna,83,135.38,27.555714285714288,82.66428571428571,7
2014,48,2014-11-22,2014-11-28,Colombo,428,97.25999999999999,25.447142857142858,87.58285714285715,7
2014,48,2014-11-22,2014-11-28,Gampaha,150,97.25999999999999,25.447142857142858,87.58285714285715,7
2014,48,2014-11-22,2014-11-28,Kalutara,40,107.11,25.78714285714286,87.35857142857142,7
2014,48,2014-11-22,2014-11-28,Kandy,60,137.76,23.548571428571428,93.07857142857144,7
2014,48,2014-11-22,2014-11-28,Jaffna,100,140.69,26.677142857142858,83.96142857142857,7
2014,49,2014-11-29,2014-12-05,Colombo,320,61.58,25.51571428571429,86.81999999999998,7
2014,49,2014-11-29,2014-12-05,Gampaha,117,61.58,25.51571428571429,86.81999999999998,7
2014,49,2014-11-29,2014-12-05,Kalutara,36,50.83,25.990000000000002,85.59714285714286,7
2014,49,2014-11-29,2014-12-05,Kandy,114,73.10000000000002,23.442857142857143,93.09142857142858,7
2014,49,2014-11-29,2014-12-05,Jaffna,93,74.17,26.335714285714285,84.60571428571428,7
2014,50,2014-12-06,2014-12-12,Colombo,326,71.31,25.992857142857144,85.97857142857143,7
2014,50,2014-12-06,2014-12-12,Gampaha,68,71.31,25.992857142857144,85.97857142857143,7
2014,50,2014-12-06,2014-12-12,Kalutara,60,77.58,26.185714285714287,86.2042857142857,7
2014,50,2014-12-06,2014-12-12,Kandy,73,81.13,23.878571428571433,92.03857142857143,7
2014,50,2014-12-06,2014-12-12,Jaffna,114,25.840000000000003,26.004285714285714,88.23857142857143,7
2014,51,2014-12-13,2014-12-19,Colombo,344,66.94,26.118571428571425,85.66,7
2014,51,2014-12-13,2014-12-19,Gampaha,83,66.94,26.118571428571425,85.66,7
2014,51,2014-12-13,2014-12-19,Kalutara,39,72.89,26.48857142857143,84.16999999999999,7
2014,51,2014-12-13,2014-12-19,Kandy,60,105.77000000000001,23.998571428571427,92.61999999999999,7
2014,51,2014-12-13,2014-12-19,Jaffna,104,84.12,26.658571428571424,86.29285714285713,7
2014,52,2014-12-20,2014-12-26,Colombo,311,169.0,25.119999999999997,90.54285714285716,7
2014,52,2014-12-20,2014-12-26,Gampaha,160,169.0,25.119999999999997,90.54285714285716,7
2014,52,2014-12-20,2014-12-26,Kalutara,31,146.41,25.534285714285716,89.82142857142857,7
2014,52,2014-12-20,2014-12-26,Kandy,94,386.0,23.37142857142857,95.30142857142857,7
2014,52,2014-12-20,2014-12-26,Jaffna,105,76.42999999999999,25.99142857142857,85.30285714285716,7
2015,1,2014-12-27,2015-01-02,Colombo,259,27.809999999999995,25.240000000000002,86.78714285714287,7
2015,1,2014-12-27,2015-01-02,Gampaha,73,27.809999999999995,25.240000000000002,86.78714285714287,7
2015,1,2014-12-27,2015-01-02,Kalutara,79,16.16,25.708571428571428,85.71571428571428,7
2015,1,2014-12-27,2015-01-02,Kandy,37,63.68999999999999,23.580000000000002,91.62857142857142,7
2015,1,2014-12-27,2015-01-02,Jaffna,152,57.36000000000001,25.641428571428573,86.64571428571428,7
2015,2,2015-01-03,2015-01-09,Colombo,194,4.66,25.505714285714284,80.25285714285714,7
2015,2,2015-01-03,2015-01-09,Gampaha,50,4.66,25.505714285714284,80.25285714285714,7
2015,2,2015-01-03,2015-01-09,Kalutara,33,6.369999999999999,26.157142857142855,78.11571428571429,7
2015,2,2015-01-03,2015-01-09,Kandy,20,3.25,23.108571428571427,88.62571428571427,7
2015,2,2015-01-03,2015-01-09,Jaffna,114,0.36000000000000004,25.940000000000005,81.46428571428571,7
2015,3,2015-01-10,2015-01-16,Colombo,302,0.14,24.318571428571428,80.97857142857143,7
2015,3,2015-01-10,2015-01-16,Gampaha,45,0.14,24.318571428571428,80.97857142857143,7
2015,3,2015-01-10,2015-01-16,Kalutara,47,0.30000000000000004,25.252857142857145,77.80285714285715,7
2015,3,2015-01-10,2015-01-16,Kandy,43,0.02,21.67142857142857,88.31571428571428,7
2015,3,2015-01-10,2015-01-16,Jaffna,119,0.06,25.52857142857143,73.68714285714285,7
2015,4,2015-01-17,2015-01-23,Colombo,439,1.18,24.854285714285712,81.89142857142858,7
2015,4,2015-01-17,2015-01-23,Gampaha,37,1.18,24.854285714285712,81.89142857142858,7
2015,4,2015-01-17,2015-01-23,Kalutara,64,1.8200000000000003,25.718571428571433,78.95857142857143,7
2015,4,2015-01-17,2015-01-23,Kandy,65,0.29000000000000004,22.382857142857144,89.63428571428572,7
2015,4,2015-01-17,2015-01-23,Jaffna,111,0.52,25.509999999999998,80.26142857142857,7
2015,5,2015-01-24,2015-01-30,Colombo,410,19.860000000000003,25.50714285714286,83.09142857142857,7
2015,5,2015-01-24,2015-01-30,Gampaha,46,19.860000000000003,25.50714285714286,83.09142857142857,7
2015,5,2015-01-24,2015-01-30,Kalutara,29,35.25,26.082857142857144,80.73428571428572,7
2015,5,2015-01-24,2015-01-30,Kandy,42,7.82,23.115714285714287,89.52000000000001,7
2015,5,2015-01-24,2015-01-30,Jaffna,56,1.03,25.88857142857143,79.27857142857142,7
2015,6,2015-01-31,2015-02-06,Colombo,299,33.06,25.32714285714286,84.70142857142856,7
2015,6,2015-01-31,2015-02-06,Gampaha,74,33.06,25.32714285714286,84.70142857142856,7
2015,6,2015-01-31,2015-02-06,Kalutara,38,47.82,26.025714285714283,82.74285714285715,7
2015,6,2015-01-31,2015-02-06,Kandy,28,49.65,23.26285714285714,90.32428571428572,7
2015,6,2015-01-31,2015-02-06,Jaffna,53,19.909999999999997,25.91714285714286,79.30857142857143,7
2015,7,2015-02-07,2015-02-13,Colombo,298,40.28,25.744285714285716,84.0757142857143,7
2015,7,2015-02-07,2015-02-13,Gampaha,75,40.28,25.744285714285716,84.0757142857143,7
2015,7,2015-02-07,2015-02-13,Kalutara,28,50.129999999999995,26.177142857142858,83.06714285714285,7
2015,7,2015-02-07,2015-02-13,Kandy,52,41.599999999999994,23.641428571428573,90.21285714285713,7
2015,7,2015-02-07,2015-02-13,Jaffna,60,15.180000000000001,26.23142857142857,81.18857142857144,7
2015,8,2015-02-14,2015-02-20,Colombo,142,1.4400000000000002,24.859999999999996,73.34857142857143,7
2015,8,2015-02-14,2015-02-20,Gampaha,61,1.4400000000000002,24.859999999999996,73.34857142857143,7
2015,8,2015-02-14,2015-02-20,Kalutara,37,5.780000000000001,25.668571428571425,71.82142857142857,7
2015,8,2015-02-14,2015-02-20,Kandy,21,1.05,21.897142857142857,83.46428571428571,7
2015,8,2015-02-14,2015-02-20,Jaffna,53,0.0,26.049999999999994,70.23142857142857,7
2015,9,2015-02-21,2015-02-27,Colombo,192,31.96,25.82714285714286,82.52142857142859,7
2015,9,2015-02-21,2015-02-27,Gampaha,24,31.96,25.82714285714286,82.52142857142859,7
2015,9,2015-02-21,2015-02-27,Kalutara,41,39.93,26.27142857142857,81.57142857142857,7
2015,9,2015-02-21,2015-02-27,Kandy,5,53.26,23.908571428571427,88.70285714285716,7
2015,9,2015-02-21,2015-02-27,Jaffna,41,16.03,26.824285714285715,77.39714285714285,7
2015,10,2015-02-28,2015-03-06,Colombo,123,37.09,26.90285714285714,80.07000000000001,7
2015,10,2015-02-28,2015-03-06,Gampaha,26,37.09,26.90285714285714,80.07000000000001,7
2015,10,2015-02-28,2015-03-06,Kalutara,26,48.059999999999995,26.991428571428575,80.90571428571427,7
2015,10,2015-02-28,2015-03-06,Kandy,6,29.51,24.874285714285715,85.32428571428571,7
2015,10,2015-02-28,2015-03-06,Jaffna,29,3.5599999999999996,27.757142857142856,77.28285714285714,7
2015,11,2015-03-07,2015-03-13,Colombo,124,28.59,26.738571428571426,75.91285714285713,7
2015,11,2015-03-07,2015-03-13,Gampaha,58,28.59,26.738571428571426,75.91285714285713,7
2015,11,2015-03-07,2015-03-13,Kalutara,39,42.15,27.015714285714285,76.82857142857142,7
2015,11,2015-03-07,2015-03-13,Kandy,1,16.490000000000002,23.90428571428572,85.87142857142855,7
2015,11,2015-03-07,2015-03-13,Jaffna,32,1.26,27.698571428571427,74.70857142857143,7
2015,12,2015-03-14,2015-03-20,Colombo,102,22.4,27.055714285714284,75.06857142857143,7
2015,12,2015-03-14,2015-03-20,Gampaha,42,22.4,27.055714285714284,75.06857142857143,7
2015,12,2015-03-14,2015-03-20,Kalutara,16,32.85,26.982857142857142,79.16857142857144,7
2015,12,2015-03-14,2015-03-20,Kandy,5,6.19,24.315714285714286,81.8157142857143,7
2015,12,2015-03-14,2015-03-20,Jaffna,32,17.29,27.815714285714286,74.05142857142857,7
2015,13,2015-03-21,2015-03-27,Colombo,80,19.69,27.465714285714288,72.59714285714287,7
2015,13,2015-03-21,2015-03-27,Gampaha,10,19.69,27.465714285714288,72.59714285714287,7
2015,13,2015-03-21,2015-03-27,Kalutara,17,36.080000000000005,27.25857142857143,75.47714285714287,7
2015,13,2015-03-21,2015-03-27,Kandy,2,7.779999999999999,24.397142857142857,80.48714285714287,7
2015,13,2015-03-21,2015-03-27,Jaffna,17,6.819999999999999,28.435714285714287,72.73285714285714,7
2015,14,2015-03-28,2015-04-03,Colombo,63,61.81,27.48,80.68142857142857,7
2015,14,2015-03-28,2015-04-03,Gampaha,64,61.81,27.48,80.68142857142857,7
2015,14,2015-03-28,2015-04-03,Kalutara,11,59.71,27.41428571428571,82.15428571428572,7
2015,14,2015-03-28,2015-04-03,Kandy,7,63.98,25.821428571428573,84.78571428571429,7
2015,14,2015-03-28,2015-04-03,Jaffna,13,19.689999999999998,28.854285714285712,77.33714285714287,7
2015,15,2015-04-04,2015-04-10,Colombo,54,45.04,27.39428571428571,83.00428571428571,7
2015,15,2015-04-04,2015-04-10,Gampaha,16,45.04,27.39428571428571,83.00428571428571,7
2015,15,2015-04-04,2015-04-10,Kalutara,12,54.81,27.368571428571425,84.19714285714285,7
2015,15,2015-04-04,2015-04-10,Kandy,0,27.200000000000003,26.13714285714286,82.94428571428571,7
2015,15,2015-04-04,2015-04-10,Jaffna,5,5.76,29.55142857142857,75.07142857142857,7
2015,16,2015-04-11,2015-04-17,Colombo,56,73.4,27.318571428571428,80.57000000000001,7
2015,16,2015-04-11,2015-04-17,Gampaha,28,73.4,27.318571428571428,80.57000000000001,7
2015,16,2015-04-11,2015-04-17,Kalutara,11,109.19,27.487142857142853,81.3157142857143,7
2015,16,2015-04-11,2015-04-17,Kandy,12,60.57,25.784285714285716,83.34285714285716,7
2015,16,2015-04-11,2015-04-17,Jaffna,13,57.61000000000001,29.050000000000004,74.48857142857142,7
2015,17,2015-04-18,2015-04-24,Colombo,99,85.58999999999999,27.305714285714284,83.34,7
2015,17,2015-04-18,2015-04-24,Gampaha,30,85.58999999999999,27.305714285714284,83.34,7
2015,17,2015-04-18,2015-04-24,Kalutara,19,122.77999999999999,27.354285714285712,84.00571428571428,7
2015,17,2015-04-18,2015-04-24,Kandy,6,43.10999999999999,26.018571428571427,84.24571428571429,7
2015,17,2015-04-18,2015-04-24,Jaffna,9,38.69,29.101428571428574,77.12428571428572,7
2015,18,2015-04-25,2015-05-01,Colombo,107,61.51,27.141428571428573,84.7242857142857,7
2015,18,2015-04-25,2015-05-01,Gampaha,22,61.51,27.141428571428573,84.7242857142857,7
2015,18,2015-04-25,2015-05-01,Kalutara,11,73.66,27.325714285714287,84.08999999999999,7
2015,18,2015-04-25,2015-05-01,Kandy,13,47.78,25.782857142857143,85.39714285714287,7
2015,18,2015-04-25,2015-05-01,Jaffna,6,26.659999999999997,29.201428571428572,77.12,7
2015,19,2015-05-02,2015-05-08,Colombo,81,47.0,27.261428571428574,84.28142857142858,7
2015,19,2015-05-02,2015-05-08,Gampaha,22,47.0,27.261428571428574,84.28142857142858,7
2015,19,2015-05-02,2015-05-08,Kalutara,28,49.120000000000005,27.43,84.63142857142857,7
2015,19,2015-05-02,2015-05-08,Kandy,15,36.32000000000001,25.891428571428573,86.33285714285715,7
2015,19,2015-05-02,2015-05-08,Jaffna,6,14.1,29.464285714285715,75.81714285714284,7
2015,20,2015-05-09,2015-05-15,Colombo,80,74.64,26.91714285714286,87.03999999999999,7
2015,20,2015-05-09,2015-05-15,Gampaha,49,74.64,26.91714285714286,87.03999999999999,7
2015,20,2015-05-09,2015-05-15,Kalutara,19,78.77000000000001,27.147142857142857,87.34714285714286,7
2015,20,2015-05-09,2015-05-15,Kandy,12,68.74,25.48428571428571,89.00142857142859,7
2015,20,2015-05-09,2015-05-15,Jaffna,16,136.0,29.148571428571433,77.14714285714287,7
2015,21,2015-05-16,2015-05-22,Colombo,121,36.35,27.357142857142858,86.05714285714285,7
2015,21,2015-05-16,2015-05-22,Gampaha,48,36.35,27.357142857142858,86.05714285714285,7
2015,21,2015-05-16,2015-05-22,Kalutara,7,32.35,27.62,85.78857142857143,7
2015,21,2015-05-16,2015-05-22,Kandy,8,23.28,25.93857142857143,86.57714285714285,7
2015,21,2015-05-16,2015-05-22,Jaffna,16,44.79,29.304285714285708,84.11999999999999,7
2015,22,2015-05-23,2015-05-29,Colombo,77,9.19,27.312857142857137,87.03428571428572,7
2015,22,2015-05-23,2015-05-29,Gampaha,21,9.19,27.312857142857137,87.03428571428572,7
2015,22,2015-05-23,2015-05-29,Kalutara,12,11.469999999999999,27.58142857142857,86.74428571428572,7
2015,22,2015-05-23,2015-05-29,Kandy,17,0.8599999999999999,25.81571428571429,87.59142857142857,7
2015,22,2015-05-23,2015-05-29,Jaffna,14,2.52,28.987142857142857,83.87714285714286,7
2015,23,2015-05-30,2015-06-05,Colombo,69,40.89,26.93857142857143,88.47285714285714,7
2015,23,2015-05-30,2015-06-05,Gampaha,55,40.89,26.93857142857143,88.47285714285714,7
2015,23,2015-05-30,2015-06-05,Kalutara,17,47.4,27.224285714285713,88.05285714285716,7
2015,23,2015-05-30,2015-06-05,Kandy,18,28.119999999999997,25.478571428571428,89.79714285714286,7
2015,23,2015-05-30,2015-06-05,Jaffna,11,5.71,28.782857142857146,83.47142857142858,7
2015,24,2015-06-06,2015-06-12,Colombo,125,31.430000000000003,26.939999999999998,85.86857142857141,7
2015,24,2015-06-06,2015-06-12,Gampaha,49,31.430000000000003,26.939999999999998,85.86857142857141,7
2015,24,2015-06-06,2015-06-12,Kalutara,11,32.8,27.28142857142857,85.25857142857144,7
2015,24,2015-06-06,2015-06-12,Kandy,19,16.040000000000003,25.56142857142857,86.32714285714287,7
2015,24,2015-06-06,2015-06-12,Jaffna,22,10.08,28.96857142857143,80.89428571428572,7
2015,25,2015-06-13,2015-06-19,Colombo,144,40.85,26.935714285714283,88.0,7
2015,25,2015-06-13,2015-06-19,Gampaha,35,40.85,26.935714285714283,88.0,7
2015,25,2015-06-13,2015-06-19,Kalutara,21,46.769999999999996,27.27285714285714,87.44000000000001,7
2015,25,2015-06-13,2015-06-19,Kandy,17,15.68,25.547142857142855,87.91999999999999,7
2015,25,2015-06-13,2015-06-19,Jaffna,10,3.14,29.344285714285718,77.01142857142857,7
2015,26,2015-06-20,2015-06-26,Colombo,120,13.32,27.08142857142857,87.11571428571429,7
2015,26,2015-06-20,2015-06-26,Gampaha,30,13.32,27.08142857142857,87.11571428571429,7
2015,26,2015-06-20,2015-06-26,Kalutara,13,12.66,27.357142857142858,86.68857142857144,7
2015,26,2015-06-20,2015-06-26,Kandy,12,4.970000000000001,25.91857142857143,85.12714285714286,7
2015,26,2015-06-20,2015-06-26,Jaffna,14,1.4100000000000001,29.10285714285714,80.70571428571428,7
2015,27,2015-06-27,2015-07-03,Colombo,85,31.840000000000003,26.72428571428572,86.90142857142857,7
2015,27,2015-06-27,2015-07-03,Gampaha,29,31.840000000000003,26.72428571428572,86.90142857142857,7
2015,27,2015-06-27,2015-07-03,Kalutara,10,39.360000000000014,27.075714285714287,86.57285714285715,7
2015,27,2015-06-27,2015-07-03,Kandy,8,22.589999999999996,25.698571428571427,83.73428571428572,7
2015,27,2015-06-27,2015-07-03,Jaffna,20,8.040000000000001,28.924285714285713,79.62285714285714,7
2015,28,2015-07-04,2015-07-10,Colombo,156,15.66,26.977142857142855,85.77428571428571,7
2015,28,2015-07-04,2015-07-10,Gampaha,59,15.66,26.977142857142855,85.77428571428571,7
2015,28,2015-07-04,2015-07-10,Kalutara,27,17.89,27.298571428571428,84.80857142857144,7
2015,28,2015-07-04,2015-07-10,Kandy,9,6.09,26.079999999999995,82.62857142857142,7
2015,28,2015-07-04,2015-07-10,Jaffna,14,0.68,29.22142857142857,78.9042857142857,7
2015,29,2015-07-11,2015-07-17,Colombo,149,24.36,26.582857142857144,87.60000000000001,7
2015,29,2015-07-11,2015-07-17,Gampaha,48,24.36,26.582857142857144,87.60000000000001,7
2015,29,2015-07-11,2015-07-17,Kalutara,22,36.419999999999995,26.944285714285716,87.27285714285713,7
2015,29,2015-07-11,2015-07-17,Kandy,15,5.98,25.754285714285718,82.79285714285716,7
2015,29,2015-07-11,2015-07-17,Jaffna,8,1.45,29.270000000000003,78.05285714285715,7
2015,30,2015-07-18,2015-07-24,Colombo,141,26.549999999999997,25.930000000000003,87.72571428571428,7
2015,30,2015-07-18,2015-07-24,Gampaha,39,26.549999999999997,25.930000000000003,87.72571428571428,7
2015,30,2015-07-18,2015-07-24,Kalutara,22,37.56999999999999,26.267142857142858,87.59857142857143,7
2015,30,2015-07-18,2015-07-24,Kandy,13,6.290000000000001,25.428571428571427,81.07571428571428,7
2015,30,2015-07-18,2015-07-24,Jaffna,14,5.050000000000001,29.09857142857143,75.62142857142855,7
2015,31,2015-07-25,2015-07-31,Colombo,196,8.07,26.1,87.26285714285714,7
2015,31,2015-07-25,2015-07-31,Gampaha,65,8.07,26.1,87.26285714285714,7
2015,31,2015-07-25,2015-07-31,Kalutara,21,11.81,26.444285714285716,86.78571428571429,7
2015,31,2015-07-25,2015-07-31,Kandy,16,10.69,25.637142857142855,80.91142857142857,7
2015,31,2015-07-25,2015-07-31,Jaffna,13,3.4100000000000006,28.604285714285716,77.98571428571428,7
2015,32,2015-08-01,2015-08-07,Colombo,177,20.349999999999998,26.494285714285713,84.58,7
2015,32,2015-08-01,2015-08-07,Gampaha,33,20.349999999999998,26.494285714285713,84.58,7
2015,32,2015-08-01,2015-08-07,Kalutara,23,27.199999999999996,26.795714285714286,84.73571428571428,7
2015,32,2015-08-01,2015-08-07,Kandy,15,6.93,25.981428571428573,78.13428571428571,7
2015,32,2015-08-01,2015-08-07,Jaffna,16,2.59,28.74142857142857,78.97571428571429,7
2015,33,2015-08-08,2015-08-14,Colombo,117,11.020000000000001,26.56142857142857,87.09142857142855,7
2015,33,2015-08-08,2015-08-14,Gampaha,31,11.020000000000001,26.56142857142857,87.09142857142855,7
2015,33,2015-08-08,2015-08-14,Kalutara,15,17.39,26.908571428571427,86.48285714285714,7
2015,33,2015-08-08,2015-08-14,Kandy,7,5.27,26.26571428571429,79.60857142857142,7
2015,33,2015-08-08,2015-08-14,Jaffna,11,1.9500000000000002,29.28714285714285,77.71285714285715,7
2015,34,2015-08-15,2015-08-21,Colombo,143,35.11,26.300000000000004,86.95285714285716,7
2015,34,2015-08-15,2015-08-21,Gampaha,39,35.11,26.300000000000004,86.95285714285716,7
2015,34,2015-08-15,2015-08-21,Kalutara,18,35.77,26.447142857142858,86.99857142857142,7
2015,34,2015-08-15,2015-08-21,Kandy,6,46.690000000000005,26.268571428571427,80.13714285714286,7
2015,34,2015-08-15,2015-08-21,Jaffna,5,38.47,28.82714285714286,77.93999999999998,7
2015,35,2015-08-22,2015-08-28,Colombo,115,35.06,26.57857142857143,85.95285714285714,7
2015,35,2015-08-22,2015-08-28,Gampaha,52,35.06,26.57857142857143,85.95285714285714,7
2015,35,2015-08-22,2015-08-28,Kalutara,19,48.84,26.87142857142857,85.97714285714285,7
2015,35,2015-08-22,2015-08-28,Kandy,13,11.7,25.884285714285713,80.94428571428571,7
2015,35,2015-08-22,2015-08-28,Jaffna,13,9.309999999999999,28.91,78.01285714285714,7
2015,36,2015-08-29,2015-09-04,Colombo,116,51.85,26.755714285714284,86.25285714285714,7
2015,36,2015-08-29,2015-09-04,Gampaha,48,51.85,26.755714285714284,86.25285714285714,7
2015,36,2015-08-29,2015-09-04,Kalutara,24,61.17999999999999,26.83428571428572,87.00285714285714,7
2015,36,2015-08-29,2015-09-04,Kandy,11,36.8,26.628571428571433,79.37428571428572,7
2015,36,2015-08-29,2015-09-04,Jaffna,14,29.05,29.15285714285714,78.37714285714286,7
2015,37,2015-09-05,2015-09-11,Colombo,97,45.59,26.011428571428574,84.95142857142858,7
2015,37,2015-09-05,2015-09-11,Gampaha,58,45.59,26.011428571428574,84.95142857142858,7
2015,37,2015-09-05,2015-09-11,Kalutara,10,48.67,26.307142857142857,84.93857142857144,7
2015,37,2015-09-05,2015-09-11,Kandy,16,20.509999999999998,25.41857142857143,79.45285714285714,7
2015,37,2015-09-05,2015-09-11,Jaffna,16,13.85,27.972857142857144,80.54857142857144,7
2015,38,2015-09-12,2015-09-18,Colombo,62,42.199999999999996,26.672857142857143,86.82571428571428,7
2015,38,2015-09-12,2015-09-18,Gampaha,14,42.199999999999996,26.672857142857143,86.82571428571428,7
2015,38,2015-09-12,2015-09-18,Kalutara,9,52.84,27.062857142857144,86.52428571428572,7
2015,38,2015-09-12,2015-09-18,Kandy,11,19.080000000000002,25.874285714285715,82.61571428571428,7
2015,38,2015-09-12,2015-09-18,Jaffna,13,1.97,29.011428571428574,77.98571428571428,7
2015,39,2015-09-19,2015-09-25,Colombo,96,52.09,26.305714285714284,87.4,7
2015,39,2015-09-19,2015-09-25,Gampaha,43,52.09,26.305714285714284,87.4,7
2015,39,2015-09-19,2015-09-25,Kalutara,9,63.129999999999995,26.50428571428571,87.7142857142857,7
2015,39,2015-09-19,2015-09-25,Kandy,21,23.290000000000003,25.83285714285714,81.55857142857143,7
2015,39,2015-09-19,2015-09-25,Jaffna,8,6.580000000000001,28.722857142857144,78.91714285714285,7
2015,40,2015-09-26,2015-10-02,Colombo,100,102.53999999999999,25.905714285714282,87.53142857142858,7
2015,40,2015-09-26,2015-10-02,Gampaha,24,102.53999999999999,25.905714285714282,87.53142857142858,7
2015,40,2015-09-26,2015-10-02,Kalutara,13,143.77,26.157142857142862,87.4342857142857,7
2015,40,2015-09-26,2015-10-02,Kandy,27,68.19,25.06714285714286,84.88714285714285,7
2015,40,2015-09-26,2015-10-02,Jaffna,9,55.05,28.214285714285715,80.45571428571428,7
2015,41,2015-10-03,2015-10-09,Colombo,122,39.97999999999999,26.464285714285715,87.24142857142856,7
2015,41,2015-10-03,2015-10-09,Gampaha,46,39.97999999999999,26.464285714285715,87.24142857142856,7
2015,41,2015-10-03,2015-10-09,Kalutara,13,45.22,26.75142857142857,87.50428571428571,7
2015,41,2015-10-03,2015-10-09,Kandy,16,22.92,25.2,85.99142857142859,7
2015,41,2015-10-03,2015-10-09,Jaffna,3,43.07,28.462857142857143,81.02,7
2015,42,2015-10-10,2015-10-16,Colombo,151,86.12,26.447142857142858,86.50999999999999,7
2015,42,2015-10-10,2015-10-16,Gampaha,19,86.12,26.447142857142858,86.50999999999999,7
2015,42,2015-10-10,2015-10-16,Kalutara,18,95.63000000000001,26.712857142857143,85.8042857142857,7
2015,42,2015-10-10,2015-10-16,Kandy,39,61.730000000000004,25.458571428571428,86.07428571428571,7
2015,42,2015-10-10,2015-10-16,Jaffna,14,30.849999999999998,28.544285714285714,77.68714285714286,7
2015,43,2015-10-17,2015-10-23,Colombo,155,136.87,26.44857142857143,87.57571428571428,7
2015,43,2015-10-17,2015-10-23,Gampaha,35,136.87,26.44857142857143,87.57571428571428,7
2015,43,2015-10-17,2015-10-23,Kalutara,14,190.14,26.485714285714284,87.93142857142857,7
2015,43,2015-10-17,2015-10-23,Kandy,21,83.99000000000001,25.452857142857145,87.34714285714287,7
2015,43,2015-10-17,2015-10-23,Jaffna,22,25.919999999999995,28.629999999999995,78.75428571428571,7
2015,44,2015-10-24,2015-10-30,Colombo,182,126.29,25.47142857142857,88.7042857142857,7
2015,44,2015-10-24,2015-10-30,Gampaha,40,126.29,25.47142857142857,88.7042857142857,7
2015,44,2015-10-24,2015-10-30,Kalutara,50,150.15,25.764285714285716,88.35428571428572,7
2015,44,2015-10-24,2015-10-30,Kandy,42,197.33,23.78,91.4857142857143,7
2015,44,2015-10-24,2015-10-30,Jaffna,21,114.34000000000002,27.88714285714286,79.57857142857142,7
2015,45,2015-10-31,2015-11-06,Colombo,178,130.64,26.109999999999996,86.11142857142856,7
2015,45,2015-10-31,2015-11-06,Gampaha,70,130.64,26.109999999999996,86.11142857142856,7
2015,45,2015-10-31,2015-11-06,Kalutara,32,184.10000000000002,26.215714285714288,87.57571428571428,7
2015,45,2015-10-31,2015-11-06,Kandy,25,128.59,24.444285714285716,88.37285714285714,7
2015,45,2015-10-31,2015-11-06,Jaffna,32,103.03999999999999,27.41142857142857,82.64571428571428,7
2015,46,2015-11-07,2015-11-13,Colombo,190,82.02000000000001,25.96285714285714,87.79714285714286,7
2015,46,2015-11-07,2015-11-13,Gampaha,34,82.02000000000001,25.96285714285714,87.79714285714286,7
2015,46,2015-11-07,2015-11-13,Kalutara,36,109.14999999999999,26.17571428571429,88.30714285714285,7
2015,46,2015-11-07,2015-11-13,Kandy,19,77.82,24.229999999999997,90.46714285714286,7
2015,46,2015-11-07,2015-11-13,Jaffna,38,149.9,27.495714285714286,83.87142857142858,7
2015,47,2015-11-14,2015-11-20,Colombo,232,104.7,26.12285714285714,87.11571428571428,7
2015,47,2015-11-14,2015-11-20,Gampaha,22,104.7,26.12285714285714,87.11571428571428,7
2015,47,2015-11-14,2015-11-20,Kalutara,24,81.59000000000002,26.495714285714286,86.09285714285714,7
2015,47,2015-11-14,2015-11-20,Kandy,42,140.34,24.535714285714285,91.15714285714287,7
2015,47,2015-11-14,2015-11-20,Jaffna,64,206.19,27.13857142857143,86.71857142857142,7
2015,48,2015-11-21,2015-11-27,Colombo,258,46.14,26.63,83.78999999999999,7
2015,48,2015-11-21,2015-11-27,Gampaha,60,46.14,26.63,83.78999999999999,7
2015,48,2015-11-21,2015-11-27,Kalutara,38,69.76,27.02,82.53142857142856,7
2015,48,2015-11-21,2015-11-27,Kandy,25,34.58,24.227142857142855,91.62285714285714,7
2015,48,2015-11-21,2015-11-27,Jaffna,79,47.31,27.38,84.48142857142857,7
2015,49,2015-11-28,2015-12-04,Colombo,260,117.73,25.982857142857142,89.84714285714287,7
2015,49,2015-11-28,2015-12-04,Gampaha,70,117.73,25.982857142857142,89.84714285714287,7
2015,49,2015-11-28,2015-12-04,Kalutara,27,119.63,26.335714285714285,88.86285714285715,7
2015,49,2015-11-28,2015-12-04,Kandy,44,112.19000000000001,24.374285714285715,93.61571428571428,7
2015,49,2015-11-28,2015-12-04,Jaffna,105,92.39,26.762857142857143,88.27428571428571,7
2015,50,2015-12-05,2015-12-11,Colombo,316,91.53999999999999,26.365714285714287,87.43285714285715,7
2015,50,2015-12-05,2015-12-11,Gampaha,29,91.53999999999999,26.365714285714287,87.43285714285715,7
2015,50,2015-12-05,2015-12-11,Kalutara,39,90.63000000000001,26.42285714285714,87.90999999999998,7
2015,50,2015-12-05,2015-12-11,Kandy,48,73.14999999999999,24.494285714285716,92.98428571428572,7
2015,50,2015-12-05,2015-12-11,Jaffna,104,109.01000000000002,27.08857142857143,89.25285714285714,7
2015,51,2015-12-12,2015-12-18,Colombo,174,63.970000000000006,26.618571428571432,84.51714285714287,7
2015,51,2015-12-12,2015-12-18,Gampaha,14,63.970000000000006,26.618571428571432,84.51714285714287,7
2015,51,2015-12-12,2015-12-18,Kalutara,33,57.92000000000001,26.814285714285717,84.18285714285716,7
2015,51,2015-12-12,2015-12-18,Kandy,17,75.69000000000001,24.58857142857143,91.08714285714287,7
2015,51,2015-12-12,2015-12-18,Jaffna,79,25.66,27.208571428571425,82.05857142857143,7
2015,52,2015-12-19,2015-12-25,Colombo,142,15.530000000000001,25.82,80.84571428571428,7
2015,52,2015-12-19,2015-12-25,Gampaha,8,15.530000000000001,25.82,80.84571428571428,7
2015,52,2015-12-19,2015-12-25,Kalutara,20,21.630000000000003,26.608571428571427,78.05142857142857,7
2015,52,2015-12-19,2015-12-25,Kandy,32,12.349999999999998,23.147142857142857,89.07571428571428,7
2015,52,2015-12-19,2015-12-25,Jaffna,109,9.709999999999999,27.025714285714287,74.80285714285715,7
2016,1,2015-12-26,2016-01-01,Colombo,301,36.419999999999995,26.315714285714282,85.98857142857142,7
2016,1,2015-12-26,2016-01-01,Gampaha,31,36.419999999999995,26.315714285714282,85.98857142857142,7
2016,1,2015-12-26,2016-01-01,Kalutara,37,40.54,26.90285714285714,84.20714285714287,7
2016,1,2015-12-26,2016-01-01,Kandy,71,73.6,24.238571428571426,91.77285714285715,7
2016,1,2015-12-26,2016-01-01,Jaffna,84,75.82,26.935714285714287,80.69714285714285,7
2016,2,2016-01-02,2016-01-08,Colombo,279,21.080000000000002,26.014285714285712,86.80142857142857,7
2016,2,2016-01-02,2016-01-08,Gampaha,40,21.080000000000002,26.014285714285712,86.80142857142857,7
2016,2,2016-01-02,2016-01-08,Kalutara,26,43.86,26.64428571428571,85.29571428571428,7
2016,2,2016-01-02,2016-01-08,Kandy,35,55.33,23.87857142857143,91.94285714285715,7
2016,2,2016-01-02,2016-01-08,Jaffna,129,22.28,26.44142857142857,79.67,7
2016,3,2016-01-09,2016-01-15,Colombo,328,1.19,25.351428571428567,82.43428571428572,7
2016,3,2016-01-09,2016-01-15,Gampaha,61,1.19,25.351428571428567,82.43428571428572,7
2016,3,2016-01-09,2016-01-15,Kalutara,55,3.9800000000000004,26.32571428571428,79.71142857142857,7
2016,3,2016-01-09,2016-01-15,Kandy,50,1.24,22.72714285714286,89.96142857142857,7
2016,3,2016-01-09,2016-01-15,Jaffna,135,0.55,25.951428571428576,75.46714285714287,7
2016,4,2016-01-16,2016-01-22,Colombo,472,0.24000000000000002,25.565714285714282,80.20285714285714,7
2016,4,2016-01-16,2016-01-22,Gampaha,106,0.24000000000000002,25.565714285714282,80.20285714285714,7
2016,4,2016-01-16,2016-01-22,Kalutara,59,0.7500000000000001,26.494285714285713,78.10857142857142,7
2016,4,2016-01-16,2016-01-22,Kandy,64,0.22,22.83857142857143,88.91142857142857,7
2016,4,2016-01-16,2016-01-22,Jaffna,137,0.15,26.240000000000002,76.04142857142857,7
2016,5,2016-01-23,2016-01-29,Colombo,466,17.990000000000002,26.06571428571429,81.38,7
2016,5,2016-01-23,2016-01-29,Gampaha,51,17.990000000000002,26.06571428571429,81.38,7
2016,5,2016-01-23,2016-01-29,Kalutara,48,26.119999999999997,26.98857142857143,78.95714285714287,7
2016,5,2016-01-23,2016-01-29,Kandy,62,18.38,23.318571428571428,88.72571428571429,7
2016,5,2016-01-23,2016-01-29,Jaffna,102,6.0,26.68,77.08,7
2016,6,2016-01-30,2016-02-05,Colombo,354,3.0700000000000003,25.017142857142858,79.19571428571429,7
2016,6,2016-01-30,2016-02-05,Gampaha,92,3.0700000000000003,25.017142857142858,79.19571428571429,7
2016,6,2016-01-30,2016-02-05,Kalutara,60,9.99,25.99,76.33714285714287,7
2016,6,2016-01-30,2016-02-05,Kandy,51,0.05,22.25,87.02714285714286,7
2016,6,2016-01-30,2016-02-05,Jaffna,64,0.28,26.291428571428565,72.46428571428571,7
2016,7,2016-02-06,2016-02-12,Colombo,351,20.680000000000003,26.747142857142855,80.2942857142857,7
2016,7,2016-02-06,2016-02-12,Gampaha,46,20.680000000000003,26.747142857142855,80.2942857142857,7
2016,7,2016-02-06,2016-02-12,Kalutara,75,37.940000000000005,27.241428571428575,80.28571428571429,7
2016,7,2016-02-06,2016-02-12,Kandy,50,2.58,24.131428571428575,87.53571428571429,7
2016,7,2016-02-06,2016-02-12,Jaffna,74,0.42000000000000004,26.920000000000005,76.68142857142857,7
2016,8,2016-02-13,2016-02-19,Colombo,254,32.35,26.70714285714286,80.25,7
2016,8,2016-02-13,2016-02-19,Gampaha,65,32.35,26.70714285714286,80.25,7
2016,8,2016-02-13,2016-02-19,Kalutara,58,37.74,27.050000000000004,80.69857142857143,7
2016,8,2016-02-13,2016-02-19,Kandy,23,33.5,24.139999999999997,88.18857142857145,7
2016,8,2016-02-13,2016-02-19,Jaffna,65,4.22,27.314285714285713,76.78,7
2016,9,2016-02-20,2016-02-26,Colombo,287,19.740000000000002,27.258571428571425,75.76714285714286,7
2016,9,2016-02-20,2016-02-26,Gampaha,45,19.740000000000002,27.258571428571425,75.76714285714286,7
2016,9,2016-02-20,2016-02-26,Kalutara,45,19.74,27.29714285714286,77.26142857142858,7
2016,9,2016-02-20,2016-02-26,Kandy,38,14.17,24.388571428571428,85.88714285714286,7
2016,9,2016-02-20,2016-02-26,Jaffna,33,0.6599999999999999,27.882857142857144,75.38714285714286,7
2016,10,2016-02-27,2016-03-04,Colombo,201,3.43,27.521428571428572,77.97285714285714,7
2016,10,2016-02-27,2016-03-04,Gampaha,75,3.43,27.521428571428572,77.97285714285714,7
2016,10,2016-02-27,2016-03-04,Kalutara,50,8.23,27.83857142857143,77.26857142857143,7
2016,10,2016-02-27,2016-03-04,Kandy,38,2.71,24.905714285714286,86.65857142857143,7
2016,10,2016-02-27,2016-03-04,Jaffna,43,2.86,28.115714285714287,77.20714285714287,7
2016,11,2016-03-05,2016-03-11,Colombo,171,26.050000000000004,27.787142857142857,78.58999999999999,7
2016,11,2016-03-05,2016-03-11,Gampaha,42,26.050000000000004,27.787142857142857,78.58999999999999,7
2016,11,2016-03-05,2016-03-11,Kalutara,27,32.42,27.70428571428571,80.17999999999999,7
2016,11,2016-03-05,2016-03-11,Kandy,29,16.0,25.747142857142858,83.76571428571428,7
2016,11,2016-03-05,2016-03-11,Jaffna,44,0.38000000000000006,28.34714285714286,74.47285714285714,7
2016,12,2016-03-12,2016-03-18,Colombo,186,10.299999999999999,27.937142857142856,78.58714285714287,7
2016,12,2016-03-12,2016-03-18,Gampaha,27,10.299999999999999,27.937142857142856,78.58714285714287,7
2016,12,2016-03-12,2016-03-18,Kalutara,45,17.05,27.879999999999995,79.85571428571428,7
2016,12,2016-03-12,2016-03-18,Kandy,6,3.1999999999999997,26.419999999999995,76.50571428571428,7
2016,12,2016-03-12,2016-03-18,Jaffna,26,0.61,28.82571428571428,71.53999999999999,7
2016,13,2016-03-19,2016-03-25,Colombo,174,0.71,28.235714285714284,75.01571428571428,7
2016,13,2016-03-19,2016-03-25,Gampaha,34,0.71,28.235714285714284,75.01571428571428,7
2016,13,2016-03-19,2016-03-25,Kalutara,21,1.4300000000000002,27.960000000000004,78.74428571428572,7
2016,13,2016-03-19,2016-03-25,Kandy,9,0.04,26.972857142857144,67.1557142857143,7
2016,13,2016-03-19,2016-03-25,Jaffna,32,0.04,29.612857142857145,67.62285714285714,7
2016,14,2016-03-26,2016-04-01,Colombo,20,60.349999999999994,28.37,76.35571428571428,7
2016,14,2016-03-26,2016-04-01,Gampaha,39,60.349999999999994,28.37,76.35571428571428,7
2016,14,2016-03-26,2016-04-01,Kalutara,23,74.54,28.177142857142854,79.30285714285716,7
2016,14,2016-03-26,2016-04-01,Kandy,18,62.44,26.985714285714288,76.84285714285714,7
2016,14,2016-03-26,2016-04-01,Jaffna,25,8.299999999999999,29.90142857142857,69.65714285714284,7
2016,15,2016-04-02,2016-04-08,Colombo,136,34.41,28.342857142857145,79.75428571428571,7
2016,15,2016-04-02,2016-04-08,Gampaha,13,34.41,28.342857142857145,79.75428571428571,7
2016,15,2016-04-02,2016-04-08,Kalutara,11,42.190000000000005,28.232857142857142,81.70571428571428,7
2016,15,2016-04-02,2016-04-08,Kandy,13,18.11,27.882857142857144,74.16714285714285,7
2016,15,2016-04-02,2016-04-08,Jaffna,12,3.62,30.67571428571429,67.29285714285713,7
2016,16,2016-04-09,2016-04-15,Colombo,60,30.73,28.56857142857143,81.22428571428573,7
2016,16,2016-04-09,2016-04-15,Gampaha,9,30.73,28.56857142857143,81.22428571428573,7
2016,16,2016-04-09,2016-04-15,Kalutara,11,32.47,28.562857142857144,82.69285714285714,7
2016,16,2016-04-09,2016-04-15,Kandy,7,19.98,28.31714285714286,76.55857142857144,7
2016,16,2016-04-09,2016-04-15,Jaffna,21,4.050000000000001,31.244285714285716,70.02571428571429,7
2016,17,2016-04-16,2016-04-22,Colombo,161,52.85,28.60571428571428,82.08714285714287,7
2016,17,2016-04-16,2016-04-22,Gampaha,48,52.85,28.60571428571428,82.08714285714287,7
2016,17,2016-04-16,2016-04-22,Kalutara,54,53.17,28.57857142857143,82.48,7
2016,17,2016-04-16,2016-04-22,Kandy,21,26.05,28.26428571428571,77.08142857142857,7
2016,17,2016-04-16,2016-04-22,Jaffna,14,2.4,31.24857142857143,71.28,7
2016,18,2016-04-23,2016-04-29,Colombo,192,8.2,28.701428571428572,80.88142857142857,7
2016,18,2016-04-23,2016-04-29,Gampaha,41,8.2,28.701428571428572,80.88142857142857,7
2016,18,2016-04-23,2016-04-29,Kalutara,38,12.68,28.795714285714286,81.97857142857141,7
2016,18,2016-04-23,2016-04-29,Kandy,26,2.49,28.50714285714286,74.70857142857143,7
2016,18,2016-04-23,2016-04-29,Jaffna,18,1.8800000000000001,31.390000000000004,70.39000000000001,7
2016,19,2016-04-30,2016-05-06,Colombo,58,39.550000000000004,28.33285714285714,83.82428571428571,7
2016,19,2016-04-30,2016-05-06,Gampaha,0,39.550000000000004,28.33285714285714,83.82428571428571,7
2016,19,2016-04-30,2016-05-06,Kalutara,8,36.96,28.365714285714283,84.71857142857142,7
2016,19,2016-04-30,2016-05-06,Kandy,33,26.46,28.514285714285712,75.13285714285713,7
2016,19,2016-04-30,2016-05-06,Jaffna,16,6.800000000000001,31.30857142857143,70.13428571428572,7
2016,20,2016-05-07,2016-05-13,Colombo,39,141.08999999999997,27.799999999999994,82.91857142857144,7
2016,20,2016-05-07,2016-05-13,Gampaha,0,141.08999999999997,27.799999999999994,82.91857142857144,7
2016,20,2016-05-07,2016-05-13,Kalutara,1,230.84,27.768571428571427,83.75714285714285,7
2016,20,2016-05-07,2016-05-13,Kandy,38,55.2,27.635714285714283,75.58000000000001,7
2016,20,2016-05-07,2016-05-13,Jaffna,9,29.57,30.60714285714286,70.75857142857141,7
2016,21,2016-05-14,2016-05-20,Colombo,50,263.96999999999997,27.451428571428572,85.74142857142856,7
2016,21,2016-05-14,2016-05-20,Gampaha,0,263.96999999999997,27.451428571428572,85.74142857142856,7
2016,21,2016-05-14,2016-05-20,Kalutara,31,181.64,27.831428571428575,85.29857142857144,7
2016,21,2016-05-14,2016-05-20,Kandy,27,309.30999999999995,25.61285714285714,88.7042857142857,7
2016,21,2016-05-14,2016-05-20,Jaffna,16,238.82000000000002,29.607142857142858,79.54285714285713,7
2016,22,2016-05-21,2016-05-27,Colombo,61,55.37,27.822857142857142,87.65142857142857,7
2016,22,2016-05-21,2016-05-27,Gampaha,0,55.37,27.822857142857142,87.65142857142857,7
2016,22,2016-05-21,2016-05-27,Kalutara,6,53.709999999999994,28.021428571428572,87.49714285714286,7
2016,22,2016-05-21,2016-05-27,Kandy,34,15.13,26.344285714285718,88.72428571428573,7
2016,22,2016-05-21,2016-05-27,Jaffna,13,2.44,29.934285714285718,82.80714285714285,7
2016,23,2016-05-28,2016-06-03,Colombo,95,48.77,27.140000000000004,85.44142857142857,7
2016,23,2016-05-28,2016-06-03,Gampaha,0,48.77,27.140000000000004,85.44142857142857,7
2016,23,2016-05-28,2016-06-03,Kalutara,19,48.25,27.408571428571427,86.12571428571428,7
2016,23,2016-05-28,2016-06-03,Kandy,55,24.13,25.630000000000003,86.63142857142859,7
2016,23,2016-05-28,2016-06-03,Jaffna,26,2.04,29.627142857142854,77.82857142857142,7
2016,24,2016-06-04,2016-06-10,Colombo,67,43.15,27.274285714285714,86.57142857142858,7
2016,24,2016-06-04,2016-06-10,Gampaha,0,43.15,27.274285714285714,86.57142857142858,7
2016,24,2016-06-04,2016-06-10,Kalutara,0,28.720000000000002,27.601428571428567,85.4742857142857,7
2016,24,2016-06-04,2016-06-10,Kandy,1,24.1,25.929999999999996,86.80142857142857,7
2016,24,2016-06-04,2016-06-10,Jaffna,14,10.969999999999999,29.297142857142855,81.37285714285714,7
2016,25,2016-06-11,2016-06-17,Colombo,84,32.010000000000005,26.78857142857143,87.61571428571428,7
2016,25,2016-06-11,2016-06-17,Gampaha,0,32.010000000000005,26.78857142857143,87.61571428571428,7
2016,25,2016-06-11,2016-06-17,Kalutara,0,33.05,27.12,86.43285714285715,7
2016,25,2016-06-11,2016-06-17,Kandy,92,13.2,25.517142857142858,86.82142857142857,7
2016,25,2016-06-11,2016-06-17,Jaffna,25,2.41,29.374285714285715,78.44142857142857,7
2016,26,2016-06-18,2016-06-24,Colombo,249,22.42,26.101428571428567,85.97571428571429,7
2016,26,2016-06-18,2016-06-24,Gampaha,0,22.42,26.101428571428567,85.97571428571429,7
2016,26,2016-06-18,2016-06-24,Kalutara,0,30.749999999999996,26.42571428571429,85.20285714285714,7
2016,26,2016-06-18,2016-06-24,Kandy,152,9.14,24.94142857142857,84.44142857142856,7
2016,26,2016-06-18,2016-06-24,Jaffna,12,5.12,28.74142857142857,73.86285714285714,7
2016,27,2016-06-25,2016-07-01,Colombo,351,13.850000000000001,26.30857142857143,89.92428571428572,7
2016,27,2016-06-25,2016-07-01,Gampaha,34,13.850000000000001,26.30857142857143,89.92428571428572,7
2016,27,2016-06-25,2016-07-01,Kalutara,5,19.58,26.59,89.8957142857143,7
2016,27,2016-06-25,2016-07-01,Kandy,172,3.37,25.42571428571429,86.03857142857143,7
2016,27,2016-06-25,2016-07-01,Jaffna,33,1.67,29.400000000000002,75.05,7
2016,28,2016-07-02,2016-07-08,Colombo,293,3.67,26.625714285714285,87.12857142857145,7
2016,28,2016-07-02,2016-07-08,Gampaha,30,3.67,26.625714285714285,87.12857142857145,7
2016,28,2016-07-02,2016-07-08,Kalutara,102,4.880000000000001,26.975714285714286,87.00714285714285,7
2016,28,2016-07-02,2016-07-08,Kandy,139,3.0300000000000002,26.012857142857143,81.76428571428572,7
2016,28,2016-07-02,2016-07-08,Jaffna,52,2.0500000000000003,29.419999999999995,75.72571428571429,7
2016,29,2016-07-09,2016-07-15,Colombo,368,23.29,26.117142857142856,87.16714285714286,7
2016,29,2016-07-09,2016-07-15,Gampaha,47,23.29,26.117142857142856,87.16714285714286,7
2016,29,2016-07-09,2016-07-15,Kalutara,49,23.689999999999998,26.431428571428572,87.01285714285714,7
2016,29,2016-07-09,2016-07-15,Kandy,283,18.799999999999997,25.25428571428571,83.49142857142856,7
2016,29,2016-07-09,2016-07-15,Jaffna,25,1.1800000000000002,29.249999999999996,76.4042857142857,7
2016,30,2016-07-16,2016-07-22,Colombo,433,6.53,25.877142857142854,86.65857142857143,7
2016,30,2016-07-16,2016-07-22,Gampaha,102,6.53,25.877142857142854,86.65857142857143,7
2016,30,2016-07-16,2016-07-22,Kalutara,111,11.46,26.162857142857142,86.72571428571429,7
2016,30,2016-07-16,2016-07-22,Kandy,160,4.359999999999999,25.245714285714286,82.35714285714286,7
2016,30,2016-07-16,2016-07-22,Jaffna,48,4.390000000000001,28.575714285714287,75.80714285714285,7
2016,31,2016-07-23,2016-07-29,Colombo,332,22.25,25.538571428571426,89.36428571428571,7
2016,31,2016-07-23,2016-07-29,Gampaha,52,22.25,25.538571428571426,89.36428571428571,7
2016,31,2016-07-23,2016-07-29,Kalutara,57,35.16,25.770000000000003,89.35285714285713,7
2016,31,2016-07-23,2016-07-29,Kandy,204,12.84,24.924285714285713,84.72428571428573,7
2016,31,2016-07-23,2016-07-29,Jaffna,61,15.270000000000001,28.091428571428573,80.43142857142857,7
2016,32,2016-07-30,2016-08-05,Colombo,398,13.2,26.08142857142857,86.96571428571428,7
2016,32,2016-07-30,2016-08-05,Gampaha,124,13.2,26.08142857142857,86.96571428571428,7
2016,32,2016-07-30,2016-08-05,Kalutara,83,15.29,26.452857142857145,86.42857142857143,7
2016,32,2016-07-30,2016-08-05,Kandy,146,4.369999999999999,25.295714285714286,83.03142857142858,7
2016,32,2016-07-30,2016-08-05,Jaffna,49,1.2300000000000002,28.892857142857142,76.73,7
2016,33,2016-08-06,2016-08-12,Colombo,347,2.24,26.484285714285715,85.35857142857142,7
2016,33,2016-08-06,2016-08-12,Gampaha,82,2.24,26.484285714285715,85.35857142857142,7
2016,33,2016-08-06,2016-08-12,Kalutara,44,3.22,26.810000000000002,85.31857142857142,7
2016,33,2016-08-06,2016-08-12,Kandy,127,0.35000000000000003,26.237142857142857,79.01428571428572,7
2016,33,2016-08-06,2016-08-12,Jaffna,32,1.7,29.44,73.49857142857142,7
2016,34,2016-08-13,2016-08-19,Colombo,289,5.26,26.435714285714283,85.08142857142856,7
2016,34,2016-08-13,2016-08-19,Gampaha,109,5.26,26.435714285714283,85.08142857142856,7
2016,34,2016-08-13,2016-08-19,Kalutara,63,6.680000000000001,26.667142857142856,85.9342857142857,7
2016,34,2016-08-13,2016-08-19,Kandy,80,2.68,26.187142857142856,78.21714285714286,7
2016,34,2016-08-13,2016-08-19,Jaffna,34,0.86,29.55285714285714,73.24,7
2016,35,2016-08-20,2016-08-26,Colombo,236,12.7,26.109999999999996,87.54285714285713,7
2016,35,2016-08-20,2016-08-26,Gampaha,46,12.7,26.109999999999996,87.54285714285713,7
2016,35,2016-08-20,2016-08-26,Kalutara,15,19.24,26.311428571428564,88.50428571428571,7
2016,35,2016-08-20,2016-08-26,Kandy,85,5.06,25.997142857142858,80.02,7
2016,35,2016-08-20,2016-08-26,Jaffna,21,10.280000000000001,29.150000000000002,76.55428571428571,7
2016,36,2016-08-27,2016-09-02,Colombo,136,13.38,25.60571428571428,87.22857142857143,7
2016,36,2016-08-27,2016-09-02,Gampaha,47,13.38,25.60571428571428,87.22857142857143,7
2016,36,2016-08-27,2016-09-02,Kalutara,28,23.4,25.665714285714284,88.37285714285713,7
2016,36,2016-08-27,2016-09-02,Kandy,89,2.5700000000000003,25.614285714285717,77.7242857142857,7
2016,36,2016-08-27,2016-09-02,Jaffna,26,28.189999999999994,28.685714285714287,75.80428571428571,7
2016,37,2016-09-03,2016-09-09,Colombo,154,4.5200000000000005,25.76428571428571,83.58714285714287,7
2016,37,2016-09-03,2016-09-09,Gampaha,64,4.5200000000000005,25.76428571428571,83.58714285714287,7
2016,37,2016-09-03,2016-09-09,Kalutara,23,8.690000000000001,25.83285714285714,85.42714285714287,7
2016,37,2016-09-03,2016-09-09,Kandy,49,0.43,25.828571428571426,74.45000000000002,7
2016,37,2016-09-03,2016-09-09,Jaffna,33,1.9600000000000002,28.638571428571428,74.77285714285713,7
2016,38,2016-09-10,2016-09-16,Colombo,137,2.85,26.201428571428572,84.24,7
2016,38,2016-09-10,2016-09-16,Gampaha,28,2.85,26.201428571428572,84.24,7
2016,38,2016-09-10,2016-09-16,Kalutara,35,4.69,26.244285714285716,86.27142857142859,7
2016,38,2016-09-10,2016-09-16,Kandy,56,0.19,26.327142857142857,75.55857142857143,7
2016,38,2016-09-10,2016-09-16,Jaffna,12,2.96,29.012857142857143,75.35428571428572,7
2016,39,2016-09-17,2016-09-23,Colombo,142,4.7299999999999995,26.192857142857143,84.65714285714286,7
2016,39,2016-09-17,2016-09-23,Gampaha,31,4.7299999999999995,26.192857142857143,84.65714285714286,7
2016,39,2016-09-17,2016-09-23,Kalutara,31,6.62,26.312857142857137,85.80857142857144,7
2016,39,2016-09-17,2016-09-23,Kandy,43,1.89,26.217142857142857,76.41714285714285,7
2016,39,2016-09-17,2016-09-23,Jaffna,22,1.89,29.237142857142857,72.97857142857143,7
2016,40,2016-09-24,2016-09-30,Colombo,143,14.89,26.298571428571424,83.46571428571428,7
2016,40,2016-09-24,2016-09-30,Gampaha,16,14.89,26.298571428571424,83.46571428571428,7
2016,40,2016-09-24,2016-09-30,Kalutara,27,17.529999999999998,26.492857142857144,84.50714285714285,7
2016,40,2016-09-24,2016-09-30,Kandy,51,2.99,26.408571428571427,74.89,7
2016,40,2016-09-24,2016-09-30,Jaffna,26,3.8600000000000003,29.071428571428573,74.99571428571429,7
2016,41,2016-10-01,2016-10-07,Colombo,89,3.83,26.367142857142856,80.98285714285714,7
2016,41,2016-10-01,2016-10-07,Gampaha,31,3.83,26.367142857142856,80.98285714285714,7
2016,41,2016-10-01,2016-10-07,Kalutara,26,6.159999999999999,26.454285714285714,83.34285714285714,7
2016,41,2016-10-01,2016-10-07,Kandy,27,1.06,26.62,71.26285714285714,7
2016,41,2016-10-01,2016-10-07,Jaffna,31,2.4800000000000004,28.65285714285714,74.83285714285715,7
2016,42,2016-10-08,2016-10-14,Colombo,113,6.380000000000001,26.767142857142858,78.92857142857143,7
2016,42,2016-10-08,2016-10-14,Gampaha,14,6.380000000000001,26.767142857142858,78.92857142857143,7
2016,42,2016-10-08,2016-10-14,Kalutara,26,8.280000000000001,26.75,82.42142857142858,7
2016,42,2016-10-08,2016-10-14,Kandy,35,6.32,27.14142857142857,68.47714285714287,7
2016,42,2016-10-08,2016-10-14,Jaffna,17,3.18,29.080000000000002,71.72571428571429,7
2016,43,2016-10-15,2016-10-21,Colombo,96,56.82,26.36714285714286,83.50714285714285,7
2016,43,2016-10-15,2016-10-21,Gampaha,38,56.82,26.36714285714286,83.50714285714285,7
2016,43,2016-10-15,2016-10-21,Kalutara,20,56.76,26.384285714285713,85.49,7
2016,43,2016-10-15,2016-10-21,Kandy,23,24.42,26.294285714285714,76.33571428571429,7
2016,43,2016-10-15,2016-10-21,Jaffna,20,13.17,28.939999999999998,68.74285714285715,7
2016,44,2016-10-22,2016-10-28,Colombo,78,48.690000000000005,26.169999999999998,82.80857142857143,7
2016,44,2016-10-22,2016-10-28,Gampaha,23,48.690000000000005,26.169999999999998,82.80857142857143,7
2016,44,2016-10-22,2016-10-28,Kalutara,20,44.04,26.217142857142854,85.2057142857143,7
2016,44,2016-10-22,2016-10-28,Kandy,34,25.970000000000002,25.955714285714286,76.33285714285714,7
2016,44,2016-10-22,2016-10-28,Jaffna,20,17.560000000000002,28.327142857142853,73.30142857142857,7
2016,45,2016-10-29,2016-11-04,Colombo,84,91.89,25.975714285714282,86.83571428571427,7
2016,45,2016-10-29,2016-11-04,Gampaha,25,91.89,25.975714285714282,86.83571428571427,7
2016,45,2016-10-29,2016-11-04,Kalutara,23,93.52000000000001,26.15285714285714,87.74285714285715,7
2016,45,2016-10-29,2016-11-04,Kandy,42,96.55,25.252857142857145,84.66857142857144,7
2016,45,2016-10-29,2016-11-04,Jaffna,25,78.32000000000001,27.944285714285716,80.37857142857142,7
2016,46,2016-11-05,2016-11-11,Colombo,60,51.17,26.295714285714286,81.26428571428572,7
2016,46,2016-11-05,2016-11-11,Gampaha,13,51.17,26.295714285714286,81.26428571428572,7
2016,46,2016-11-05,2016-11-11,Kalutara,20,65.61,26.3,82.86571428571428,7
2016,46,2016-11-05,2016-11-11,Kandy,15,23.71,24.97285714285714,82.21285714285715,7
2016,46,2016-11-05,2016-11-11,Jaffna,38,7.069999999999999,27.865714285714287,74.56428571428572,7
2016,47,2016-11-12,2016-11-18,Colombo,85,92.36,26.32857142857143,84.33285714285714,7
2016,47,2016-11-12,2016-11-18,Gampaha,28,92.36,26.32857142857143,84.33285714285714,7
2016,47,2016-11-12,2016-11-18,Kalutara,9,115.52,26.44857142857143,85.03428571428572,7
2016,47,2016-11-12,2016-11-18,Kandy,16,90.5,24.931428571428572,86.40142857142858,7
2016,47,2016-11-12,2016-11-18,Jaffna,31,55.95,27.948571428571427,79.04142857142858,7
2016,48,2016-11-19,2016-11-25,Colombo,160,72.34,26.19857142857143,85.40857142857143,7
2016,48,2016-11-19,2016-11-25,Gampaha,4,72.34,26.19857142857143,85.40857142857143,7
2016,48,2016-11-19,2016-11-25,Kalutara,13,97.84,26.41142857142857,85.43000000000002,7
2016,48,2016-11-19,2016-11-25,Kandy,22,38.769999999999996,24.107142857142858,90.49571428571429,7
2016,48,2016-11-19,2016-11-25,Jaffna,40,78.55,27.268571428571423,79.17714285714285,7
2016,49,2016-11-26,2016-12-02,Colombo,158,6.66,25.44857142857143,80.72,7
2016,49,2016-11-26,2016-12-02,Gampaha,23,6.66,25.44857142857143,80.72,7
2016,49,2016-11-26,2016-12-02,Kalutara,28,13.7,26.06142857142857,80.54142857142858,7
2016,49,2016-11-26,2016-12-02,Kandy,32,1.7100000000000002,23.108571428571427,85.72857142857143,7
2016,49,2016-11-26,2016-12-02,Jaffna,67,68.36,25.804285714285715,76.59285714285714,7
2016,50,2016-12-03,2016-12-09,Colombo,319,15.080000000000002,25.905714285714286,81.21000000000001,7
2016,50,2016-12-03,2016-12-09,Gampaha,31,15.080000000000002,25.905714285714286,81.21000000000001,7
2016,50,2016-12-03,2016-12-09,Kalutara,45,21.729999999999997,26.412857142857142,81.17428571428572,7
2016,50,2016-12-03,2016-12-09,Kandy,22,12.36,24.132857142857144,85.33714285714287,7
2016,50,2016-12-03,2016-12-09,Jaffna,62,2.27,26.621428571428574,80.13285714285713,7
2016,51,2016-12-10,2016-12-16,Colombo,374,7.16,25.97142857142857,81.96285714285713,7
2016,51,2016-12-10,2016-12-16,Gampaha,7,7.16,25.97142857142857,81.96285714285713,7
2016,51,2016-12-10,2016-12-16,Kalutara,40,10.75,26.358571428571427,82.35142857142857,7
2016,51,2016-12-10,2016-12-16,Kandy,43,1.3,24.327142857142857,83.65857142857143,7
2016,51,2016-12-10,2016-12-16,Jaffna,40,1.15,26.63285714285714,76.10714285714286,7
2016,52,2016-12-17,2016-12-23,Colombo,547,22.929999999999996,25.692857142857143,80.63857142857144,7
2016,52,2016-12-17,2016-12-23,Gampaha,44,22.929999999999996,25.692857142857143,80.63857142857144,7
2016,52,2016-12-17,2016-12-23,Kalutara,77,25.290000000000003,26.275714285714283,80.47571428571429,7
2016,52,2016-12-17,2016-12-23,Kandy,67,19.2,23.811428571428568,83.9857142857143,7
2016,52,2016-12-17,2016-12-23,Jaffna,57,12.78,26.32857142857143,78.51142857142858,7
2016,53,2016-12-24,2016-12-30,Colombo,511,28.470000000000002,25.27857142857143,78.66999999999999,7
2016,53,2016-12-24,2016-12-30,Gampaha,137,28.470000000000002,25.27857142857143,78.66999999999999,7
2016,53,2016-12-24,2016-12-30,Kalutara,88,38.01,25.812857142857144,78.33,7
2016,53,2016-12-24,2016-12-30,Kandy,66,36.550000000000004,23.369999999999997,82.90142857142857,7
2016,53,2016-12-24,2016-12-30,Jaffna,145,26.210000000000004,26.108571428571427,77.90428571428572,7
2017,1,2016-12-31,2017-01-06,Colombo,342,8.55,25.24857142857143,77.50857142857144,7
2017,1,2016-12-31,2017-01-06,Gampaha,84,8.55,25.24857142857143,77.50857142857144,7
2017,1,2016-12-31,2017-01-06,Kalutara,38,14.17,25.72714285714286,78.04142857142857,7
2017,1,2016-12-31,2017-01-06,Kandy,43,7.12,23.315714285714286,80.93857142857144,7
2017,1,2016-12-31,2017-01-06,Jaffna,126,0.5800000000000001,26.06142857142857,74.05428571428571,7
2017,2,2017-01-07,2017-01-13,Colombo,531,0.0,24.390000000000004,68.82857142857144,7
2017,2,2017-01-07,2017-01-13,Gampaha,29,0.0,24.390000000000004,68.82857142857144,7
2017,2,2017-01-07,2017-01-13,Kalutara,91,0.01,24.75,70.00714285714285,7
2017,2,2017-01-07,2017-01-13,Kandy,69,0.01,22.497142857142858,71.28857142857143,7
2017,2,2017-01-07,2017-01-13,Jaffna,48,0.0,25.38428571428571,67.97571428571429,7
2017,3,2017-01-14,2017-01-20,Colombo,565,3.19,25.13571428571429,72.42857142857143,7
2017,3,2017-01-14,2017-01-20,Gampaha,98,3.19,25.13571428571429,72.42857142857143,7
2017,3,2017-01-14,2017-01-20,Kalutara,132,3.43,25.36714285714286,73.53142857142858,7
2017,3,2017-01-14,2017-01-20,Kandy,74,7.289999999999999,23.365714285714283,74.33714285714287,7
2017,3,2017-01-14,2017-01-20,Jaffna,118,7.68,25.650000000000002,72.85571428571428,7
2017,4,2017-01-21,2017-01-27,Colombo,482,26.62,25.84285714285715,83.46857142857142,7
2017,4,2017-01-21,2017-01-27,Gampaha,42,26.62,25.84285714285715,83.46857142857142,7
2017,4,2017-01-21,2017-01-27,Kalutara,63,37.63,25.944285714285716,85.12714285714286,7
2017,4,2017-01-21,2017-01-27,Kandy,49,31.74,24.424285714285713,85.28,7
2017,4,2017-01-21,2017-01-27,Jaffna,75,86.16,26.16428571428571,82.75714285714285,7
2017,5,2017-01-28,2017-02-03,Colombo,417,17.85,26.150000000000002,73.80999999999999,7
2017,5,2017-01-28,2017-02-03,Gampaha,20,17.85,26.150000000000002,73.80999999999999,7
2017,5,2017-01-28,2017-02-03,Kalutara,50,34.36,26.17428571428571,76.75142857142858,7
2017,5,2017-01-28,2017-02-03,Kandy,25,1.08,24.44142857142857,74.98714285714287,7
2017,5,2017-01-28,2017-02-03,Jaffna,56,8.4,25.858571428571427,77.39285714285714,7
2017,6,2017-02-04,2017-02-10,Colombo,408,0.26,25.487142857142857,66.92285714285713,7
2017,6,2017-02-04,2017-02-10,Gampaha,85,0.26,25.487142857142857,66.92285714285713,7
2017,6,2017-02-04,2017-02-10,Kalutara,72,1.3,25.62,70.77714285714286,7
2017,6,2017-02-04,2017-02-10,Kandy,60,0.0,24.26142857142857,65.52428571428571,7
2017,6,2017-02-04,2017-02-10,Jaffna,81,0.01,25.46,66.63571428571429,7
2017,7,2017-02-11,2017-02-17,Colombo,444,14.72,26.54285714285714,70.89285714285714,7
2017,7,2017-02-11,2017-02-17,Gampaha,66,14.72,26.54285714285714,70.89285714285714,7
2017,7,2017-02-11,2017-02-17,Kalutara,55,12.8,26.49,73.89142857142858,7
2017,7,2017-02-11,2017-02-17,Kandy,51,29.610000000000003,24.772857142857138,73.05,7
2017,7,2017-02-11,2017-02-17,Jaffna,118,16.68,26.475714285714286,70.84142857142858,7
2017,8,2017-02-18,2017-02-24,Colombo,220,11.509999999999998,26.80857142857143,74.53142857142858,7
2017,8,2017-02-18,2017-02-24,Gampaha,23,11.509999999999998,26.80857142857143,74.53142857142858,7
2017,8,2017-02-18,2017-02-24,Kalutara,40,31.110000000000007,26.468571428571433,79.55142857142857,7
2017,8,2017-02-18,2017-02-24,Kandy,28,5.879999999999999,25.86285714285714,70.88285714285713,7
2017,8,2017-02-18,2017-02-24,Jaffna,165,0.13,26.58142857142857,72.50428571428571,7
2017,9,2017-02-25,2017-03-03,Colombo,427,51.81999999999999,26.362857142857145,79.03285714285714,7
2017,9,2017-02-25,2017-03-03,Gampaha,51,51.81999999999999,26.362857142857145,79.03285714285714,7
2017,9,2017-02-25,2017-03-03,Kalutara,108,64.91999999999999,26.3,80.44285714285715,7
2017,9,2017-02-25,2017-03-03,Kandy,71,69.24,24.67142857142857,83.1542857142857,7
2017,9,2017-02-25,2017-03-03,Jaffna,138,17.33,26.952857142857145,78.11142857142856,7
2017,10,2017-03-04,2017-03-10,Colombo,379,63.82,26.99142857142857,81.13999999999999,7
2017,10,2017-03-04,2017-03-10,Gampaha,100,63.82,26.99142857142857,81.13999999999999,7
2017,10,2017-03-04,2017-03-10,Kalutara,74,67.28,26.85714285714286,83.15142857142857,7
2017,10,2017-03-04,2017-03-10,Kandy,69,51.13999999999999,26.18,79.74714285714286,7
2017,10,2017-03-04,2017-03-10,Jaffna,185,33.04,27.99285714285714,78.69285714285715,7
2017,11,2017-03-11,2017-03-17,Colombo,469,88.66999999999999,26.67714285714286,83.19285714285714,7
2017,11,2017-03-11,2017-03-17,Gampaha,381,88.66999999999999,26.67714285714286,83.19285714285714,7
2017,11,2017-03-11,2017-03-17,Kalutara,209,82.11000000000001,26.88285714285714,82.91428571428571,7
2017,11,2017-03-11,2017-03-17,Kandy,82,92.8,25.271428571428576,85.65857142857142,7
2017,11,2017-03-11,2017-03-17,Jaffna,154,31.209999999999997,28.185714285714283,77.57714285714285,7
2017,12,2017-03-18,2017-03-24,Colombo,528,6.499999999999999,27.038571428571434,75.76857142857143,7
2017,12,2017-03-18,2017-03-24,Gampaha,409,6.499999999999999,27.038571428571434,75.76857142857143,7
2017,12,2017-03-18,2017-03-24,Kalutara,176,10.29,27.052857142857142,79.1957142857143,7
2017,12,2017-03-18,2017-03-24,Kandy,66,1.81,25.092857142857145,76.56285714285714,7
2017,12,2017-03-18,2017-03-24,Jaffna,207,3.0999999999999996,28.378571428571426,71.70142857142858,7
2017,13,2017-03-25,2017-03-31,Colombo,497,44.89,27.267142857142858,78.49142857142856,7
2017,13,2017-03-25,2017-03-31,Gampaha,509,44.89,27.267142857142858,78.49142857142856,7
2017,13,2017-03-25,2017-03-31,Kalutara,163,60.71999999999999,27.08285714285714,80.85000000000001,7
2017,13,2017-03-25,2017-03-31,Kandy,46,31.81,25.941428571428577,76.15,7
2017,13,2017-03-25,2017-03-31,Jaffna,174,0.61,28.527142857142852,70.52142857142857,7
2017,14,2017-04-01,2017-04-07,Colombo,664,24.63,27.36714285714286,83.49428571428572,7
2017,14,2017-04-01,2017-04-07,Gampaha,419,24.63,27.36714285714286,83.49428571428572,7
2017,14,2017-04-01,2017-04-07,Kalutara,186,28.200000000000003,27.371428571428567,84.68714285714285,7
2017,14,2017-04-01,2017-04-07,Kandy,66,23.119999999999997,26.818571428571428,79.10142857142857,7
2017,14,2017-04-01,2017-04-07,Jaffna,146,1.4300000000000002,29.892857142857142,72.36142857142858,7
2017,15,2017-04-08,2017-04-14,Colombo,332,51.59,27.505714285714284,83.6842857142857,7
2017,15,2017-04-08,2017-04-14,Gampaha,389,51.59,27.505714285714284,83.6842857142857,7
2017,15,2017-04-08,2017-04-14,Kalutara,152,70.78,27.505714285714284,84.79142857142857,7
2017,15,2017-04-08,2017-04-14,Kandy,41,29.83,26.672857142857143,78.49428571428572,7
2017,15,2017-04-08,2017-04-14,Jaffna,96,7.8100000000000005,30.07714285714286,71.00857142857143,7
2017,16,2017-04-15,2017-04-21,Colombo,823,0.5,27.84857142857143,81.61285714285714,7
2017,16,2017-04-15,2017-04-21,Gampaha,627,0.5,27.84857142857143,81.61285714285714,7
2017,16,2017-04-15,2017-04-21,Kalutara,213,1.1,27.94571428571428,82.4342857142857,7
2017,16,2017-04-15,2017-04-21,Kandy,208,0.13,27.57,75.12285714285713,7
2017,16,2017-04-15,2017-04-21,Jaffna,137,3.1599999999999993,30.34857142857143,74.61142857142855,7
2017,17,2017-04-22,2017-04-28,Colombo,751,4.69,27.867142857142856,82.36999999999999,7
2017,17,2017-04-22,2017-04-28,Gampaha,637,4.69,27.867142857142856,82.36999999999999,7
2017,17,2017-04-22,2017-04-28,Kalutara,188,10.04,27.904285714285713,83.55428571428571,7
2017,17,2017-04-22,2017-04-28,Kandy,130,0.38,27.972857142857144,74.41714285714286,7
2017,17,2017-04-22,2017-04-28,Jaffna,120,0.29000000000000004,30.011428571428574,76.42571428571429,7
2017,18,2017-04-29,2017-05-05,Colombo,777,11.870000000000001,28.01714285714286,78.41142857142857,7
2017,18,2017-04-29,2017-05-05,Gampaha,953,11.870000000000001,28.01714285714286,78.41142857142857,7
2017,18,2017-04-29,2017-05-05,Kalutara,242,14.649999999999999,27.82857142857143,80.86571428571429,7
2017,18,2017-04-29,2017-05-05,Kandy,162,10.5,28.64428571428572,69.03857142857143,7
2017,18,2017-04-29,2017-05-05,Jaffna,79,7.6800000000000015,30.34428571428571,69.79142857142857,7
2017,19,2017-05-06,2017-05-12,Colombo,772,57.97,27.634285714285717,82.22714285714287,7
2017,19,2017-05-06,2017-05-12,Gampaha,567,57.97,27.634285714285717,82.22714285714287,7
2017,19,2017-05-06,2017-05-12,Kalutara,208,54.03,27.577142857142857,83.96428571428571,7
2017,19,2017-05-06,2017-05-12,Kandy,191,42.02,27.66857142857143,74.1657142857143,7
2017,19,2017-05-06,2017-05-12,Jaffna,73,20.1,30.060000000000002,76.08142857142857,7
2017,20,2017-05-13,2017-05-19,Colombo,845,43.540000000000006,27.808571428571433,84.82142857142857,7
2017,20,2017-05-13,2017-05-19,Gampaha,820,43.540000000000006,27.808571428571433,84.82142857142857,7
2017,20,2017-05-13,2017-05-19,Kalutara,282,44.800000000000004,27.93285714285715,85.39999999999999,7
2017,20,2017-05-13,2017-05-19,Kandy,250,8.32,27.270000000000003,79.62285714285714,7
2017,20,2017-05-13,2017-05-19,Jaffna,80,5.32,30.472857142857144,76.39142857142858,7
2017,21,2017-05-20,2017-05-26,Colombo,939,124.13999999999999,27.20142857142857,86.27714285714286,7
2017,21,2017-05-20,2017-05-26,Gampaha,828,124.13999999999999,27.20142857142857,86.27714285714286,7
2017,21,2017-05-20,2017-05-26,Kalutara,214,169.99,27.25714285714286,86.99000000000001,7
2017,21,2017-05-20,2017-05-26,Kandy,261,47.83,26.854285714285712,79.78714285714285,7
2017,21,2017-05-20,2017-05-26,Jaffna,69,15.02,29.84,79.01571428571428,7
2017,22,2017-05-27,2017-06-02,Colombo,821,65.28,26.881428571428575,86.00857142857141,7
2017,22,2017-05-27,2017-06-02,Gampaha,729,65.28,26.881428571428575,86.00857142857141,7
2017,22,2017-05-27,2017-06-02,Kalutara,158,70.78,27.078571428571422,86.66571428571429,7
2017,22,2017-05-27,2017-06-02,Kandy,288,26.5,25.90142857142857,82.94857142857143,7
2017,22,2017-05-27,2017-06-02,Jaffna,56,3.4299999999999997,29.852857142857143,76.17571428571429,7
2017,23,2017-06-03,2017-06-09,Colombo,914,20.72,26.75,87.13285714285713,7
2017,23,2017-06-03,2017-06-09,Gampaha,718,20.72,26.75,87.13285714285713,7
2017,23,2017-06-03,2017-06-09,Kalutara,238,20.76,26.87,87.63857142857144,7
2017,23,2017-06-03,2017-06-09,Kandy,344,12.17,26.009999999999998,83.2057142857143,7
2017,23,2017-06-03,2017-06-09,Jaffna,59,11.59,29.65857142857143,75.89714285714285,7
2017,24,2017-06-10,2017-06-16,Colombo,1032,17.630000000000003,26.77857142857143,86.36428571428573,7
2017,24,2017-06-10,2017-06-16,Gampaha,871,17.630000000000003,26.77857142857143,86.36428571428573,7
2017,24,2017-06-10,2017-06-16,Kalutara,219,23.62,26.909999999999997,87.02,7
2017,24,2017-06-10,2017-06-16,Kandy,426,5.6899999999999995,26.53,79.38,7
2017,24,2017-06-10,2017-06-16,Jaffna,53,3.59,29.381428571428568,78.07142857142857,7
2017,25,2017-06-17,2017-06-23,Colombo,1267,9.87,26.72857142857143,87.36857142857143,7
2017,25,2017-06-17,2017-06-23,Gampaha,1139,9.87,26.72857142857143,87.36857142857143,7
2017,25,2017-06-17,2017-06-23,Kalutara,344,16.32,26.86285714285714,88.17285714285715,7
2017,25,2017-06-17,2017-06-23,Kandy,652,3.34,26.427142857142858,79.27142857142859,7
2017,25,2017-06-17,2017-06-23,Jaffna,57,2.9,29.312857142857148,78.48285714285714,7
2017,26,2017-06-24,2017-06-30,Colombo,1338,31.339999999999996,26.482857142857142,85.28142857142858,7
2017,26,2017-06-24,2017-06-30,Gampaha,1444,31.339999999999996,26.482857142857142,85.28142857142858,7
2017,26,2017-06-24,2017-06-30,Kalutara,289,27.080000000000002,26.662857142857145,86.09142857142857,7
2017,26,2017-06-24,2017-06-30,Kandy,585,21.09,25.76571428571429,80.13999999999999,7
2017,26,2017-06-24,2017-06-30,Jaffna,63,3.76,29.392857142857142,73.52428571428572,7
2017,27,2017-07-01,2017-07-07,Colombo,1779,8.08,26.66571428571429,84.95571428571428,7
2017,27,2017-07-01,2017-07-07,Gampaha,1802,8.08,26.66571428571429,84.95571428571428,7
2017,27,2017-07-01,2017-07-07,Kalutara,598,15.14,26.93285714285714,85.6857142857143,7
2017,27,2017-07-01,2017-07-07,Kandy,1002,1.9,26.17571428571429,78.3157142857143,7
2017,27,2017-07-01,2017-07-07,Jaffna,86,3.11,29.781428571428574,72.05,7
2017,28,2017-07-08,2017-07-14,Colombo,1762,16.89,26.34714285714286,85.42142857142856,7
2017,28,2017-07-08,2017-07-14,Gampaha,2631,16.89,26.34714285714286,85.42142857142856,7
2017,28,2017-07-08,2017-07-14,Kalutara,703,16.39,26.632857142857144,85.65714285714286,7
2017,28,2017-07-08,2017-07-14,Kandy,869,22.32,25.575714285714287,81.0942857142857,7
2017,28,2017-07-08,2017-07-14,Jaffna,111,8.34,29.612857142857145,70.52857142857142,7
2017,29,2017-07-15,2017-07-21,Colombo,1972,10.500000000000002,26.68857142857143,85.37142857142858,7
2017,29,2017-07-15,2017-07-21,Gampaha,2471,10.500000000000002,26.68857142857143,85.37142857142858,7
2017,29,2017-07-15,2017-07-21,Kalutara,660,9.38,26.858571428571427,86.30285714285715,7
2017,29,2017-07-15,2017-07-21,Kandy,922,4.920000000000001,26.381428571428575,77.66714285714285,7
2017,29,2017-07-15,2017-07-21,Jaffna,93,1.33,29.404285714285713,75.28285714285714,7
2017,30,2017-07-22,2017-07-28,Colombo,1958,3.31,27.137142857142855,85.07000000000001,7
2017,30,2017-07-22,2017-07-28,Gampaha,2135,3.31,27.137142857142855,85.07000000000001,7
2017,30,2017-07-22,2017-07-28,Kalutara,616,5.07,27.23428571428571,86.39428571428572,7
2017,30,2017-07-22,2017-07-28,Kandy,1062,0.46,27.108571428571427,76.53571428571429,7
2017,30,2017-07-22,2017-07-28,Jaffna,86,1.49,29.967142857142857,74.00857142857144,7
2017,31,2017-07-29,2017-08-04,Colombo,1713,14.660000000000002,26.822857142857142,84.57714285714285,7
2017,31,2017-07-29,2017-08-04,Gampaha,1315,14.660000000000002,26.822857142857142,84.57714285714285,7
2017,31,2017-07-29,2017-08-04,Kalutara,562,18.29,26.962857142857143,85.46000000000001,7
2017,31,2017-07-29,2017-08-04,Kandy,687,8.85,26.69,77.16428571428571,7
2017,31,2017-07-29,2017-08-04,Jaffna,73,8.85,29.627142857142854,75.52571428571427,7
2017,32,2017-08-05,2017-08-11,Colombo,836,28.98,26.512857142857143,85.57000000000001,7
2017,32,2017-08-05,2017-08-11,Gampaha,918,28.98,26.512857142857143,85.57000000000001,7
2017,32,2017-08-05,2017-08-11,Kalutara,310,41.38,26.655714285714286,86.45428571428572,7
2017,32,2017-08-05,2017-08-11,Kandy,670,46.900000000000006,26.015714285714292,80.4157142857143,7
2017,32,2017-08-05,2017-08-11,Jaffna,65,20.43,29.211428571428574,76.94571428571429,7
2017,33,2017-08-12,2017-08-18,Colombo,674,27.130000000000003,26.22714285714286,85.00142857142858,7
2017,33,2017-08-12,2017-08-18,Gampaha,683,27.130000000000003,26.22714285714286,85.00142857142858,7
2017,33,2017-08-12,2017-08-18,Kalutara,295,31.29,26.349999999999998,86.61428571428571,7
2017,33,2017-08-12,2017-08-18,Kandy,518,43.74,25.49857142857143,81.27285714285715,7
2017,33,2017-08-12,2017-08-18,Jaffna,88,49.97,28.509999999999998,78.23857142857143,7
2017,34,2017-08-19,2017-08-25,Colombo,397,22.37,26.37142857142857,85.62142857142858,7
2017,34,2017-08-19,2017-08-25,Gampaha,385,22.37,26.37142857142857,85.62142857142858,7
2017,34,2017-08-19,2017-08-25,Kalutara,223,27.16,26.494285714285713,86.61285714285714,7
2017,34,2017-08-19,2017-08-25,Kandy,344,10.01,25.708571428571425,80.78571428571429,7
2017,34,2017-08-19,2017-08-25,Jaffna,64,6.0200000000000005,28.78142857142857,78.3157142857143,7
2017,35,2017-08-26,2017-09-01,Colombo,358,18.369999999999997,26.70428571428571,85.13571428571429,7
2017,35,2017-08-26,2017-09-01,Gampaha,410,18.369999999999997,26.70428571428571,85.13571428571429,7
2017,35,2017-08-26,2017-09-01,Kalutara,158,21.34,26.78857142857143,86.56142857142858,7
2017,35,2017-08-26,2017-09-01,Kandy,252,15.239999999999998,26.357142857142858,79.38142857142857,7
2017,35,2017-08-26,2017-09-01,Jaffna,48,12.5,29.0,78.34857142857143,7
2017,36,2017-09-02,2017-09-08,Colombo,273,91.23,26.07571428571428,86.88857142857144,7
2017,36,2017-09-02,2017-09-08,Gampaha,227,91.23,26.07571428571428,86.88857142857144,7
2017,36,2017-09-02,2017-09-08,Kalutara,73,98.21000000000001,26.17428571428571,87.2642857142857,7
2017,36,2017-09-02,2017-09-08,Kandy,179,40.58,25.507142857142856,83.88142857142859,7
2017,36,2017-09-02,2017-09-08,Jaffna,46,27.74,28.508571428571425,80.35000000000001,7
2017,37,2017-09-09,2017-09-15,Colombo,219,25.419999999999998,26.25142857142857,87.33571428571429,7
2017,37,2017-09-09,2017-09-15,Gampaha,245,25.419999999999998,26.25142857142857,87.33571428571429,7
2017,37,2017-09-09,2017-09-15,Kalutara,170,29.77,26.552857142857142,87.08857142857143,7
2017,37,2017-09-09,2017-09-15,Kandy,206,12.73,25.624285714285715,82.13142857142857,7
2017,37,2017-09-09,2017-09-15,Jaffna,75,28.130000000000003,28.22142857142857,81.69428571428571,7
2017,38,2017-09-16,2017-09-22,Colombo,216,15.8,26.458571428571425,85.39428571428572,7
2017,38,2017-09-16,2017-09-22,Gampaha,196,15.8,26.458571428571425,85.39428571428572,7
2017,38,2017-09-16,2017-09-22,Kalutara,63,16.279999999999998,26.635714285714283,85.85428571428572,7
2017,38,2017-09-16,2017-09-22,Kandy,198,5.18,25.93285714285714,79.46428571428571,7
2017,38,2017-09-16,2017-09-22,Jaffna,64,3.67,28.50714285714286,79.94285714285715,7
2017,39,2017-09-23,2017-09-29,Colombo,185,36.02,26.504285714285714,84.08571428571429,7
2017,39,2017-09-23,2017-09-29,Gampaha,162,36.02,26.504285714285714,84.08571428571429,7
2017,39,2017-09-23,2017-09-29,Kalutara,90,30.06,26.695714285714285,84.50142857142859,7
2017,39,2017-09-23,2017-09-29,Kandy,182,20.2,26.102857142857147,77.85571428571428,7
2017,39,2017-09-23,2017-09-29,Jaffna,97,14.26,28.395714285714284,80.22285714285715,7
2017,40,2017-09-30,2017-10-06,Colombo,207,24.130000000000003,26.714285714285715,85.39428571428572,7
2017,40,2017-09-30,2017-10-06,Gampaha,206,24.130000000000003,26.714285714285715,85.39428571428572,7
2017,40,2017-09-30,2017-10-06,Kalutara,67,20.18,26.928571428571427,85.61285714285714,7
2017,40,2017-09-30,2017-10-06,Kandy,183,6.970000000000001,26.368571428571425,79.53142857142858,7
2017,40,2017-09-30,2017-10-06,Jaffna,126,5.3,28.60571428571429,79.93142857142857,7
2017,41,2017-10-07,2017-10-13,Colombo,234,73.19999999999999,26.361428571428572,87.39428571428572,7
2017,41,2017-10-07,2017-10-13,Gampaha,180,73.19999999999999,26.361428571428572,87.39428571428572,7
2017,41,2017-10-07,2017-10-13,Kalutara,91,78.56,26.554285714285715,88.02714285714286,7
2017,41,2017-10-07,2017-10-13,Kandy,239,54.21000000000001,25.892857142857142,80.99285714285715,7
2017,41,2017-10-07,2017-10-13,Jaffna,131,10.72,28.627142857142854,78.17,7
2017,42,2017-10-14,2017-10-20,Colombo,161,80.49000000000001,26.801428571428573,86.05428571428571,7
2017,42,2017-10-14,2017-10-20,Gampaha,155,80.49000000000001,26.801428571428573,86.05428571428571,7
2017,42,2017-10-14,2017-10-20,Kalutara,80,73.64999999999999,27.12,85.24142857142859,7
2017,42,2017-10-14,2017-10-20,Kandy,203,42.59,25.698571428571427,84.44714285714285,7
2017,42,2017-10-14,2017-10-20,Jaffna,153,13.719999999999999,28.99428571428572,75.98857142857143,7
2017,43,2017-10-21,2017-10-27,Colombo,221,45.82,26.59,85.36571428571429,7
2017,43,2017-10-21,2017-10-27,Gampaha,238,45.82,26.59,85.36571428571429,7
2017,43,2017-10-21,2017-10-27,Kalutara,99,38.089999999999996,26.752857142857145,85.8257142857143,7
2017,43,2017-10-21,2017-10-27,Kandy,196,59.8,25.625714285714285,83.87285714285714,7
2017,43,2017-10-21,2017-10-27,Jaffna,183,31.15,28.482857142857142,79.41714285714286,7
2017,44,2017-10-28,2017-11-03,Colombo,253,70.96,25.91428571428571,87.11857142857141,7
2017,44,2017-10-28,2017-11-03,Gampaha,250,70.96,25.91428571428571,87.11857142857141,7
2017,44,2017-10-28,2017-11-03,Kalutara,94,66.57,26.090000000000003,87.59714285714287,7
2017,44,2017-10-28,2017-11-03,Kandy,183,64.3,24.560000000000002,89.47857142857143,7
2017,44,2017-10-28,2017-11-03,Jaffna,128,135.15,27.518571428571427,84.00428571428571,7
2017,45,2017-11-04,2017-11-10,Colombo,320,71.18999999999998,25.944285714285716,84.81714285714285,7
2017,45,2017-11-04,2017-11-10,Gampaha,249,71.18999999999998,25.944285714285716,84.81714285714285,7
2017,45,2017-11-04,2017-11-10,Kalutara,134,89.3,26.11428571428571,84.80000000000003,7
2017,45,2017-11-04,2017-11-10,Kandy,280,27.250000000000004,24.38857142857143,88.57000000000001,7
2017,45,2017-11-04,2017-11-10,Jaffna,147,75.56,27.275714285714287,85.24857142857142,7
2017,46,2017-11-11,2017-11-17,Colombo,238,5.84,26.371428571428574,82.63428571428571,7
2017,46,2017-11-11,2017-11-17,Gampaha,345,5.84,26.371428571428574,82.63428571428571,7
2017,46,2017-11-11,2017-11-17,Kalutara,141,5.95,26.77,83.03285714285714,7
2017,46,2017-11-11,2017-11-17,Kandy,220,3.7499999999999996,24.451428571428572,85.47285714285715,7
2017,46,2017-11-11,2017-11-17,Jaffna,126,33.849999999999994,27.282857142857146,80.85000000000001,7
2017,47,2017-11-18,2017-11-24,Colombo,320,59.410000000000004,26.647142857142853,82.21000000000001,7
2017,47,2017-11-18,2017-11-24,Gampaha,234,59.410000000000004,26.647142857142853,82.21000000000001,7
2017,47,2017-11-18,2017-11-24,Kalutara,159,112.97999999999999,26.859999999999996,82.96714285714287,7
2017,47,2017-11-18,2017-11-24,Kandy,201,31.759999999999998,24.64428571428572,87.10571428571428,7
2017,47,2017-11-18,2017-11-24,Jaffna,108,10.57,27.725714285714286,81.59285714285714,7
2017,48,2017-11-25,2017-12-01,Colombo,275,155.7,25.897142857142857,89.11857142857141,7
2017,48,2017-11-25,2017-12-01,Gampaha,289,155.7,25.897142857142857,89.11857142857141,7
2017,48,2017-11-25,2017-12-01,Kalutara,64,245.6,26.21142857142857,88.91857142857143,7
2017,48,2017-11-25,2017-12-01,Kandy,204,140.83999999999997,24.194285714285716,92.37285714285714,7
2017,48,2017-11-25,2017-12-01,Jaffna,146,113.27,27.24857142857143,86.19285714285715,7
2017,49,2017-12-02,2017-12-08,Colombo,367,17.700000000000003,25.695714285714285,83.6,7
2017,49,2017-12-02,2017-12-08,Gampaha,323,17.700000000000003,25.695714285714285,83.6,7
2017,49,2017-12-02,2017-12-08,Kalutara,141,17.51,26.04714285714286,84.10000000000001,7
2017,49,2017-12-02,2017-12-08,Kandy,222,34.260000000000005,23.818571428571428,87.72142857142858,7
2017,49,2017-12-02,2017-12-08,Jaffna,188,7.97,26.66,80.75714285714285,7
2017,50,2017-12-09,2017-12-15,Colombo,346,66.98,25.961428571428566,80.80142857142857,7
2017,50,2017-12-09,2017-12-15,Gampaha,247,66.98,25.961428571428566,80.80142857142857,7
2017,50,2017-12-09,2017-12-15,Kalutara,125,121.09,26.141428571428573,81.20000000000002,7
2017,50,2017-12-09,2017-12-15,Kandy,224,54.80999999999999,24.311428571428568,86.06428571428572,7
2017,50,2017-12-09,2017-12-15,Jaffna,191,11.319999999999999,27.00857142857143,78.9,7
2017,51,2017-12-16,2017-12-22,Colombo,324,29.92,25.61714285714286,83.92999999999999,7
2017,51,2017-12-16,2017-12-22,Gampaha,176,29.92,25.61714285714286,83.92999999999999,7
2017,51,2017-12-16,2017-12-22,Kalutara,105,36.1,26.324285714285715,82.35428571428572,7
2017,51,2017-12-16,2017-12-22,Kandy,180,51.16,23.324285714285715,89.46142857142857,7
2017,51,2017-12-16,2017-12-22,Jaffna,229,41.45,26.802857142857142,78.79714285714284,7
2017,52,2017-12-23,2017-12-29,Colombo,290,18.76,25.544285714285714,81.97000000000001,7
2017,52,2017-12-23,2017-12-29,Gampaha,184,18.76,25.544285714285714,81.97000000000001,7
2017,52,2017-12-23,2017-12-29,Kalutara,101,36.78,26.267142857142854,80.77571428571427,7
2017,52,2017-12-23,2017-12-29,Kandy,127,20.669999999999998,22.93285714285714,88.56571428571428,7
2017,52,2017-12-23,2017-12-29,Jaffna,158,8.639999999999999,26.22,76.08714285714287,7
2018,1,2017-12-30,2018-01-05,Colombo,260,1.23,25.447142857142858,76.57571428571428,7
2018,1,2017-12-30,2018-01-05,Gampaha,208,1.23,25.447142857142858,76.57571428571428,7
2018,1,2017-12-30,2018-01-05,Kalutara,124,2.44,25.951428571428572,76.38857142857141,7
2018,1,2017-12-30,2018-01-05,Kandy,157,0.67,22.919999999999998,84.63285714285715,7
2018,1,2017-12-30,2018-01-05,Jaffna,230,0.02,25.979999999999997,76.54285714285713,7
2018,2,2018-01-06,2018-01-12,Colombo,330,7.22,24.710000000000004,78.73285714285713,7
2018,2,2018-01-06,2018-01-12,Gampaha,194,7.22,24.710000000000004,78.73285714285713,7
2018,2,2018-01-06,2018-01-12,Kalutara,120,6.0600000000000005,25.12285714285714,77.7357142857143,7
2018,2,2018-01-06,2018-01-12,Kandy,114,4.01,22.419999999999998,85.90857142857142,7
2018,2,2018-01-06,2018-01-12,Jaffna,156,21.14,25.698571428571427,78.60285714285715,7
2018,3,2018-01-13,2018-01-19,Colombo,291,5.39,24.842857142857145,79.24428571428572,7
2018,3,2018-01-13,2018-01-19,Gampaha,162,5.39,24.842857142857145,79.24428571428572,7
2018,3,2018-01-13,2018-01-19,Kalutara,87,7.43,25.694285714285716,77.37285714285714,7
2018,3,2018-01-13,2018-01-19,Kandy,97,4.07,22.18857142857143,86.61999999999999,7
2018,3,2018-01-13,2018-01-19,Jaffna,131,1.85,25.63,76.36857142857141,7
2018,4,2018-01-20,2018-01-26,Colombo,278,0.6600000000000001,25.071428571428573,77.03285714285714,7
2018,4,2018-01-20,2018-01-26,Gampaha,147,0.6600000000000001,25.071428571428573,77.03285714285714,7
2018,4,2018-01-20,2018-01-26,Kalutara,102,2.0599999999999996,25.668571428571425,76.80857142857143,7
2018,4,2018-01-20,2018-01-26,Kandy,113,0.0,22.874285714285715,82.88142857142857,7
2018,4,2018-01-20,2018-01-26,Jaffna,120,0.060000000000000005,25.46,73.66428571428571,7
2018,5,2018-01-27,2018-02-02,Colombo,196,21.549999999999997,25.792857142857144,80.0257142857143,7
2018,5,2018-01-27,2018-02-02,Gampaha,105,21.549999999999997,25.792857142857144,80.0257142857143,7
2018,5,2018-01-27,2018-02-02,Kalutara,103,25.849999999999998,26.33857142857143,80.29142857142857,7
2018,5,2018-01-27,2018-02-02,Kandy,82,28.580000000000002,23.534285714285712,85.30000000000003,7
2018,5,2018-01-27,2018-02-02,Jaffna,102,0.8200000000000001,25.74857142857143,74.47714285714285,7
2018,6,2018-02-03,2018-02-09,Colombo,147,13.6,26.34857142857143,78.91571428571429,7
2018,6,2018-02-03,2018-02-09,Gampaha,130,13.6,26.34857142857143,78.91571428571429,7
2018,6,2018-02-03,2018-02-09,Kalutara,88,18.919999999999998,26.289999999999996,82.15857142857143,7
2018,6,2018-02-03,2018-02-09,Kandy,73,9.190000000000001,23.93857142857143,85.00428571428571,7
2018,6,2018-02-03,2018-02-09,Jaffna,77,6.53,25.99,78.77000000000001,7
2018,7,2018-02-10,2018-02-16,Colombo,138,6.1,26.732857142857142,75.0,7
2018,7,2018-02-10,2018-02-16,Gampaha,80,6.1,26.732857142857142,75.0,7
2018,7,2018-02-10,2018-02-16,Kalutara,67,11.58,26.717142857142857,77.97142857142858,7
2018,7,2018-02-10,2018-02-16,Kandy,67,4.87,24.541428571428575,80.13428571428571,7
2018,7,2018-02-10,2018-02-16,Jaffna,68,0.43000000000000005,26.80142857142857,75.62285714285713,7
2018,8,2018-02-17,2018-02-23,Colombo,134,0.26,26.118571428571425,69.22285714285715,7
2018,8,2018-02-17,2018-02-23,Gampaha,89,0.26,26.118571428571425,69.22285714285715,7
2018,8,2018-02-17,2018-02-23,Kalutara,56,0.4,26.027142857142856,73.14428571428572,7
2018,8,2018-02-17,2018-02-23,Kandy,49,0.24000000000000002,24.037142857142857,73.19714285714285,7
2018,8,2018-02-17,2018-02-23,Jaffna,63,0.02,25.81142857142857,72.33428571428571,7
2018,9,2018-02-24,2018-03-02,Colombo,121,49.660000000000004,26.947142857142858,78.03857142857143,7
2018,9,2018-02-24,2018-03-02,Gampaha,65,49.660000000000004,26.947142857142858,78.03857142857143,7
2018,9,2018-02-24,2018-03-02,Kalutara,86,112.85,26.83285714285714,80.35000000000001,7
2018,9,2018-02-24,2018-03-02,Kandy,35,63.72,24.841428571428573,83.83285714285714,7
2018,9,2018-02-24,2018-03-02,Jaffna,40,8.700000000000001,27.33142857142857,77.35142857142857,7
2018,10,2018-03-03,2018-03-09,Colombo,102,28.85,27.25571428571428,76.09142857142858,7
2018,10,2018-03-03,2018-03-09,Gampaha,60,28.85,27.25571428571428,76.09142857142858,7
2018,10,2018-03-03,2018-03-09,Kalutara,70,58.58,27.00857142857143,80.92714285714285,7
2018,10,2018-03-03,2018-03-09,Kandy,29,10.8,25.202857142857145,77.64,7
2018,10,2018-03-03,2018-03-09,Jaffna,47,0.24,27.304285714285715,72.25714285714287,7
2018,11,2018-03-10,2018-03-16,Colombo,77,40.160000000000004,27.11714285714286,78.38428571428572,7
2018,11,2018-03-10,2018-03-16,Gampaha,41,40.160000000000004,27.11714285714286,78.38428571428572,7
2018,11,2018-03-10,2018-03-16,Kalutara,50,63.31,26.795714285714286,82.31714285714285,7
2018,11,2018-03-10,2018-03-16,Kandy,35,58.25,25.71857142857143,82.61857142857143,7
2018,11,2018-03-10,2018-03-16,Jaffna,45,32.61,28.178571428571427,76.99142857142859,7
2018,12,2018-03-17,2018-03-23,Colombo,100,7.180000000000001,27.759999999999998,76.70142857142856,7
2018,12,2018-03-17,2018-03-23,Gampaha,44,7.180000000000001,27.759999999999998,76.70142857142856,7
2018,12,2018-03-17,2018-03-23,Kalutara,73,12.390000000000002,27.46857142857143,80.48,7
2018,12,2018-03-17,2018-03-23,Kandy,30,0.8,26.337142857142858,74.13142857142857,7
2018,12,2018-03-17,2018-03-23,Jaffna,47,3.82,28.55857142857143,71.41000000000001,7
2018,13,2018-03-24,2018-03-30,Colombo,75,39.370000000000005,27.595714285714283,76.24571428571429,7
2018,13,2018-03-24,2018-03-30,Gampaha,29,39.370000000000005,27.595714285714283,76.24571428571429,7
2018,13,2018-03-24,2018-03-30,Kalutara,26,37.14,27.364285714285717,79.50571428571428,7
2018,13,2018-03-24,2018-03-30,Kandy,52,22.98,26.344285714285718,75.46714285714286,7
2018,13,2018-03-24,2018-03-30,Jaffna,28,1.49,29.124285714285715,73.14,7
2018,14,2018-03-31,2018-04-06,Colombo,98,48.099999999999994,27.34142857142857,81.14,7
2018,14,2018-03-31,2018-04-06,Gampaha,53,48.099999999999994,27.34142857142857,81.14,7
2018,14,2018-03-31,2018-04-06,Kalutara,29,81.52,27.24571428571429,83.54999999999998,7
2018,14,2018-03-31,2018-04-06,Kandy,37,10.690000000000001,26.965714285714288,74.94142857142856,7
2018,14,2018-03-31,2018-04-06,Jaffna,28,3.2999999999999994,29.32,73.29714285714284,7
2018,15,2018-04-07,2018-04-13,Colombo,72,95.05000000000001,27.75,77.70428571428572,7
2018,15,2018-04-07,2018-04-13,Gampaha,44,95.05000000000001,27.75,77.70428571428572,7
2018,15,2018-04-07,2018-04-13,Kalutara,16,128.38,27.374285714285712,81.55857142857143,7
2018,15,2018-04-07,2018-04-13,Kandy,33,58.57999999999999,26.25142857142857,80.14428571428572,7
2018,15,2018-04-07,2018-04-13,Jaffna,20,20.29,29.217142857142857,76.39,7
2018,16,2018-04-14,2018-04-20,Colombo,98,43.51,28.060000000000002,78.79857142857144,7
2018,16,2018-04-14,2018-04-20,Gampaha,32,43.51,28.060000000000002,78.79857142857144,7
2018,16,2018-04-14,2018-04-20,Kalutara,39,46.440000000000005,27.62571428571428,82.30142857142857,7
2018,16,2018-04-14,2018-04-20,Kandy,34,26.160000000000004,27.395714285714284,75.51571428571428,7
2018,16,2018-04-14,2018-04-20,Jaffna,22,12.58,29.897142857142857,73.65857142857143,7
2018,17,2018-04-21,2018-04-27,Colombo,135,46.72,27.69,83.18857142857144,7
2018,17,2018-04-21,2018-04-27,Gampaha,46,46.72,27.69,83.18857142857144,7
2018,17,2018-04-21,2018-04-27,Kalutara,52,55.370000000000005,27.69,84.38142857142857,7
2018,17,2018-04-21,2018-04-27,Kandy,36,33.51,27.80142857142857,74.53857142857143,7
2018,17,2018-04-21,2018-04-27,Jaffna,16,2.8800000000000003,30.588571428571434,70.82428571428571,7
2018,18,2018-04-28,2018-05-04,Colombo,109,65.19,27.74142857142857,84.49428571428572,7
2018,18,2018-04-28,2018-05-04,Gampaha,34,65.19,27.74142857142857,84.49428571428572,7
2018,18,2018-04-28,2018-05-04,Kalutara,35,65.35,27.869999999999997,83.8942857142857,7
2018,18,2018-04-28,2018-05-04,Kandy,62,47.849999999999994,27.67571428571429,78.65285714285714,7
2018,18,2018-04-28,2018-05-04,Jaffna,19,24.409999999999997,30.47285714285714,75.31142857142856,7
2018,19,2018-05-05,2018-05-11,Colombo,116,90.88,26.86285714285714,86.51142857142858,7
2018,19,2018-05-05,2018-05-11,Gampaha,56,90.88,26.86285714285714,86.51142857142858,7
2018,19,2018-05-05,2018-05-11,Kalutara,35,93.05999999999999,27.038571428571426,86.76857142857143,7
2018,19,2018-05-05,2018-05-11,Kandy,63,100.59,25.91,86.05142857142857,7
2018,19,2018-05-05,2018-05-11,Jaffna,29,27.91,29.46,77.77428571428572,7
2018,20,2018-05-12,2018-05-18,Colombo,168,97.94,26.471428571428568,88.70285714285714,7
2018,20,2018-05-12,2018-05-18,Gampaha,53,97.94,26.471428571428568,88.70285714285714,7
2018,20,2018-05-12,2018-05-18,Kalutara,44,127.72,26.705714285714286,88.52857142857144,7
2018,20,2018-05-12,2018-05-18,Kandy,80,58.73,25.404285714285713,89.45571428571428,7
2018,20,2018-05-12,2018-05-18,Jaffna,23,24.380000000000003,29.37285714285714,78.02999999999999,7
2018,21,2018-05-19,2018-05-25,Colombo,222,155.23999999999998,26.67142857142857,87.51714285714286,7
2018,21,2018-05-19,2018-05-25,Gampaha,90,155.23999999999998,26.67142857142857,87.51714285714286,7
2018,21,2018-05-19,2018-05-25,Kalutara,55,125.90000000000002,26.864285714285717,87.37142857142858,7
2018,21,2018-05-19,2018-05-25,Kandy,91,134.70000000000002,25.06714285714286,89.83571428571429,7
2018,21,2018-05-19,2018-05-25,Jaffna,29,53.3,29.108571428571427,79.85571428571428,7
2018,22,2018-05-26,2018-06-01,Colombo,193,44.24,27.204285714285714,87.82000000000001,7
2018,22,2018-05-26,2018-06-01,Gampaha,76,44.24,27.204285714285714,87.82000000000001,7
2018,22,2018-05-26,2018-06-01,Kalutara,49,45.330000000000005,27.458571428571425,87.52999999999999,7
2018,22,2018-05-26,2018-06-01,Kandy,74,20.94,25.919999999999998,87.88428571428572,7
2018,22,2018-05-26,2018-06-01,Jaffna,88,3.5999999999999996,29.304285714285715,81.13000000000001,7
2018,23,2018-06-02,2018-06-08,Colombo,220,65.36,26.84857142857143,89.95428571428572,7
2018,23,2018-06-02,2018-06-08,Gampaha,110,65.36,26.84857142857143,89.95428571428572,7
2018,23,2018-06-02,2018-06-08,Kalutara,93,60.46,27.08857142857143,89.47428571428573,7
2018,23,2018-06-02,2018-06-08,Kandy,94,39.599999999999994,25.44,90.85285714285715,7
2018,23,2018-06-02,2018-06-08,Jaffna,64,15.379999999999999,29.072857142857146,82.48571428571428,7
2018,24,2018-06-09,2018-06-15,Colombo,266,34.6,26.73428571428571,88.94857142857143,7
2018,24,2018-06-09,2018-06-15,Gampaha,120,34.6,26.73428571428571,88.94857142857143,7
2018,24,2018-06-09,2018-06-15,Kalutara,59,34.92,26.981428571428577,88.62285714285713,7
2018,24,2018-06-09,2018-06-15,Kandy,85,16.64,25.560000000000002,87.66428571428573,7
2018,24,2018-06-09,2018-06-15,Jaffna,94,2.2299999999999995,29.107142857142858,80.59142857142857,7
2018,25,2018-06-16,2018-06-22,Colombo,278,29.47,26.35,86.95,7
2018,25,2018-06-16,2018-06-22,Gampaha,150,29.47,26.35,86.95,7
2018,25,2018-06-16,2018-06-22,Kalutara,33,31.59,26.640000000000004,86.36285714285715,7
2018,25,2018-06-16,2018-06-22,Kandy,65,11.25,25.034285714285712,86.63142857142859,7
2018,25,2018-06-16,2018-06-22,Jaffna,109,2.12,28.822857142857142,78.7,7
2018,26,2018-06-23,2018-06-29,Colombo,335,25.93,26.145714285714288,88.33142857142857,7
2018,26,2018-06-23,2018-06-29,Gampaha,212,25.93,26.145714285714288,88.33142857142857,7
2018,26,2018-06-23,2018-06-29,Kalutara,93,40.35,26.451428571428572,87.69571428571429,7
2018,26,2018-06-23,2018-06-29,Kandy,93,6.3,25.12,85.00714285714285,7
2018,26,2018-06-23,2018-06-29,Jaffna,84,2.35,28.901428571428575,75.54285714285713,7
2018,27,2018-06-30,2018-07-06,Colombo,449,11.290000000000001,26.155714285714286,88.39571428571428,7
2018,27,2018-06-30,2018-07-06,Gampaha,235,11.290000000000001,26.155714285714286,88.39571428571428,7
2018,27,2018-06-30,2018-07-06,Kalutara,126,16.9,26.505714285714284,88.07428571428571,7
2018,27,2018-06-30,2018-07-06,Kandy,140,12.620000000000001,25.172857142857147,85.67857142857143,7
2018,27,2018-06-30,2018-07-06,Jaffna,93,10.82,28.77,77.64999999999999,7
2018,28,2018-07-07,2018-07-13,Colombo,431,35.48,26.0,88.32000000000001,7
2018,28,2018-07-07,2018-07-13,Gampaha,212,35.48,26.0,88.32000000000001,7
2018,28,2018-07-07,2018-07-13,Kalutara,123,39.31999999999999,26.34142857142857,88.14714285714285,7
2018,28,2018-07-07,2018-07-13,Kandy,119,14.81,25.038571428571426,83.80999999999999,7
2018,28,2018-07-07,2018-07-13,Jaffna,77,1.76,29.08857142857143,74.86000000000001,7
2018,29,2018-07-14,2018-07-20,Colombo,380,15.98,25.811428571428568,88.26428571428572,7
2018,29,2018-07-14,2018-07-20,Gampaha,225,15.98,25.811428571428568,88.26428571428572,7
2018,29,2018-07-14,2018-07-20,Kalutara,85,21.040000000000003,26.06142857142857,88.52714285714285,7
2018,29,2018-07-14,2018-07-20,Kandy,151,7.99,25.142857142857142,82.13428571428572,7
2018,29,2018-07-14,2018-07-20,Jaffna,85,1.75,29.207142857142856,74.71428571428571,7
2018,30,2018-07-21,2018-07-27,Colombo,308,6.57,25.619999999999997,90.58428571428571,7
2018,30,2018-07-21,2018-07-27,Gampaha,180,6.57,25.619999999999997,90.58428571428571,7
2018,30,2018-07-21,2018-07-27,Kalutara,88,9.77,25.918571428571425,90.64714285714285,7
2018,30,2018-07-21,2018-07-27,Kandy,84,5.42,25.479999999999997,82.91714285714286,7
2018,30,2018-07-21,2018-07-27,Jaffna,46,0.96,29.404285714285713,73.87285714285714,7
2018,31,2018-07-28,2018-08-03,Colombo,343,16.16,25.54,90.51428571428572,7
2018,31,2018-07-28,2018-08-03,Gampaha,187,16.16,25.54,90.51428571428572,7
2018,31,2018-07-28,2018-08-03,Kalutara,51,21.97,25.91571428571429,90.34857142857143,7
2018,31,2018-07-28,2018-08-03,Kandy,120,6.420000000000001,25.312857142857144,81.78428571428572,7
2018,31,2018-07-28,2018-08-03,Jaffna,69,3.7499999999999996,28.504285714285714,78.16857142857144,7
2018,32,2018-08-04,2018-08-10,Colombo,241,26.009999999999998,25.607142857142858,89.84571428571428,7
2018,32,2018-08-04,2018-08-10,Gampaha,150,26.009999999999998,25.607142857142858,89.84571428571428,7
2018,32,2018-08-04,2018-08-10,Kalutara,51,27.5,26.05428571428572,89.42857142857143,7
2018,32,2018-08-04,2018-08-10,Kandy,93,13.95,25.021428571428572,83.11142857142856,7
2018,32,2018-08-04,2018-08-10,Jaffna,50,2.27,28.662857142857142,75.86571428571428,7
2018,33,2018-08-11,2018-08-17,Colombo,201,37.120000000000005,25.548571428571424,88.51857142857143,7
2018,33,2018-08-11,2018-08-17,Gampaha,135,37.120000000000005,25.548571428571424,88.51857142857143,7
2018,33,2018-08-11,2018-08-17,Kalutara,50,46.38,25.76142857142857,89.26142857142857,7
2018,33,2018-08-11,2018-08-17,Kandy,76,20.82,24.885714285714283,82.80571428571429,7
2018,33,2018-08-11,2018-08-17,Jaffna,38,2.86,28.937142857142852,74.2042857142857,7
2018,34,2018-08-18,2018-08-24,Colombo,142,13.409999999999998,25.231428571428573,88.88285714285715,7
2018,34,2018-08-18,2018-08-24,Gampaha,94,13.409999999999998,25.231428571428573,88.88285714285715,7
2018,34,2018-08-18,2018-08-24,Kalutara,46,20.31,25.555714285714288,88.83285714285714,7
2018,34,2018-08-18,2018-08-24,Kandy,50,11.02,25.21,80.97,7
2018,34,2018-08-18,2018-08-24,Jaffna,26,4.77,28.76142857142857,74.27857142857144,7
2018,35,2018-08-25,2018-08-31,Colombo,110,6.06,25.351428571428574,88.59571428571428,7
2018,35,2018-08-25,2018-08-31,Gampaha,95,6.06,25.351428571428574,88.59571428571428,7
2018,35,2018-08-25,2018-08-31,Kalutara,64,8.11,25.552857142857142,88.57571428571428,7
2018,35,2018-08-25,2018-08-31,Kandy,54,8.39,25.424285714285713,80.01285714285714,7
2018,35,2018-08-25,2018-08-31,Jaffna,18,10.04,28.44857142857143,76.83,7
2018,36,2018-09-01,2018-09-07,Colombo,102,2.79,25.79285714285714,84.18285714285715,7
2018,36,2018-09-01,2018-09-07,Gampaha,100,2.79,25.79285714285714,84.18285714285715,7
2018,36,2018-09-01,2018-09-07,Kalutara,37,4.7,26.082857142857144,84.51571428571428,7
2018,36,2018-09-01,2018-09-07,Kandy,96,0.12,25.642857142857142,76.2057142857143,7
2018,36,2018-09-01,2018-09-07,Jaffna,21,4.969999999999999,28.07999999999999,78.17714285714284,7
2018,37,2018-09-08,2018-09-14,Colombo,97,5.19,26.244285714285713,81.08142857142856,7
2018,37,2018-09-08,2018-09-14,Gampaha,92,5.19,26.244285714285713,81.08142857142856,7
2018,37,2018-09-08,2018-09-14,Kalutara,28,4.930000000000001,26.408571428571427,82.10571428571428,7
2018,37,2018-09-08,2018-09-14,Kandy,73,6.54,26.787142857142857,71.99,7
2018,37,2018-09-08,2018-09-14,Jaffna,38,0.93,29.018571428571427,71.48285714285714,7
2018,38,2018-09-15,2018-09-21,Colombo,97,36.41,26.54,82.28428571428572,7
2018,38,2018-09-15,2018-09-21,Gampaha,80,36.41,26.54,82.28428571428572,7
2018,38,2018-09-15,2018-09-21,Kalutara,22,46.64,26.767142857142858,82.66,7
2018,38,2018-09-15,2018-09-21,Kandy,53,11.81,25.695714285714285,78.25142857142858,7
2018,38,2018-09-15,2018-09-21,Jaffna,35,8.16,28.612857142857145,76.05857142857143,7
2018,39,2018-09-22,2018-09-28,Colombo,91,46.74000000000001,26.095714285714287,86.1285714285714,7
2018,39,2018-09-22,2018-09-28,Gampaha,78,46.74000000000001,26.095714285714287,86.1285714285714,7
2018,39,2018-09-22,2018-09-28,Kalutara,32,55.53,26.16,86.85,7
2018,39,2018-09-22,2018-09-28,Kandy,51,38.199999999999996,26.13571428571429,78.23857142857142,7
2018,39,2018-09-22,2018-09-28,Jaffna,21,24.59,28.654285714285713,76.25285714285714,7
2018,40,2018-09-29,2018-10-05,Colombo,75,71.9,26.25142857142857,87.68714285714286,7
2018,40,2018-09-29,2018-10-05,Gampaha,46,71.9,26.25142857142857,87.68714285714286,7
2018,40,2018-09-29,2018-10-05,Kalutara,28,83.17999999999999,26.194285714285716,89.19857142857141,7
2018,40,2018-09-29,2018-10-05,Kandy,41,79.13,26.07,82.76714285714286,7
2018,40,2018-09-29,2018-10-05,Jaffna,33,47.720000000000006,28.361428571428572,81.13285714285715,7
2018,41,2018-10-06,2018-10-12,Colombo,78,114.21000000000002,25.677142857142858,86.99857142857141,7
2018,41,2018-10-06,2018-10-12,Gampaha,70,114.21000000000002,25.677142857142858,86.99857142857141,7
2018,41,2018-10-06,2018-10-12,Kalutara,26,128.11,25.881428571428575,87.12428571428573,7
2018,41,2018-10-06,2018-10-12,Kandy,48,77.63999999999999,24.485714285714288,87.09285714285714,7
2018,41,2018-10-06,2018-10-12,Jaffna,58,44.28,28.21857142857143,78.41428571428573,7
2018,42,2018-10-13,2018-10-19,Colombo,92,26.630000000000003,26.041428571428575,83.08857142857143,7
2018,42,2018-10-13,2018-10-19,Gampaha,53,26.630000000000003,26.041428571428575,83.08857142857143,7
2018,42,2018-10-13,2018-10-19,Kalutara,16,28.23,26.224285714285713,83.48428571428572,7
2018,42,2018-10-13,2018-10-19,Kandy,52,22.02,24.92285714285714,82.88857142857144,7
2018,42,2018-10-13,2018-10-19,Jaffna,58,52.77,28.062857142857144,77.49714285714286,7
2018,43,2018-10-20,2018-10-26,Colombo,127,58.69,26.1,87.05714285714285,7
2018,43,2018-10-20,2018-10-26,Gampaha,68,58.69,26.1,87.05714285714285,7
2018,43,2018-10-20,2018-10-26,Kalutara,17,79.78999999999999,26.27142857142857,87.61,7
2018,43,2018-10-20,2018-10-26,Kandy,52,26.0,25.117142857142856,86.08571428571427,7
2018,43,2018-10-20,2018-10-26,Jaffna,54,28.699999999999996,28.087142857142858,79.05571428571429,7
2018,44,2018-10-27,2018-11-02,Colombo,133,84.80000000000001,26.10571428571429,86.41428571428571,7
2018,44,2018-10-27,2018-11-02,Gampaha,72,84.80000000000001,26.10571428571429,86.41428571428571,7
2018,44,2018-10-27,2018-11-02,Kalutara,31,94.77000000000001,26.31714285714285,87.37,7
2018,44,2018-10-27,2018-11-02,Kandy,83,89.92999999999999,24.525714285714287,88.33714285714287,7
2018,44,2018-10-27,2018-11-02,Jaffna,82,112.37,27.781428571428567,82.63000000000001,7
2018,45,2018-11-03,2018-11-09,Colombo,161,109.44,25.944285714285712,87.39714285714287,7
2018,45,2018-11-03,2018-11-09,Gampaha,89,109.44,25.944285714285712,87.39714285714287,7
2018,45,2018-11-03,2018-11-09,Kalutara,44,142.35,26.148571428571426,87.8757142857143,7
2018,45,2018-11-03,2018-11-09,Kandy,73,95.45,23.988571428571426,91.72285714285715,7
2018,45,2018-11-03,2018-11-09,Jaffna,107,68.71,27.687142857142856,81.0657142857143,7
2018,46,2018-11-10,2018-11-16,Colombo,199,3.6700000000000004,25.962857142857143,83.25714285714285,7
2018,46,2018-11-10,2018-11-16,Gampaha,116,3.6700000000000004,25.962857142857143,83.25714285714285,7
2018,46,2018-11-10,2018-11-16,Kalutara,53,9.87,26.38,83.24,7
2018,46,2018-11-10,2018-11-16,Kandy,89,0.17,24.064285714285713,86.00571428571428,7
2018,46,2018-11-10,2018-11-16,Jaffna,105,42.019999999999996,27.321428571428573,75.58571428571429,7
2018,47,2018-11-17,2018-11-23,Colombo,207,86.07,26.295714285714286,83.88142857142859,7
2018,47,2018-11-17,2018-11-23,Gampaha,139,86.07,26.295714285714286,83.88142857142859,7
2018,47,2018-11-17,2018-11-23,Kalutara,45,88.38,26.495714285714286,84.6557142857143,7
2018,47,2018-11-17,2018-11-23,Kandy,64,92.25,24.437142857142852,89.11142857142859,7
2018,47,2018-11-17,2018-11-23,Jaffna,104,69.3,27.054285714285715,85.2857142857143,7
2018,48,2018-11-24,2018-11-30,Colombo,277,45.35,26.32714285714286,83.43999999999998,7
2018,48,2018-11-24,2018-11-30,Gampaha,174,45.35,26.32714285714286,83.43999999999998,7
2018,48,2018-11-24,2018-11-30,Kalutara,60,63.89,26.677142857142858,82.73285714285714,7
2018,48,2018-11-24,2018-11-30,Kandy,51,26.15,24.314285714285713,89.38571428571429,7
2018,48,2018-11-24,2018-11-30,Jaffna,127,20.599999999999998,27.018571428571427,80.22714285714287,7
2018,49,2018-12-01,2018-12-07,Colombo,331,29.79,25.867142857142856,83.75142857142858,7
2018,49,2018-12-01,2018-12-07,Gampaha,201,29.79,25.867142857142856,83.75142857142858,7
2018,49,2018-12-01,2018-12-07,Kalutara,89,40.16,26.539999999999996,80.78,7
2018,49,2018-12-01,2018-12-07,Kandy,120,36.510000000000005,23.528571428571432,91.37571428571428,7
2018,49,2018-12-01,2018-12-07,Jaffna,206,39.01,27.09714285714286,81.9442857142857,7
2018,50,2018-12-08,2018-12-14,Colombo,292,4.29,25.220000000000002,83.61571428571428,7
2018,50,2018-12-08,2018-12-14,Gampaha,213,4.29,25.220000000000002,83.61571428571428,7
2018,50,2018-12-08,2018-12-14,Kalutara,83,10.770000000000001,25.964285714285715,81.67714285714285,7
2018,50,2018-12-08,2018-12-14,Kandy,75,6.970000000000001,22.895714285714288,89.84142857142858,7
2018,50,2018-12-08,2018-12-14,Jaffna,270,2.44,26.841428571428573,79.03999999999999,7
2018,51,2018-12-15,2018-12-21,Colombo,390,26.11,25.407142857142855,81.90428571428572,7
2018,51,2018-12-15,2018-12-21,Gampaha,172,26.11,25.407142857142855,81.90428571428572,7
2018,51,2018-12-15,2018-12-21,Kalutara,76,29.26,25.862857142857145,81.24142857142856,7
2018,51,2018-12-15,2018-12-21,Kandy,90,37.01,23.372857142857146,87.86857142857143,7
2018,51,2018-12-15,2018-12-21,Jaffna,219,14.350000000000001,26.208571428571425,80.56714285714285,7
2018,52,2018-12-22,2018-12-28,Colombo,320,60.10999999999999,25.95714285714286,84.99142857142859,7
2018,52,2018-12-22,2018-12-28,Gampaha,151,60.10999999999999,25.95714285714286,84.99142857142859,7
2018,52,2018-12-22,2018-12-28,Kalutara,102,96.60000000000001,26.245714285714282,84.52142857142859,7
2018,52,2018-12-22,2018-12-28,Kandy,54,46.190000000000005,23.92142857142857,90.62428571428573,7
2018,52,2018-12-22,2018-12-28,Jaffna,236,31.32,26.425714285714285,83.13714285714286,7
2019,1,2018-12-29,2019-01-04,Colombo,299,0.71,24.642857142857142,79.60285714285715,7
2019,1,2018-12-29,2019-01-04,Gampaha,154,0.71,24.642857142857142,79.60285714285715,7
2019,1,2018-12-29,2019-01-04,Kalutara,110,2.17,25.708571428571428,77.56000000000002,7
2019,1,2018-12-29,2019-01-04,Kandy,53,0.78,21.681428571428576,87.33857142857143,7
2019,1,2018-12-29,2019-01-04,Jaffna,247,1.13,25.565714285714286,73.26857142857143,7
2019,2,2019-01-05,2019-01-11,Colombo,326,6.83,25.2,80.71285714285715,7
2019,2,2019-01-05,2019-01-11,Gampaha,188,6.83,25.2,80.71285714285715,7
2019,2,2019-01-05,2019-01-11,Kalutara,93,25.4,26.025714285714287,79.35285714285715,7
2019,2,2019-01-05,2019-01-11,Kandy,96,1.33,22.49142857142857,87.97142857142855,7
2019,2,2019-01-05,2019-01-11,Jaffna,252,0.06,25.457142857142856,75.4342857142857,7
2019,3,2019-01-12,2019-01-18,Colombo,259,17.27,25.291428571428572,82.61285714285714,7
2019,3,2019-01-12,2019-01-18,Gampaha,161,17.27,25.291428571428572,82.61285714285714,7
2019,3,2019-01-12,2019-01-18,Kalutara,78,37.809999999999995,26.101428571428567,81.81142857142856,7
2019,3,2019-01-12,2019-01-18,Kandy,70,38.080000000000005,22.881428571428575,89.03285714285717,7
2019,3,2019-01-12,2019-01-18,Jaffna,211,0.8400000000000001,25.76285714285714,75.3457142857143,7
2019,4,2019-01-19,2019-01-25,Colombo,341,1.2200000000000002,25.439999999999998,79.30142857142857,7
2019,4,2019-01-19,2019-01-25,Gampaha,177,1.2200000000000002,25.439999999999998,79.30142857142857,7
2019,4,2019-01-19,2019-01-25,Kalutara,70,2.94,25.792857142857144,80.19428571428571,7
2019,4,2019-01-19,2019-01-25,Kandy,69,0.3,23.00857142857143,86.06000000000002,7
2019,4,2019-01-19,2019-01-25,Jaffna,190,0.16,25.56142857142857,75.77285714285713,7
2019,5,2019-01-26,2019-02-01,Colombo,232,1.09,26.134285714285713,76.99714285714286,7
2019,5,2019-01-26,2019-02-01,Gampaha,134,1.09,26.134285714285713,76.99714285714286,7
2019,5,2019-01-26,2019-02-01,Kalutara,53,3.88,26.43857142857143,78.52571428571427,7
2019,5,2019-01-26,2019-02-01,Kandy,70,1.93,23.551428571428573,83.35857142857142,7
2019,5,2019-01-26,2019-02-01,Jaffna,153,0.22,26.37857142857143,75.82571428571428,7
2019,6,2019-02-02,2019-02-08,Colombo,201,27.38,26.674285714285713,80.72714285714287,7
2019,6,2019-02-02,2019-02-08,Gampaha,118,27.38,26.674285714285713,80.72714285714287,7
2019,6,2019-02-02,2019-02-08,Kalutara,31,52.0,26.752857142857142,82.64571428571428,7
2019,6,2019-02-02,2019-02-08,Kandy,54,40.76,24.694285714285716,85.77857142857144,7
2019,6,2019-02-02,2019-02-08,Jaffna,129,26.909999999999997,26.774285714285714,78.31142857142856,7
2019,7,2019-02-09,2019-02-15,Colombo,215,45.519999999999996,26.602857142857147,80.59,7
2019,7,2019-02-09,2019-02-15,Gampaha,107,45.519999999999996,26.602857142857147,80.59,7
2019,7,2019-02-09,2019-02-15,Kalutara,42,41.15,26.917142857142856,80.57428571428571,7
2019,7,2019-02-09,2019-02-15,Kandy,58,36.809999999999995,24.657142857142862,85.8985714285714,7
2019,7,2019-02-09,2019-02-15,Jaffna,86,3.8899999999999997,27.478571428571428,76.53,7
2019,8,2019-02-16,2019-02-22,Colombo,144,20.28,26.804285714285715,78.40714285714284,7
2019,8,2019-02-16,2019-02-22,Gampaha,69,20.28,26.804285714285715,78.40714285714284,7
2019,8,2019-02-16,2019-02-22,Kalutara,40,30.75,27.072857142857142,79.22999999999999,7
2019,8,2019-02-16,2019-02-22,Kandy,47,11.769999999999998,25.02142857142857,81.69571428571429,7
2019,8,2019-02-16,2019-02-22,Jaffna,86,3.15,27.921428571428574,74.37571428571428,7
2019,9,2019-02-23,2019-03-01,Colombo,153,26.55,26.875714285714285,76.40571428571427,7
2019,9,2019-02-23,2019-03-01,Gampaha,108,26.55,26.875714285714285,76.40571428571427,7
2019,9,2019-02-23,2019-03-01,Kalutara,45,48.73,26.761428571428574,79.27714285714286,7
2019,9,2019-02-23,2019-03-01,Kandy,39,12.990000000000002,25.101428571428574,79.98,7
2019,9,2019-02-23,2019-03-01,Jaffna,56,0.21,27.74,73.98857142857143,7
2019,10,2019-03-02,2019-03-08,Colombo,170,8.590000000000002,27.282857142857143,78.75857142857141,7
2019,10,2019-03-02,2019-03-08,Gampaha,99,8.590000000000002,27.282857142857143,78.75857142857141,7
2019,10,2019-03-02,2019-03-08,Kalutara,42,17.150000000000002,27.07428571428571,82.06142857142856,7
2019,10,2019-03-02,2019-03-08,Kandy,53,1.4,26.681428571428572,73.51285714285713,7
2019,10,2019-03-02,2019-03-08,Jaffna,49,0.19,28.72142857142857,73.01857142857143,7
2019,11,2019-03-09,2019-03-15,Colombo,173,11.389999999999999,27.585714285714282,69.75142857142858,7
2019,11,2019-03-09,2019-03-15,Gampaha,103,11.389999999999999,27.585714285714282,69.75142857142858,7
2019,11,2019-03-09,2019-03-15,Kalutara,35,15.62,27.35571428571429,75.02857142857144,7
2019,11,2019-03-09,2019-03-15,Kandy,52,4.319999999999999,25.967142857142857,70.25571428571429,7
2019,11,2019-03-09,2019-03-15,Jaffna,57,1.5,28.584285714285716,70.8457142857143,7
2019,12,2019-03-16,2019-03-22,Colombo,184,20.29,28.111428571428572,72.24857142857142,7
2019,12,2019-03-16,2019-03-22,Gampaha,101,20.29,28.111428571428572,72.24857142857142,7
2019,12,2019-03-16,2019-03-22,Kalutara,43,28.639999999999997,27.76571428571429,76.17857142857143,7
2019,12,2019-03-16,2019-03-22,Kandy,35,9.790000000000001,27.141428571428573,70.96571428571427,7
2019,12,2019-03-16,2019-03-22,Jaffna,64,0.30999999999999994,28.987142857142857,70.56285714285715,7
2019,13,2019-03-23,2019-03-29,Colombo,135,5.369999999999999,27.97,68.90142857142857,7
2019,13,2019-03-23,2019-03-29,Gampaha,57,5.369999999999999,27.97,68.90142857142857,7
2019,13,2019-03-23,2019-03-29,Kalutara,49,9.42,27.585714285714285,73.48571428571428,7
2019,13,2019-03-23,2019-03-29,Kandy,50,0.88,27.345714285714287,59.85857142857143,7
2019,13,2019-03-23,2019-03-29,Jaffna,42,0.01,29.792857142857144,62.694285714285705,7
2019,14,2019-03-30,2019-04-05,Colombo,166,3.84,28.087142857142855,71.05,7
2019,14,2019-03-30,2019-04-05,Gampaha,91,3.84,28.087142857142855,71.05,7
2019,14,2019-03-30,2019-04-05,Kalutara,38,3.6599999999999993,27.66,75.5942857142857,7
2019,14,2019-03-30,2019-04-05,Kandy,35,0.16000000000000003,29.025714285714287,56.07142857142857,7
2019,14,2019-03-30,2019-04-05,Jaffna,54,0.04,30.42142857142857,63.271428571428565,7
2019,15,2019-04-06,2019-04-12,Colombo,136,6.68,28.691428571428577,73.04857142857142,7
2019,15,2019-04-06,2019-04-12,Gampaha,64,6.68,28.691428571428577,73.04857142857142,7
2019,15,2019-04-06,2019-04-12,Kalutara,42,9.110000000000001,28.084285714285716,78.37571428571428,7
2019,15,2019-04-06,2019-04-12,Kandy,51,8.63,29.831428571428575,60.01857142857143,7
2019,15,2019-04-06,2019-04-12,Jaffna,31,0.51,31.001428571428573,65.20714285714287,7
2019,16,2019-04-13,2019-04-19,Colombo,99,103.28000000000002,28.259999999999998,79.36857142857143,7
2019,16,2019-04-13,2019-04-19,Gampaha,75,103.28000000000002,28.259999999999998,79.36857142857143,7
2019,16,2019-04-13,2019-04-19,Kalutara,35,126.99999999999999,28.062857142857144,81.9557142857143,7
2019,16,2019-04-13,2019-04-19,Kandy,45,27.76,29.220000000000002,65.39571428571428,7
2019,16,2019-04-13,2019-04-19,Jaffna,32,5.56,30.98142857142857,65.46428571428571,7
2019,17,2019-04-20,2019-04-26,Colombo,178,60.85000000000001,27.905714285714286,78.66142857142857,7
2019,17,2019-04-20,2019-04-26,Gampaha,114,60.85000000000001,27.905714285714286,78.66142857142857,7
2019,17,2019-04-20,2019-04-26,Kalutara,70,83.32000000000001,27.68142857142857,80.33857142857143,7
2019,17,2019-04-20,2019-04-26,Kandy,61,39.11999999999999,28.125714285714285,70.38285714285715,7
2019,17,2019-04-20,2019-04-26,Jaffna,44,16.41,30.62,69.22714285714287,7
2019,18,2019-04-27,2019-05-03,Colombo,168,56.74,28.115714285714287,84.15,7
2019,18,2019-04-27,2019-05-03,Gampaha,100,56.74,28.115714285714287,84.15,7
2019,18,2019-04-27,2019-05-03,Kalutara,52,89.78,28.187142857142856,85.72857142857143,7
2019,18,2019-04-27,2019-05-03,Kandy,63,18.03,27.801428571428573,75.4342857142857,7
2019,18,2019-04-27,2019-05-03,Jaffna,20,7.680000000000001,30.807142857142857,72.62857142857142,7
2019,19,2019-05-04,2019-05-10,Colombo,143,3.97,27.82,81.27142857142857,7
2019,19,2019-05-04,2019-05-10,Gampaha,99,3.97,27.82,81.27142857142857,7
2019,19,2019-05-04,2019-05-10,Kalutara,73,11.76,27.857142857142854,82.85571428571428,7
2019,19,2019-05-04,2019-05-10,Kandy,70,0.76,28.155714285714286,71.1,7
2019,19,2019-05-04,2019-05-10,Jaffna,32,0.45,30.247142857142855,74.01285714285714,7
2019,20,2019-05-11,2019-05-17,Colombo,192,4.4,27.978571428571424,83.81000000000002,7
2019,20,2019-05-11,2019-05-17,Gampaha,121,4.4,27.978571428571424,83.81000000000002,7
2019,20,2019-05-11,2019-05-17,Kalutara,54,5.96,27.96857142857143,85.01428571428572,7
2019,20,2019-05-11,2019-05-17,Kandy,45,2.42,28.408571428571427,72.82857142857144,7
2019,20,2019-05-11,2019-05-17,Jaffna,30,1.5099999999999998,30.24142857142857,76.74714285714286,7
2019,21,2019-05-18,2019-05-24,Colombo,152,29.28,27.708571428571428,83.34857142857142,7
2019,21,2019-05-18,2019-05-24,Gampaha,32,29.28,27.708571428571428,83.34857142857142,7
2019,21,2019-05-18,2019-05-24,Kalutara,63,36.84,27.71428571428571,84.66285714285713,7
2019,21,2019-05-18,2019-05-24,Kandy,60,9.32,28.400000000000002,71.01285714285714,7
2019,21,2019-05-18,2019-05-24,Jaffna,32,1.5399999999999998,30.112857142857145,77.77,7
2019,22,2019-05-25,2019-05-31,Colombo,211,19.63,27.83142857142857,84.99285714285715,7
2019,22,2019-05-25,2019-05-31,Gampaha,102,19.63,27.83142857142857,84.99285714285715,7
2019,22,2019-05-25,2019-05-31,Kalutara,92,31.759999999999998,27.87285714285714,86.11857142857141,7
2019,22,2019-05-25,2019-05-31,Kandy,58,1.8900000000000001,28.80285714285714,71.08857142857143,7
2019,22,2019-05-25,2019-05-31,Jaffna,9,1.09,30.33285714285714,77.14714285714285,7
2019,23,2019-06-01,2019-06-07,Colombo,233,51.93,27.74,83.70285714285716,7
2019,23,2019-06-01,2019-06-07,Gampaha,141,51.93,27.74,83.70285714285716,7
2019,23,2019-06-01,2019-06-07,Kalutara,99,51.230000000000004,27.85571428571428,84.43571428571428,7
2019,23,2019-06-01,2019-06-07,Kandy,64,26.290000000000003,27.562857142857144,75.53142857142858,7
2019,23,2019-06-01,2019-06-07,Jaffna,14,3.99,29.948571428571427,77.42999999999999,7
2019,24,2019-06-08,2019-06-14,Colombo,280,39.45,27.66857142857143,84.53142857142858,7
2019,24,2019-06-08,2019-06-14,Gampaha,152,39.45,27.66857142857143,84.53142857142858,7
2019,24,2019-06-08,2019-06-14,Kalutara,156,42.660000000000004,27.82714285714286,84.86999999999999,7
2019,24,2019-06-08,2019-06-14,Kandy,71,12.02,27.430000000000003,75.69571428571429,7
2019,24,2019-06-08,2019-06-14,Jaffna,8,8.149999999999999,29.955714285714286,78.06857142857143,7
2019,25,2019-06-15,2019-06-21,Colombo,279,14.48,27.604285714285712,84.26285714285714,7
2019,25,2019-06-15,2019-06-21,Gampaha,80,14.48,27.604285714285712,84.26285714285714,7
2019,25,2019-06-15,2019-06-21,Kalutara,129,18.32,27.82571428571428,84.47428571428573,7
2019,25,2019-06-15,2019-06-21,Kandy,62,1.1400000000000001,27.482857142857142,75.22714285714285,7
2019,25,2019-06-15,2019-06-21,Jaffna,16,1.09,29.998571428571427,76.11857142857143,7
2019,26,2019-06-22,2019-06-28,Colombo,334,10.24,27.611428571428572,83.51285714285714,7
2019,26,2019-06-22,2019-06-28,Gampaha,228,10.24,27.611428571428572,83.51285714285714,7
2019,26,2019-06-22,2019-06-28,Kalutara,153,11.71,27.754285714285714,84.09571428571428,7
2019,26,2019-06-22,2019-06-28,Kandy,81,4.41,27.400000000000002,76.17142857142856,7
2019,26,2019-06-22,2019-06-28,Jaffna,20,1.9000000000000001,29.931428571428572,75.91999999999999,7
2019,27,2019-06-29,2019-07-05,Colombo,303,3.99,27.61714285714286,82.20571428571428,7
2019,27,2019-06-29,2019-07-05,Gampaha,60,3.99,27.61714285714286,82.20571428571428,7
2019,27,2019-06-29,2019-07-05,Kalutara,26,6.0,27.718571428571426,82.96142857142857,7
2019,27,2019-06-29,2019-07-05,Kandy,83,0.47,27.614285714285717,73.31571428571428,7
2019,27,2019-06-29,2019-07-05,Jaffna,18,0.6100000000000001,29.642857142857146,76.99428571428572,7
2019,28,2019-07-06,2019-07-12,Colombo,477,23.04,27.322857142857146,82.90571428571427,7
2019,28,2019-07-06,2019-07-12,Gampaha,432,23.04,27.322857142857146,82.90571428571427,7
2019,28,2019-07-06,2019-07-12,Kalutara,220,23.33,27.364285714285717,84.78428571428572,7
2019,28,2019-07-06,2019-07-12,Kandy,141,15.1,27.37714285714285,73.24428571428572,7
2019,28,2019-07-06,2019-07-12,Jaffna,23,2.0700000000000003,29.49571428571429,74.46571428571428,7
2019,29,2019-07-13,2019-07-19,Colombo,474,46.35,26.719999999999995,84.55142857142857,7
2019,29,2019-07-13,2019-07-19,Gampaha,453,46.35,26.719999999999995,84.55142857142857,7
2019,29,2019-07-13,2019-07-19,Kalutara,198,57.01,26.922857142857143,85.12714285714287,7
2019,29,2019-07-13,2019-07-19,Kandy,138,28.98,26.264285714285716,78.46428571428571,7
2019,29,2019-07-13,2019-07-19,Jaffna,28,6.59,29.104285714285716,76.44428571428571,7
2019,30,2019-07-20,2019-07-26,Colombo,489,16.95,26.435714285714283,83.71428571428571,7
2019,30,2019-07-20,2019-07-26,Gampaha,487,16.95,26.435714285714283,83.71428571428571,7
2019,30,2019-07-20,2019-07-26,Kalutara,188,19.03,26.524285714285718,85.53714285714285,7
2019,30,2019-07-20,2019-07-26,Kandy,134,9.88,26.177142857142854,76.1842857142857,7
2019,30,2019-07-20,2019-07-26,Jaffna,21,30.3,29.214285714285715,73.96714285714286,7
2019,31,2019-07-27,2019-08-02,Colombo,401,2.31,26.64714285714286,84.70571428571428,7
2019,31,2019-07-27,2019-08-02,Gampaha,318,2.31,26.64714285714286,84.70571428571428,7
2019,31,2019-07-27,2019-08-02,Kalutara,196,4.78,26.708571428571428,86.57142857142857,7
2019,31,2019-07-27,2019-08-02,Kandy,154,1.33,26.698571428571427,74.43142857142857,7
2019,31,2019-07-27,2019-08-02,Jaffna,20,4.050000000000001,28.665714285714284,79.27142857142857,7
2019,32,2019-08-03,2019-08-09,Colombo,391,51.849999999999994,27.18142857142857,84.42,7
2019,32,2019-08-03,2019-08-09,Gampaha,372,51.849999999999994,27.18142857142857,84.42,7
2019,32,2019-08-03,2019-08-09,Kalutara,234,49.81,27.338571428571434,85.17428571428572,7
2019,32,2019-08-03,2019-08-09,Kandy,134,32.74,26.62857142857143,77.34857142857142,7
2019,32,2019-08-03,2019-08-09,Jaffna,23,6.050000000000001,28.844285714285714,78.60428571428572,7
2019,33,2019-08-10,2019-08-16,Colombo,389,62.22,26.302857142857142,85.21428571428571,7
2019,33,2019-08-10,2019-08-16,Gampaha,362,62.22,26.302857142857142,85.21428571428571,7
2019,33,2019-08-10,2019-08-16,Kalutara,138,79.84,26.535714285714285,85.64285714285714,7
2019,33,2019-08-10,2019-08-16,Kandy,87,38.1,25.819999999999997,78.75142857142859,7
2019,33,2019-08-10,2019-08-16,Jaffna,19,16.439999999999998,29.13428571428571,74.74285714285715,7
2019,34,2019-08-17,2019-08-23,Colombo,399,53.78,26.21285714285714,83.99428571428572,7
2019,34,2019-08-17,2019-08-23,Gampaha,440,53.78,26.21285714285714,83.99428571428572,7
2019,34,2019-08-17,2019-08-23,Kalutara,206,64.89999999999999,26.46428571428571,83.69428571428571,7
2019,34,2019-08-17,2019-08-23,Kandy,148,31.61,25.407142857142862,80.13,7
2019,34,2019-08-17,2019-08-23,Jaffna,29,42.32,28.41714285714286,77.57571428571428,7
2019,35,2019-08-24,2019-08-30,Colombo,323,70.34,26.20428571428571,83.73428571428572,7
2019,35,2019-08-24,2019-08-30,Gampaha,368,70.34,26.20428571428571,83.73428571428572,7
2019,35,2019-08-24,2019-08-30,Kalutara,147,71.35,26.43142857142857,83.89714285714285,7
2019,35,2019-08-24,2019-08-30,Kandy,154,21.360000000000003,25.41714285714286,79.25142857142858,7
2019,35,2019-08-24,2019-08-30,Jaffna,19,11.47,28.585714285714282,75.27000000000001,7
2019,36,2019-08-31,2019-09-06,Colombo,297,32.010000000000005,26.70142857142857,86.0842857142857,7
2019,36,2019-08-31,2019-09-06,Gampaha,280,32.010000000000005,26.70142857142857,86.0842857142857,7
2019,36,2019-08-31,2019-09-06,Kalutara,178,40.18,26.947142857142858,86.43285714285715,7
2019,36,2019-08-31,2019-09-06,Kandy,139,15.13,25.90571428571429,81.08,7
2019,36,2019-08-31,2019-09-06,Jaffna,19,5.66,28.638571428571428,79.57000000000001,7
2019,37,2019-09-07,2019-09-13,Colombo,349,44.71,26.687142857142856,85.31285714285715,7
2019,37,2019-09-07,2019-09-13,Gampaha,349,44.71,26.687142857142856,85.31285714285715,7
2019,37,2019-09-07,2019-09-13,Kalutara,151,59.75,26.888571428571424,85.88,7
2019,37,2019-09-07,2019-09-13,Kandy,141,25.21,26.218571428571426,79.21571428571428,7
2019,37,2019-09-07,2019-09-13,Jaffna,43,37.370000000000005,28.92428571428571,77.28142857142856,7
2019,38,2019-09-14,2019-09-20,Colombo,396,100.92999999999998,26.25857142857143,86.21571428571428,7
2019,38,2019-09-14,2019-09-20,Gampaha,386,100.92999999999998,26.25857142857143,86.21571428571428,7
2019,38,2019-09-14,2019-09-20,Kalutara,190,126.73,26.487142857142857,86.60142857142856,7
2019,38,2019-09-14,2019-09-20,Kandy,258,54.010000000000005,25.23857142857143,82.92857142857144,7
2019,38,2019-09-14,2019-09-20,Jaffna,46,65.49,28.23571428571429,82.16857142857144,7
2019,39,2019-09-21,2019-09-27,Colombo,420,137.07000000000002,26.10428571428571,86.59571428571428,7
2019,39,2019-09-21,2019-09-27,Gampaha,240,137.07000000000002,26.10428571428571,86.59571428571428,7
2019,39,2019-09-21,2019-09-27,Kalutara,214,140.03,26.19857142857143,86.97857142857143,7
2019,39,2019-09-21,2019-09-27,Kandy,246,70.37,25.359999999999996,83.50857142857141,7
2019,39,2019-09-21,2019-09-27,Jaffna,46,31.09,28.147142857142857,80.71000000000001,7
2019,40,2019-09-28,2019-10-04,Colombo,647,65.15,26.362857142857145,83.06571428571428,7
2019,40,2019-09-28,2019-10-04,Gampaha,351,65.15,26.362857142857145,83.06571428571428,7
2019,40,2019-09-28,2019-10-04,Kalutara,178,64.14,26.29,84.70857142857143,7
2019,40,2019-09-28,2019-10-04,Kandy,331,43.85000000000001,25.398571428571433,82.31000000000002,7
2019,40,2019-09-28,2019-10-04,Jaffna,77,26.509999999999998,28.128571428571426,77.75571428571429,7
2019,41,2019-10-05,2019-10-11,Colombo,582,96.05,25.94142857142857,86.74285714285715,7
2019,41,2019-10-05,2019-10-11,Gampaha,357,96.05,25.94142857142857,86.74285714285715,7
2019,41,2019-10-05,2019-10-11,Kalutara,215,92.74,26.109999999999996,86.53285714285713,7
2019,41,2019-10-05,2019-10-11,Kandy,316,80.2,25.140000000000004,86.20285714285714,7
2019,41,2019-10-05,2019-10-11,Jaffna,92,35.510000000000005,28.574285714285715,77.59714285714286,7
2019,42,2019-10-12,2019-10-18,Colombo,587,114.23,26.43285714285714,86.27714285714285,7
2019,42,2019-10-12,2019-10-18,Gampaha,500,114.23,26.43285714285714,86.27714285714285,7
2019,42,2019-10-12,2019-10-18,Kalutara,265,101.85,26.529999999999998,85.87857142857142,7
2019,42,2019-10-12,2019-10-18,Kandy,383,94.64,25.070000000000004,88.05285714285715,7
2019,42,2019-10-12,2019-10-18,Jaffna,142,110.63000000000002,28.16571428571429,80.08571428571427,7
2019,43,2019-10-19,2019-10-25,Colombo,777,173.83,25.891428571428573,87.79857142857142,7
2019,43,2019-10-19,2019-10-25,Gampaha,450,173.83,25.891428571428573,87.79857142857142,7
2019,43,2019-10-19,2019-10-25,Kalutara,224,224.01000000000002,26.134285714285713,87.8257142857143,7
2019,43,2019-10-19,2019-10-25,Kandy,472,110.01,24.134285714285713,91.09,7
2019,43,2019-10-19,2019-10-25,Jaffna,227,144.66,27.53857142857143,83.3342857142857,7
2019,44,2019-10-26,2019-11-01,Colombo,815,85.48,25.632857142857144,86.73428571428572,7
2019,44,2019-10-26,2019-11-01,Gampaha,532,85.48,25.632857142857144,86.73428571428572,7
2019,44,2019-10-26,2019-11-01,Kalutara,304,127.74,25.942857142857143,86.26857142857143,7
2019,44,2019-10-26,2019-11-01,Kandy,479,104.97999999999999,24.037142857142857,90.29714285714284,7
2019,44,2019-10-26,2019-11-01,Jaffna,299,146.23999999999998,27.419999999999998,80.61857142857141,7
2019,45,2019-11-02,2019-11-08,Colombo,886,53.72999999999998,26.245714285714286,84.4357142857143,7
2019,45,2019-11-02,2019-11-08,Gampaha,473,53.72999999999998,26.245714285714286,84.4357142857143,7
2019,45,2019-11-02,2019-11-08,Kalutara,279,61.050000000000004,26.344285714285714,85.16857142857143,7
2019,45,2019-11-02,2019-11-08,Kandy,541,34.44,24.571428571428573,86.79714285714286,7
2019,45,2019-11-02,2019-11-08,Jaffna,381,18.27,28.10857142857143,80.26285714285714,7
2019,46,2019-11-09,2019-11-15,Colombo,891,55.059999999999995,26.572857142857142,84.18142857142857,7
2019,46,2019-11-09,2019-11-15,Gampaha,328,55.059999999999995,26.572857142857142,84.18142857142857,7
2019,46,2019-11-09,2019-11-15,Kalutara,264,77.72999999999999,26.689999999999998,84.8,7
2019,46,2019-11-09,2019-11-15,Kandy,448,34.849999999999994,24.795714285714286,88.08000000000001,7
2019,46,2019-11-09,2019-11-15,Jaffna,449,20.02,27.869999999999997,81.60571428571428,7
2019,47,2019-11-16,2019-11-22,Colombo,832,93.83000000000001,26.92428571428571,82.67999999999999,7
2019,47,2019-11-16,2019-11-22,Gampaha,675,93.83000000000001,26.92428571428571,82.67999999999999,7
2019,47,2019-11-16,2019-11-22,Kalutara,230,119.38999999999999,27.071428571428573,82.45571428571428,7
2019,47,2019-11-16,2019-11-22,Kandy,476,49.779999999999994,24.664285714285715,89.58857142857143,7
2019,47,2019-11-16,2019-11-22,Jaffna,581,39.28,27.995714285714286,82.03142857142858,7
2019,48,2019-11-23,2019-11-29,Colombo,793,79.7,26.844285714285718,85.90142857142857,7
2019,48,2019-11-23,2019-11-29,Gampaha,487,79.7,26.844285714285718,85.90142857142857,7
2019,48,2019-11-23,2019-11-29,Kalutara,239,103.71,26.99714285714285,85.84142857142857,7
2019,48,2019-11-23,2019-11-29,Kandy,500,123.89999999999998,24.84714285714286,91.48857142857142,7
2019,48,2019-11-23,2019-11-29,Jaffna,931,103.75000000000001,28.19,81.1542857142857,7
2019,49,2019-11-30,2019-12-06,Colombo,802,172.48,26.265714285714285,86.16428571428571,7
2019,49,2019-11-30,2019-12-06,Gampaha,551,172.48,26.265714285714285,86.16428571428571,7
2019,49,2019-11-30,2019-12-06,Kalutara,165,179.77,26.358571428571427,86.00571428571428,7
2019,49,2019-11-30,2019-12-06,Kandy,409,220.73000000000002,24.560000000000002,91.32285714285715,7
2019,49,2019-11-30,2019-12-06,Jaffna,769,203.04,27.41857142857143,83.49714285714286,7
2019,50,2019-12-07,2019-12-13,Colombo,669,33.4,26.06142857142857,86.27,7
2019,50,2019-12-07,2019-12-13,Gampaha,488,33.4,26.06142857142857,86.27,7
2019,50,2019-12-07,2019-12-13,Kalutara,147,38.27,26.37142857142857,86.2314285714286,7
2019,50,2019-12-07,2019-12-13,Kandy,324,40.97,23.818571428571428,93.16142857142857,7
2019,50,2019-12-07,2019-12-13,Jaffna,648,26.480000000000004,27.018571428571427,80.8142857142857,7
2019,51,2019-12-14,2019-12-20,Colombo,661,72.86000000000001,26.395714285714284,84.9542857142857,7
2019,51,2019-12-14,2019-12-20,Gampaha,371,72.86000000000001,26.395714285714284,84.9542857142857,7
2019,51,2019-12-14,2019-12-20,Kalutara,166,80.25,26.74285714285714,83.21571428571428,7
2019,51,2019-12-14,2019-12-20,Kandy,288,103.64999999999999,24.108571428571427,92.42999999999999,7
2019,51,2019-12-14,2019-12-20,Jaffna,543,32.17,27.194285714285712,81.44285714285715,7
2019,52,2019-12-21,2019-12-27,Colombo,616,36.35,26.288571428571426,84.22857142857141,7
2019,52,2019-12-21,2019-12-27,Gampaha,362,36.35,26.288571428571426,84.22857142857141,7
2019,52,2019-12-21,2019-12-27,Kalutara,193,41.519999999999996,26.714285714285715,82.66285714285713,7
2019,52,2019-12-21,2019-12-27,Kandy,273,33.84,23.807142857142857,91.87,7
2019,52,2019-12-21,2019-12-27,Jaffna,425,30.619999999999997,26.848571428571432,80.36857142857143,7
2020,1,2019-12-28,2020-01-03,Colombo,535,21.689999999999998,26.51857142857143,79.21714285714286,7
2020,1,2019-12-28,2020-01-03,Gampaha,362,21.689999999999998,26.51857142857143,79.21714285714286,7
2020,1,2019-12-28,2020-01-03,Kalutara,168,17.07,26.859999999999996,78.35285714285715,7
2020,1,2019-12-28,2020-01-03,Kandy,199,8.120000000000001,23.76,89.20571428571428,7
2020,1,2019-12-28,2020-01-03,Jaffna,378,1.46,27.04571428571429,80.05285714285715,7
2020,2,2020-01-04,2020-01-10,Colombo,462,11.22,26.157142857142855,81.12285714285714,7
2020,2,2020-01-04,2020-01-10,Gampaha,201,11.22,26.157142857142855,81.12285714285714,7
2020,2,2020-01-04,2020-01-10,Kalutara,155,14.23,26.830000000000005,79.45428571428572,7
2020,2,2020-01-04,2020-01-10,Kandy,224,11.4,23.372857142857146,89.46714285714286,7
2020,2,2020-01-04,2020-01-10,Jaffna,287,4.35,26.988571428571422,77.59142857142857,7
2020,3,2020-01-11,2020-01-17,Colombo,481,5.38,25.215714285714284,79.64142857142858,7
2020,3,2020-01-11,2020-01-17,Gampaha,219,5.38,25.215714285714284,79.64142857142858,7
2020,3,2020-01-11,2020-01-17,Kalutara,107,12.34,26.057142857142857,78.28999999999999,7
2020,3,2020-01-11,2020-01-17,Kandy,174,6.99,22.478571428571428,86.89,7
2020,3,2020-01-11,2020-01-17,Jaffna,307,3.7,26.37142857142857,71.50571428571429,7
2020,4,2020-01-18,2020-01-24,Colombo,439,21.54,26.520000000000003,83.82857142857142,7
2020,4,2020-01-18,2020-01-24,Gampaha,238,21.54,26.520000000000003,83.82857142857142,7
2020,4,2020-01-18,2020-01-24,Kalutara,98,31.290000000000003,27.092857142857138,82.21142857142857,7
2020,4,2020-01-18,2020-01-24,Kandy,154,24.91,24.247142857142858,90.11571428571428,7
2020,4,2020-01-18,2020-01-24,Jaffna,254,9.22,26.851428571428567,80.19571428571429,7
2020,5,2020-01-25,2020-01-31,Colombo,305,1.3199999999999998,25.858571428571427,76.83857142857143,7
2020,5,2020-01-25,2020-01-31,Gampaha,155,1.3199999999999998,25.858571428571427,76.83857142857143,7
2020,5,2020-01-25,2020-01-31,Kalutara,72,3.33,26.40285714285714,76.27428571428571,7
2020,5,2020-01-25,2020-01-31,Kandy,122,0.01,22.31714285714285,85.88714285714285,7
2020,5,2020-01-25,2020-01-31,Jaffna,186,0.04,26.61142857142857,72.62285714285714,7
2020,6,2020-02-01,2020-02-07,Colombo,247,4.470000000000001,25.919999999999998,78.03999999999999,7
2020,6,2020-02-01,2020-02-07,Gampaha,132,4.470000000000001,25.919999999999998,78.03999999999999,7
2020,6,2020-02-01,2020-02-07,Kalutara,94,11.989999999999998,26.407142857142862,77.44428571428571,7
2020,6,2020-02-01,2020-02-07,Kandy,104,0.060000000000000005,22.985714285714288,86.90285714285713,7
2020,6,2020-02-01,2020-02-07,Jaffna,158,0.1,27.015714285714285,72.1657142857143,7
2020,7,2020-02-08,2020-02-14,Colombo,198,6.13,26.207142857142856,79.10428571428572,7
2020,7,2020-02-08,2020-02-14,Gampaha,114,6.13,26.207142857142856,79.10428571428572,7
2020,7,2020-02-08,2020-02-14,Kalutara,66,10.530000000000001,26.782857142857146,78.88000000000001,7
2020,7,2020-02-08,2020-02-14,Kandy,73,6.210000000000001,23.47142857142857,85.88428571428571,7
2020,7,2020-02-08,2020-02-14,Jaffna,118,0.16999999999999998,27.152857142857147,72.57142857142857,7
2020,8,2020-02-15,2020-02-21,Colombo,138,5.18,26.50714285714286,76.69857142857143,7
2020,8,2020-02-15,2020-02-21,Gampaha,87,5.18,26.50714285714286,76.69857142857143,7
2020,8,2020-02-15,2020-02-21,Kalutara,55,9.0,26.909999999999997,76.49428571428572,7
2020,8,2020-02-15,2020-02-21,Kandy,62,13.879999999999999,23.657142857142862,84.49714285714286,7
2020,8,2020-02-15,2020-02-21,Jaffna,118,8.0,26.82857142857143,73.03857142857143,7
2020,9,2020-02-22,2020-02-28,Colombo,175,3.1300000000000003,27.301428571428573,76.58857142857143,7
2020,9,2020-02-22,2020-02-28,Gampaha,107,3.1300000000000003,27.301428571428573,76.58857142857143,7
2020,9,2020-02-22,2020-02-28,Kalutara,58,7.74,27.56142857142857,77.87285714285714,7
2020,9,2020-02-22,2020-02-28,Kandy,51,3.2199999999999998,24.604285714285712,84.28571428571429,7
2020,9,2020-02-22,2020-02-28,Jaffna,96,4.71,27.71285714285714,75.05,7
2020,10,2020-02-29,2020-03-06,Colombo,92,9.21,27.66142857142857,73.21571428571428,7
2020,10,2020-02-29,2020-03-06,Gampaha,47,9.21,27.66142857142857,73.21571428571428,7
2020,10,2020-02-29,2020-03-06,Kalutara,35,10.97,27.451428571428572,78.43714285714285,7
2020,10,2020-02-29,2020-03-06,Kandy,26,5.0200000000000005,25.47714285714286,75.11285714285714,7
2020,10,2020-02-29,2020-03-06,Jaffna,81,0.060000000000000005,27.81714285714286,69.80571428571429,7
2020,11,2020-03-07,2020-03-13,Colombo,81,7.05,27.75142857142857,73.92571428571429,7
2020,11,2020-03-07,2020-03-13,Gampaha,18,7.05,27.75142857142857,73.92571428571429,7
2020,11,2020-03-07,2020-03-13,Kalutara,32,6.0699999999999985,27.45285714285714,77.14,7
2020,11,2020-03-07,2020-03-13,Kandy,41,5.6000000000000005,26.1,73.5257142857143,7
2020,11,2020-03-07,2020-03-13,Jaffna,34,2.6599999999999993,28.095714285714283,73.36571428571428,7
2020,12,2020-03-14,2020-03-20,Colombo,48,15.82,28.331428571428575,73.96714285714286,7
2020,12,2020-03-14,2020-03-20,Gampaha,10,15.82,28.331428571428575,73.96714285714286,7
2020,12,2020-03-14,2020-03-20,Kalutara,20,18.369999999999997,27.88571428571429,78.85142857142857,7
2020,12,2020-03-14,2020-03-20,Kandy,21,6.949999999999999,26.919999999999998,73.1842857142857,7
2020,12,2020-03-14,2020-03-20,Jaffna,19,0.22000000000000003,28.810000000000002,72.93428571428572,7
2020,13,2020-03-21,2020-03-27,Colombo,12,6.199999999999999,28.08857142857143,69.89571428571428,7
2020,13,2020-03-21,2020-03-27,Gampaha,8,6.199999999999999,28.08857142857143,69.89571428571428,7
2020,13,2020-03-21,2020-03-27,Kalutara,9,8.629999999999999,27.701428571428576,74.03857142857143,7
2020,13,2020-03-21,2020-03-27,Kandy,19,3.6999999999999997,26.857142857142858,66.49285714285715,7
2020,13,2020-03-21,2020-03-27,Jaffna,15,0.64,29.19714285714286,68.09428571428572,7
2020,14,2020-03-28,2020-04-03,Colombo,2,12.93,28.398571428571426,70.32285714285715,7
2020,14,2020-03-28,2020-04-03,Gampaha,4,12.93,28.398571428571426,70.32285714285715,7
2020,14,2020-03-28,2020-04-03,Kalutara,15,24.63,27.85571428571428,76.51428571428572,7
2020,14,2020-03-28,2020-04-03,Kandy,6,6.029999999999999,27.415714285714284,66.08714285714285,7
2020,14,2020-03-28,2020-04-03,Jaffna,17,0.01,29.10571428571429,68.28428571428573,7
2020,15,2020-04-04,2020-04-10,Colombo,10,28.49,28.314285714285713,76.33714285714287,7
2020,15,2020-04-04,2020-04-10,Gampaha,7,28.49,28.314285714285713,76.33714285714287,7
2020,15,2020-04-04,2020-04-10,Kalutara,10,32.510000000000005,27.91428571428571,80.69571428571429,7
2020,15,2020-04-04,2020-04-10,Kandy,2,21.560000000000002,28.512857142857147,66.71857142857142,7
2020,15,2020-04-04,2020-04-10,Jaffna,8,9.17,30.082857142857144,70.31142857142856,7
2020,16,2020-04-11,2020-04-17,Colombo,8,63.06000000000001,28.569999999999997,75.77714285714286,7
2020,16,2020-04-11,2020-04-17,Gampaha,2,63.06000000000001,28.569999999999997,75.77714285714286,7
2020,16,2020-04-11,2020-04-17,Kalutara,8,58.779999999999994,28.337142857142855,79.12,7
2020,16,2020-04-11,2020-04-17,Kandy,14,47.18,28.375714285714285,71.72857142857143,7
2020,16,2020-04-11,2020-04-17,Jaffna,4,6.7700000000000005,30.25,69.79857142857144,7
2020,17,2020-04-18,2020-04-24,Colombo,8,59.31,28.521428571428572,78.94428571428571,7
2020,17,2020-04-18,2020-04-24,Gampaha,5,59.31,28.521428571428572,78.94428571428571,7
2020,17,2020-04-18,2020-04-24,Kalutara,13,56.74,28.405714285714286,80.5657142857143,7
2020,17,2020-04-18,2020-04-24,Kandy,14,31.86,28.264285714285716,74.25857142857144,7
2020,17,2020-04-18,2020-04-24,Jaffna,9,13.810000000000002,30.91,69.59285714285716,7
2020,18,2020-04-25,2020-05-01,Colombo,10,47.02,28.024285714285718,82.27714285714286,7
2020,18,2020-04-25,2020-05-01,Gampaha,3,47.02,28.024285714285718,82.27714285714286,7
2020,18,2020-04-25,2020-05-01,Kalutara,8,61.75999999999999,28.101428571428567,82.60142857142857,7
2020,18,2020-04-25,2020-05-01,Kandy,10,16.15,27.97,75.74857142857142,7
2020,18,2020-04-25,2020-05-01,Jaffna,18,13.82,30.63714285714286,72.59857142857143,7
2020,19,2020-05-02,2020-05-08,Colombo,6,51.42,28.062857142857144,83.25,7
2020,19,2020-05-02,2020-05-08,Gampaha,10,51.42,28.062857142857144,83.25,7
2020,19,2020-05-02,2020-05-08,Kalutara,12,55.459999999999994,28.184285714285714,83.97857142857141,7
2020,19,2020-05-02,2020-05-08,Kandy,44,52.37,28.055714285714284,75.94571428571429,7
2020,19,2020-05-02,2020-05-08,Jaffna,18,15.969999999999999,30.791428571428572,71.65857142857143,7
2020,20,2020-05-09,2020-05-15,Colombo,24,150.50000000000003,27.89428571428571,84.02,7
2020,20,2020-05-09,2020-05-15,Gampaha,8,150.50000000000003,27.89428571428571,84.02,7
2020,20,2020-05-09,2020-05-15,Kalutara,8,184.65999999999997,28.044285714285714,84.53142857142858,7
2020,20,2020-05-09,2020-05-15,Kandy,32,93.92,26.75,84.54285714285713,7
2020,20,2020-05-09,2020-05-15,Jaffna,9,41.77,30.330000000000002,72.82428571428571,7
2020,21,2020-05-16,2020-05-22,Colombo,67,97.22,27.601428571428574,86.4142857142857,7
2020,21,2020-05-16,2020-05-22,Gampaha,21,97.22,27.601428571428574,86.4142857142857,7
2020,21,2020-05-16,2020-05-22,Kalutara,36,85.40000000000002,27.945714285714285,85.53,7
2020,21,2020-05-16,2020-05-22,Kandy,51,60.709999999999994,26.054285714285715,88.0957142857143,7
2020,21,2020-05-16,2020-05-22,Jaffna,39,12.479999999999997,30.472857142857144,74.87,7
2020,22,2020-05-23,2020-05-29,Colombo,80,38.59,27.449999999999996,88.52714285714285,7
2020,22,2020-05-23,2020-05-29,Gampaha,31,38.59,27.449999999999996,88.52714285714285,7
2020,22,2020-05-23,2020-05-29,Kalutara,37,46.99,27.762857142857143,87.99000000000001,7
2020,22,2020-05-23,2020-05-29,Kandy,78,11.23,26.38714285714286,86.40571428571431,7
2020,22,2020-05-23,2020-05-29,Jaffna,28,2.49,30.27285714285714,79.40714285714286,7
2020,23,2020-05-30,2020-06-05,Colombo,81,12.48,27.225714285714286,85.4,7
2020,23,2020-05-30,2020-06-05,Gampaha,31,12.48,27.225714285714286,85.4,7
2020,23,2020-05-30,2020-06-05,Kalutara,53,14.419999999999998,27.569999999999997,84.59714285714286,7
2020,23,2020-05-30,2020-06-05,Kandy,65,4.8100000000000005,26.247142857142858,82.38142857142859,7
2020,23,2020-05-30,2020-06-05,Jaffna,23,2.11,29.694285714285712,77.84857142857142,7
2020,24,2020-06-06,2020-06-12,Colombo,62,66.81,27.057142857142857,85.1542857142857,7
2020,24,2020-06-06,2020-06-12,Gampaha,48,66.81,27.057142857142857,85.1542857142857,7
2020,24,2020-06-06,2020-06-12,Kalutara,56,53.81999999999999,27.365714285714287,84.81714285714284,7
2020,24,2020-06-06,2020-06-12,Kandy,113,37.980000000000004,25.684285714285718,84.84571428571428,7
2020,24,2020-06-06,2020-06-12,Jaffna,12,3.5699999999999994,29.557142857142857,74.34285714285714,7
2020,25,2020-06-13,2020-06-19,Colombo,70,15.979999999999999,27.397142857142853,86.32571428571428,7
2020,25,2020-06-13,2020-06-19,Gampaha,27,15.979999999999999,27.397142857142853,86.32571428571428,7
2020,25,2020-06-13,2020-06-19,Kalutara,64,19.749999999999996,27.731428571428573,85.82428571428571,7
2020,25,2020-06-13,2020-06-19,Kandy,121,4.4,26.48,82.49000000000001,7
2020,25,2020-06-13,2020-06-19,Jaffna,13,1.07,30.07857142857143,75.02857142857142,7
2020,26,2020-06-20,2020-06-26,Colombo,58,38.129999999999995,26.604285714285712,84.35000000000001,7
2020,26,2020-06-20,2020-06-26,Gampaha,55,38.129999999999995,26.604285714285712,84.35000000000001,7
2020,26,2020-06-20,2020-06-26,Kalutara,77,39.41,27.02857142857143,83.59714285714286,7
2020,26,2020-06-20,2020-06-26,Kandy,150,52.01,25.434285714285714,82.47571428571429,7
2020,26,2020-06-20,2020-06-26,Jaffna,10,21.63,29.434285714285718,72.86999999999999,7
2020,27,2020-06-27,2020-07-03,Colombo,50,25.159999999999997,26.845714285714287,86.49000000000001,7
2020,27,2020-06-27,2020-07-03,Gampaha,43,25.159999999999997,26.845714285714287,86.49000000000001,7
2020,27,2020-06-27,2020-07-03,Kalutara,49,35.48,27.192857142857147,86.28142857142858,7
2020,27,2020-06-27,2020-07-03,Kandy,130,7.24,25.77,84.39285714285714,7
2020,27,2020-06-27,2020-07-03,Jaffna,16,5.03,29.419999999999998,77.30999999999999,7
2020,28,2020-07-04,2020-07-10,Colombo,45,26.32,26.555714285714288,85.07142857142857,7
2020,28,2020-07-04,2020-07-10,Gampaha,24,26.32,26.555714285714288,85.07142857142857,7
2020,28,2020-07-04,2020-07-10,Kalutara,41,23.630000000000003,26.94142857142857,84.40142857142857,7
2020,28,2020-07-04,2020-07-10,Kandy,128,28.69,25.321428571428573,83.90285714285713,7
2020,28,2020-07-04,2020-07-10,Jaffna,13,18.060000000000002,29.099999999999998,75.40857142857143,7
2020,29,2020-07-11,2020-07-17,Colombo,82,26.42,26.322857142857146,87.4657142857143,7
2020,29,2020-07-11,2020-07-17,Gampaha,22,26.42,26.322857142857146,87.4657142857143,7
2020,29,2020-07-11,2020-07-17,Kalutara,30,35.62,26.647142857142853,86.68714285714289,7
2020,29,2020-07-11,2020-07-17,Kandy,149,12.969999999999999,25.37,85.15285714285713,7
2020,29,2020-07-11,2020-07-17,Jaffna,8,9.059999999999999,29.022857142857145,78.10428571428572,7
2020,30,2020-07-18,2020-07-24,Colombo,47,37.300000000000004,26.178571428571427,87.10142857142856,7
2020,30,2020-07-18,2020-07-24,Gampaha,18,37.300000000000004,26.178571428571427,87.10142857142856,7
2020,30,2020-07-18,2020-07-24,Kalutara,22,46.67,26.34857142857143,86.92142857142858,7
2020,30,2020-07-18,2020-07-24,Kandy,87,27.7,25.40142857142857,85.09,7
2020,30,2020-07-18,2020-07-24,Jaffna,10,20.73,28.39428571428571,79.99857142857142,7
2020,31,2020-07-25,2020-07-31,Colombo,72,31.77,25.969999999999995,84.89142857142858,7
2020,31,2020-07-25,2020-07-31,Gampaha,23,31.77,25.969999999999995,84.89142857142858,7
2020,31,2020-07-25,2020-07-31,Kalutara,28,31.43,26.318571428571428,84.66285714285713,7
2020,31,2020-07-25,2020-07-31,Kandy,97,27.75,24.607142857142858,84.30714285714286,7
2020,31,2020-07-25,2020-07-31,Jaffna,4,46.59,28.26285714285714,78.41571428571426,7
2020,32,2020-08-01,2020-08-07,Colombo,53,82.87,26.264285714285716,87.29571428571428,7
2020,32,2020-08-01,2020-08-07,Gampaha,31,82.87,26.264285714285716,87.29571428571428,7
2020,32,2020-08-01,2020-08-07,Kalutara,14,91.02999999999999,26.512857142857143,87.78285714285714,7
2020,32,2020-08-01,2020-08-07,Kandy,105,41.37,25.095714285714287,84.96142857142857,7
2020,32,2020-08-01,2020-08-07,Jaffna,6,3.2199999999999998,28.95,75.11857142857141,7
2020,33,2020-08-08,2020-08-14,Colombo,55,25.14,25.990000000000002,87.9057142857143,7
2020,33,2020-08-08,2020-08-14,Gampaha,50,25.14,25.990000000000002,87.9057142857143,7
2020,33,2020-08-08,2020-08-14,Kalutara,23,32.43,26.26571428571429,87.93857142857142,7
2020,33,2020-08-08,2020-08-14,Kandy,101,19.88,25.102857142857143,84.76857142857143,7
2020,33,2020-08-08,2020-08-14,Jaffna,5,26.15,28.434285714285714,79.40714285714286,7
2020,34,2020-08-15,2020-08-21,Colombo,52,1.99,26.44714285714286,86.78285714285714,7
2020,34,2020-08-15,2020-08-21,Gampaha,62,1.99,26.44714285714286,86.78285714285714,7
2020,34,2020-08-15,2020-08-21,Kalutara,28,3.9000000000000004,26.695714285714285,86.81285714285714,7
2020,34,2020-08-15,2020-08-21,Kandy,98,0.26,25.955714285714286,81.57142857142857,7
2020,34,2020-08-15,2020-08-21,Jaffna,9,1.8499999999999999,28.55285714285714,80.38571428571429,7
2020,35,2020-08-22,2020-08-28,Colombo,71,11.9,26.651428571428575,85.01571428571428,7
2020,35,2020-08-22,2020-08-28,Gampaha,50,11.9,26.651428571428575,85.01571428571428,7
2020,35,2020-08-22,2020-08-28,Kalutara,23,18.490000000000002,26.884285714285713,85.10000000000001,7
2020,35,2020-08-22,2020-08-28,Kandy,89,18.55,26.410000000000004,79.27142857142857,7
2020,35,2020-08-22,2020-08-28,Jaffna,6,3.67,28.937142857142856,79.14,7
2020,36,2020-08-29,2020-09-04,Colombo,54,33.45,26.212857142857143,86.20571428571428,7
2020,36,2020-08-29,2020-09-04,Gampaha,39,33.45,26.212857142857143,86.20571428571428,7
2020,36,2020-08-29,2020-09-04,Kalutara,18,51.59,26.548571428571424,85.94714285714285,7
2020,36,2020-08-29,2020-09-04,Kandy,64,27.28,25.41714285714286,82.82428571428571,7
2020,36,2020-08-29,2020-09-04,Jaffna,13,66.79,28.54285714285714,80.09142857142857,7
2020,37,2020-09-05,2020-09-11,Colombo,56,62.09,26.300000000000004,85.95,7
2020,37,2020-09-05,2020-09-11,Gampaha,37,62.09,26.300000000000004,85.95,7
2020,37,2020-09-05,2020-09-11,Kalutara,25,61.73,26.641428571428573,85.25,7
2020,37,2020-09-05,2020-09-11,Kandy,90,64.53999999999999,25.18285714285714,83.37714285714284,7
2020,37,2020-09-05,2020-09-11,Jaffna,8,46.29999999999999,28.395714285714288,79.60000000000001,7
2020,38,2020-09-12,2020-09-18,Colombo,44,36.16,26.34142857142857,87.73714285714287,7
2020,38,2020-09-12,2020-09-18,Gampaha,34,36.16,26.34142857142857,87.73714285714287,7
2020,38,2020-09-12,2020-09-18,Kalutara,13,50.44,26.62714285714286,87.68857142857142,7
2020,38,2020-09-12,2020-09-18,Kandy,69,12.19,25.215714285714284,85.52000000000001,7
2020,38,2020-09-12,2020-09-18,Jaffna,19,5.04,28.49571428571429,78.7942857142857,7
2020,39,2020-09-19,2020-09-25,Colombo,38,69.31,26.004285714285714,85.66142857142857,7
2020,39,2020-09-19,2020-09-25,Gampaha,37,69.31,26.004285714285714,85.66142857142857,7
2020,39,2020-09-19,2020-09-25,Kalutara,17,75.7,26.33857142857143,85.65285714285714,7
2020,39,2020-09-19,2020-09-25,Kandy,52,35.68000000000001,24.818571428571428,83.41285714285713,7
2020,39,2020-09-19,2020-09-25,Jaffna,15,2.58,28.397142857142857,77.28857142857143,7
2020,40,2020-09-26,2020-10-02,Colombo,34,42.690000000000005,26.145714285714288,87.24142857142856,7
2020,40,2020-09-26,2020-10-02,Gampaha,14,42.690000000000005,26.145714285714288,87.24142857142856,7
2020,40,2020-09-26,2020-10-02,Kalutara,10,51.99,26.44857142857143,87.11571428571428,7
2020,40,2020-09-26,2020-10-02,Kandy,51,28.990000000000002,25.148571428571426,84.47714285714287,7
2020,40,2020-09-26,2020-10-02,Jaffna,12,45.410000000000004,28.035714285714285,80.88428571428572,7
2020,41,2020-10-03,2020-10-09,Colombo,44,13.899999999999999,26.30857142857143,84.00285714285714,7
2020,41,2020-10-03,2020-10-09,Gampaha,11,13.899999999999999,26.30857142857143,84.00285714285714,7
2020,41,2020-10-03,2020-10-09,Kalutara,8,15.83,26.608571428571427,84.62714285714286,7
2020,41,2020-10-03,2020-10-09,Kandy,54,3.9699999999999998,25.54714285714286,80.52285714285713,7
2020,41,2020-10-03,2020-10-09,Jaffna,10,22.13,28.419999999999998,79.42285714285715,7
2020,42,2020-10-10,2020-10-16,Colombo,37,63.51999999999999,26.515714285714285,86.58571428571429,7
2020,42,2020-10-10,2020-10-16,Gampaha,5,63.51999999999999,26.515714285714285,86.58571428571429,7
2020,42,2020-10-10,2020-10-16,Kalutara,11,74.42,26.897142857142857,85.93142857142857,7
2020,42,2020-10-10,2020-10-16,Kandy,45,23.310000000000002,25.412857142857145,84.45714285714287,7
2020,42,2020-10-10,2020-10-16,Jaffna,15,7.13,28.592857142857145,78.25,7
2020,43,2020-10-17,2020-10-23,Colombo,23,8.92,26.5,86.15285714285713,7
2020,43,2020-10-17,2020-10-23,Gampaha,3,8.92,26.5,86.15285714285713,7
2020,43,2020-10-17,2020-10-23,Kalutara,5,11.280000000000001,26.66,86.57428571428571,7
2020,43,2020-10-17,2020-10-23,Kandy,28,4.92,25.834285714285716,82.04142857142857,7
2020,43,2020-10-17,2020-10-23,Jaffna,7,19.94,28.375714285714285,79.83,7
2020,44,2020-10-24,2020-10-30,Colombo,9,12.69,26.417142857142856,85.11999999999999,7
2020,44,2020-10-24,2020-10-30,Gampaha,5,12.69,26.417142857142856,85.11999999999999,7
2020,44,2020-10-24,2020-10-30,Kalutara,2,18.58,26.532857142857143,87.01857142857143,7
2020,44,2020-10-24,2020-10-30,Kandy,24,28.580000000000002,25.881428571428568,80.44857142857143,7
2020,44,2020-10-24,2020-10-30,Jaffna,8,37.300000000000004,28.35571428571429,76.81857142857143,7
2020,45,2020-10-31,2020-11-06,Colombo,14,61.45,26.800000000000004,83.63857142857144,7
2020,45,2020-10-31,2020-11-06,Gampaha,6,61.45,26.800000000000004,83.63857142857144,7
2020,45,2020-10-31,2020-11-06,Kalutara,5,63.31,26.858571428571427,85.07000000000001,7
2020,45,2020-10-31,2020-11-06,Kandy,34,63.72,25.94142857142857,82.85428571428572,7
2020,45,2020-10-31,2020-11-06,Jaffna,8,23.700000000000003,28.657142857142862,75.37857142857142,7
2020,46,2020-11-07,2020-11-13,Colombo,17,99.88000000000001,27.16857142857143,83.55142857142857,7
2020,46,2020-11-07,2020-11-13,Gampaha,11,99.88000000000001,27.16857142857143,83.55142857142857,7
2020,46,2020-11-07,2020-11-13,Kalutara,4,110.8,27.237142857142857,84.33285714285714,7
2020,46,2020-11-07,2020-11-13,Kandy,24,105.94000000000001,25.28142857142857,88.53857142857143,7
2020,46,2020-11-07,2020-11-13,Jaffna,4,86.64999999999999,28.19428571428571,81.82000000000001,7
2020,47,2020-11-14,2020-11-20,Colombo,16,138.96,26.664285714285715,84.09857142857142,7
2020,47,2020-11-14,2020-11-20,Gampaha,21,138.96,26.664285714285715,84.09857142857142,7
2020,47,2020-11-14,2020-11-20,Kalutara,11,140.35000000000002,26.770000000000003,85.11714285714287,7
2020,47,2020-11-14,2020-11-20,Kandy,27,77.82000000000001,24.849999999999998,89.10285714285713,7
2020,47,2020-11-14,2020-11-20,Jaffna,6,94.34,27.807142857142857,83.31571428571428,7
2020,48,2020-11-21,2020-11-27,Colombo,12,26.3,25.97,86.13285714285715,7
2020,48,2020-11-21,2020-11-27,Gampaha,11,26.3,25.97,86.13285714285715,7
2020,48,2020-11-21,2020-11-27,Kalutara,13,24.349999999999998,26.465714285714284,84.8,7
2020,48,2020-11-21,2020-11-27,Kandy,17,33.230000000000004,23.962857142857143,90.22285714285714,7
2020,48,2020-11-21,2020-11-27,Jaffna,3,64.72,27.424285714285713,82.37142857142858,7
2020,49,2020-11-28,2020-12-04,Colombo,17,57.36,26.191428571428577,85.05142857142857,7
2020,49,2020-11-28,2020-12-04,Gampaha,7,57.36,26.191428571428577,85.05142857142857,7
2020,49,2020-11-28,2020-12-04,Kalutara,10,48.27,26.761428571428578,83.67857142857143,7
2020,49,2020-11-28,2020-12-04,Kandy,10,85.59,24.170000000000005,91.74428571428571,7
2020,49,2020-11-28,2020-12-04,Jaffna,8,239.54,27.092857142857138,85.26428571428572,7
2020,50,2020-12-05,2020-12-11,Colombo,6,35.55,26.542857142857144,82.25285714285714,7
2020,50,2020-12-05,2020-12-11,Gampaha,16,35.55,26.542857142857144,82.25285714285714,7
2020,50,2020-12-05,2020-12-11,Kalutara,20,46.46,26.912857142857142,81.59,7
2020,50,2020-12-05,2020-12-11,Kandy,12,13.959999999999999,24.504285714285714,88.03428571428572,7
2020,50,2020-12-05,2020-12-11,Jaffna,7,135.17000000000002,26.708571428571428,85.1557142857143,7
2020,51,2020-12-12,2020-12-18,Colombo,39,30.35,25.771428571428572,80.39571428571428,7
2020,51,2020-12-12,2020-12-18,Gampaha,13,30.35,25.771428571428572,80.39571428571428,7
2020,51,2020-12-12,2020-12-18,Kalutara,13,20.89,26.28714285714286,79.32857142857144,7
2020,51,2020-12-12,2020-12-18,Kandy,17,20.57,23.357142857142858,86.84857142857142,7
2020,51,2020-12-12,2020-12-18,Jaffna,11,92.96000000000001,26.465714285714284,81.03857142857144,7
2020,52,2020-12-19,2020-12-25,Colombo,30,56.14,25.60571428571428,87.45857142857143,7
2020,52,2020-12-19,2020-12-25,Gampaha,16,56.14,25.60571428571428,87.45857142857143,7
2020,52,2020-12-19,2020-12-25,Kalutara,6,69.2,26.308571428571433,84.95142857142858,7
2020,52,2020-12-19,2020-12-25,Kandy,6,129.36,23.49285714285714,93.05571428571429,7
2020,52,2020-12-19,2020-12-25,Jaffna,13,39.82,26.17285714285714,82.24142857142856,7
2021,1,2020-12-26,2021-01-01,Colombo,35,51.940000000000005,25.897142857142853,84.89285714285714,7
2021,1,2020-12-26,2021-01-01,Gampaha,17,51.940000000000005,25.897142857142853,84.89285714285714,7
2021,1,2020-12-26,2021-01-01,Kalutara,18,56.81999999999999,26.28857142857143,84.35428571428572,7
2021,1,2020-12-26,2021-01-01,Kandy,20,83.52999999999999,23.821428571428573,90.9157142857143,7
2021,1,2020-12-26,2021-01-01,Jaffna,6,59.66,26.259999999999998,83.18571428571428,7
2021,2,2021-01-02,2021-01-08,Colombo,30,65.78,26.165714285714284,84.70857142857143,7
2021,2,2021-01-02,2021-01-08,Gampaha,20,65.78,26.165714285714284,84.70857142857143,7
2021,2,2021-01-02,2021-01-08,Kalutara,18,50.349999999999994,26.34857142857143,84.47142857142856,7
2021,2,2021-01-02,2021-01-08,Kandy,8,78.29,24.08142857142857,91.55571428571429,7
2021,2,2021-01-02,2021-01-08,Jaffna,5,64.84,26.47857142857143,87.50428571428571,7
2021,3,2021-01-09,2021-01-15,Colombo,15,92.33,25.495714285714286,86.09,7
2021,3,2021-01-09,2021-01-15,Gampaha,19,92.33,25.495714285714286,86.09,7
2021,3,2021-01-09,2021-01-15,Kalutara,17,146.84000000000003,25.599999999999998,86.79285714285713,7
2021,3,2021-01-09,2021-01-15,Kandy,9,111.6,23.51142857142857,93.58285714285716,7
2021,3,2021-01-09,2021-01-15,Jaffna,8,214.30000000000004,26.390000000000004,88.59285714285716,7
2021,4,2021-01-16,2021-01-22,Colombo,26,33.83,25.84857142857143,85.36428571428571,7
2021,4,2021-01-16,2021-01-22,Gampaha,18,33.83,25.84857142857143,85.36428571428571,7
2021,4,2021-01-16,2021-01-22,Kalutara,17,52.699999999999996,26.235714285714288,84.87428571428573,7
2021,4,2021-01-16,2021-01-22,Kandy,13,10.37,23.75,91.82142857142857,7
2021,4,2021-01-16,2021-01-22,Jaffna,13,17.59,26.31,82.8,7
2021,5,2021-01-23,2021-01-29,Colombo,21,7.300000000000001,24.834285714285716,80.84,7
2021,5,2021-01-23,2021-01-29,Gampaha,20,7.300000000000001,24.834285714285716,80.84,7
2021,5,2021-01-23,2021-01-29,Kalutara,12,7.7,25.740000000000002,77.86,7
2021,5,2021-01-23,2021-01-29,Kandy,17,21.349999999999998,22.128571428571426,88.78571428571429,7
2021,5,2021-01-23,2021-01-29,Jaffna,12,3.18,26.32428571428571,73.13285714285715,7
2021,6,2021-01-30,2021-02-05,Colombo,28,25.279999999999998,25.63,83.84285714285714,7
2021,6,2021-01-30,2021-02-05,Gampaha,17,25.279999999999998,25.63,83.84285714285714,7
2021,6,2021-01-30,2021-02-05,Kalutara,10,33.760000000000005,26.361428571428572,81.17142857142856,7
2021,6,2021-01-30,2021-02-05,Kandy,9,29.879999999999995,23.35857142857143,90.77857142857144,7
2021,6,2021-01-30,2021-02-05,Jaffna,2,12.999999999999998,26.34142857142857,77.98142857142857,7
2021,7,2021-02-06,2021-02-12,Colombo,40,7.93,25.06142857142857,80.72857142857143,7
2021,7,2021-02-06,2021-02-12,Gampaha,33,7.93,25.06142857142857,80.72857142857143,7
2021,7,2021-02-06,2021-02-12,Kalutara,25,14.15,26.00857142857143,79.12,7
2021,7,2021-02-06,2021-02-12,Kandy,12,15.52,22.395714285714284,87.92571428571429,7
2021,7,2021-02-06,2021-02-12,Jaffna,7,0.23,25.552857142857142,73.2942857142857,7
2021,8,2021-02-13,2021-02-19,Colombo,73,4.06,26.00714285714286,80.91857142857144,7
2021,8,2021-02-13,2021-02-19,Gampaha,45,4.06,26.00714285714286,80.91857142857144,7
2021,8,2021-02-13,2021-02-19,Kalutara,15,7.620000000000001,26.648571428571433,80.7942857142857,7
2021,8,2021-02-13,2021-02-19,Kandy,11,6.65,23.57857142857143,87.80571428571429,7
2021,8,2021-02-13,2021-02-19,Jaffna,7,2.31,26.171428571428574,79.28285714285714,7
2021,9,2021-02-20,2021-02-26,Colombo,51,14.320000000000002,26.55,80.85571428571427,7
2021,9,2021-02-20,2021-02-26,Gampaha,25,14.320000000000002,26.55,80.85571428571427,7
2021,9,2021-02-20,2021-02-26,Kalutara,14,20.72,27.035714285714285,80.4557142857143,7
2021,9,2021-02-20,2021-02-26,Kandy,15,23.940000000000005,24.23428571428571,87.07000000000001,7
2021,9,2021-02-20,2021-02-26,Jaffna,3,7.5,26.851428571428574,78.37142857142858,7
2021,10,2021-02-27,2021-03-05,Colombo,75,0.55,26.31571428571429,71.83,7
2021,10,2021-02-27,2021-03-05,Gampaha,38,0.55,26.31571428571429,71.83,7
2021,10,2021-02-27,2021-03-05,Kalutara,20,2.3200000000000003,26.639999999999997,74.11714285714287,7
2021,10,2021-02-27,2021-03-05,Kandy,10,0.02,23.14428571428572,82.18285714285716,7
2021,10,2021-02-27,2021-03-05,Jaffna,9,0.05,26.87571428571428,71.83571428571429,7
2021,11,2021-03-06,2021-03-12,Colombo,95,52.47,27.12,76.78285714285714,7
2021,11,2021-03-06,2021-03-12,Gampaha,55,52.47,27.12,76.78285714285714,7
2021,11,2021-03-06,2021-03-12,Kalutara,25,52.860000000000014,27.014285714285712,78.91428571428571,7
2021,11,2021-03-06,2021-03-12,Kandy,9,40.339999999999996,24.451428571428576,87.58571428571429,7
2021,11,2021-03-06,2021-03-12,Jaffna,7,12.960000000000003,27.738571428571426,79.05285714285715,7
2021,12,2021-03-13,2021-03-19,Colombo,145,26.57,27.145714285714288,76.61428571428571,7
2021,12,2021-03-13,2021-03-19,Gampaha,45,26.57,27.145714285714288,76.61428571428571,7
2021,12,2021-03-13,2021-03-19,Kalutara,49,32.51,27.197142857142858,77.96428571428571,7
2021,12,2021-03-13,2021-03-19,Kandy,16,6.0600000000000005,24.599999999999998,84.81428571428572,7
2021,12,2021-03-13,2021-03-19,Jaffna,4,0.22999999999999998,27.972857142857144,74.56142857142858,7
2021,13,2021-03-20,2021-03-26,Colombo,57,37.85000000000001,26.914285714285718,77.13000000000001,7
2021,13,2021-03-20,2021-03-26,Gampaha,53,37.85000000000001,26.914285714285718,77.13000000000001,7
2021,13,2021-03-20,2021-03-26,Kalutara,28,59.77,26.722857142857144,80.24571428571429,7
2021,13,2021-03-20,2021-03-26,Kandy,16,27.220000000000006,25.065714285714286,80.99428571428572,7
2021,13,2021-03-20,2021-03-26,Jaffna,2,1.96,28.434285714285714,74.47571428571429,7
2021,14,2021-03-27,2021-04-02,Colombo,82,61.31000000000001,27.13714285714286,81.08285714285715,7
2021,14,2021-03-27,2021-04-02,Gampaha,34,61.31000000000001,27.13714285714286,81.08285714285715,7
2021,14,2021-03-27,2021-04-02,Kalutara,32,93.61999999999999,27.072857142857146,82.23428571428572,7
2021,14,2021-03-27,2021-04-02,Kandy,18,33.06,25.900000000000002,81.17999999999999,7
2021,14,2021-03-27,2021-04-02,Jaffna,0,2.72,29.30285714285714,76.05714285714285,7
2021,15,2021-04-03,2021-04-09,Colombo,88,10.09,27.431428571428572,80.07571428571428,7
2021,15,2021-04-03,2021-04-09,Gampaha,46,10.09,27.431428571428572,80.07571428571428,7
2021,15,2021-04-03,2021-04-09,Kalutara,22,10.39,27.299999999999994,83.37571428571428,7
2021,15,2021-04-03,2021-04-09,Kandy,20,5.41,26.237142857142857,78.52142857142857,7
2021,15,2021-04-03,2021-04-09,Jaffna,0,1.35,29.310000000000002,73.90285714285713,7
2021,16,2021-04-10,2021-04-16,Colombo,91,84.91000000000001,27.058571428571433,81.09142857142857,7
2021,16,2021-04-10,2021-04-16,Gampaha,36,84.91000000000001,27.058571428571433,81.09142857142857,7
2021,16,2021-04-10,2021-04-16,Kalutara,21,81.13999999999999,27.24142857142857,80.45,7
2021,16,2021-04-10,2021-04-16,Kandy,11,107.85,25.815714285714286,84.26857142857145,7
2021,16,2021-04-10,2021-04-16,Jaffna,4,51.900000000000006,29.044285714285717,74.93285714285715,7
2021,17,2021-04-17,2021-04-23,Colombo,57,46.38,27.30428571428572,85.86285714285714,7
2021,17,2021-04-17,2021-04-23,Gampaha,37,46.38,27.30428571428572,85.86285714285714,7
2021,17,2021-04-17,2021-04-23,Kalutara,46,53.849999999999994,27.562857142857148,85.12714285714286,7
2021,17,2021-04-17,2021-04-23,Kandy,29,10.15,25.90857142857143,86.91857142857143,7
2021,17,2021-04-17,2021-04-23,Jaffna,5,2.79,29.571428571428573,78.06714285714285,7
2021,18,2021-04-24,2021-04-30,Colombo,125,41.84,27.69142857142857,83.72714285714287,7
2021,18,2021-04-24,2021-04-30,Gampaha,27,41.84,27.69142857142857,83.72714285714287,7
2021,18,2021-04-24,2021-04-30,Kalutara,27,39.980000000000004,27.895714285714284,84.14285714285714,7
2021,18,2021-04-24,2021-04-30,Kandy,12,19.35,26.42428571428572,83.59428571428573,7
2021,18,2021-04-24,2021-04-30,Jaffna,2,14.110000000000001,29.94,75.71000000000001,7
2021,19,2021-05-01,2021-05-07,Colombo,84,101.85,27.444285714285716,84.35571428571428,7
2021,19,2021-05-01,2021-05-07,Gampaha,20,101.85,27.444285714285716,84.35571428571428,7
2021,19,2021-05-01,2021-05-07,Kalutara,14,99.88999999999999,27.610000000000003,83.34857142857143,7
2021,19,2021-05-01,2021-05-07,Kandy,15,86.03,26.42142857142857,84.54857142857144,7
2021,19,2021-05-01,2021-05-07,Jaffna,5,35.74,29.62428571428572,77.2042857142857,7
2021,20,2021-05-08,2021-05-14,Colombo,36,152.62,27.238571428571422,87.63571428571429,7
2021,20,2021-05-08,2021-05-14,Gampaha,10,152.62,27.238571428571422,87.63571428571429,7
2021,20,2021-05-08,2021-05-14,Kalutara,18,152.54999999999998,27.48,87.04285714285716,7
2021,20,2021-05-08,2021-05-14,Kandy,9,63.849999999999994,25.988571428571422,88.52142857142859,7
2021,20,2021-05-08,2021-05-14,Jaffna,2,17.080000000000005,29.57857142857143,79.67285714285715,7
2021,21,2021-05-15,2021-05-21,Colombo,34,55.17,27.267142857142858,85.66,7
2021,21,2021-05-15,2021-05-21,Gampaha,15,55.17,27.267142857142858,85.66,7
2021,21,2021-05-15,2021-05-21,Kalutara,20,41.269999999999996,27.62857142857143,85.32857142857142,7
2021,21,2021-05-15,2021-05-21,Kandy,5,30.12,25.755714285714287,86.99142857142854,7
2021,21,2021-05-15,2021-05-21,Jaffna,2,19.57,29.490000000000002,78.92999999999998,7
2021,22,2021-05-22,2021-05-28,Colombo,42,120.97,27.247142857142858,87.20857142857143,7
2021,22,2021-05-22,2021-05-28,Gampaha,10,120.97,27.247142857142858,87.20857142857143,7
2021,22,2021-05-22,2021-05-28,Kalutara,11,99.5,27.654285714285713,86.40142857142857,7
2021,22,2021-05-22,2021-05-28,Kandy,8,85.46000000000001,25.56142857142857,89.0257142857143,7
2021,22,2021-05-22,2021-05-28,Jaffna,1,9.17,29.555714285714288,77.27,7
2021,23,2021-05-29,2021-06-04,Colombo,75,113.99,27.12285714285714,87.91285714285713,7
2021,23,2021-05-29,2021-06-04,Gampaha,19,113.99,27.12285714285714,87.91285714285713,7
2021,23,2021-05-29,2021-06-04,Kalutara,25,85.77000000000001,27.384285714285713,86.54285714285716,7
2021,23,2021-05-29,2021-06-04,Kandy,6,63.42,25.835714285714285,89.20142857142856,7
2021,23,2021-05-29,2021-06-04,Jaffna,0,21.450000000000003,29.650000000000002,78.65142857142858,7
2021,24,2021-06-05,2021-06-11,Colombo,123,45.58,26.720000000000002,87.83857142857141,7
2021,24,2021-06-05,2021-06-11,Gampaha,38,45.58,26.720000000000002,87.83857142857141,7
2021,24,2021-06-05,2021-06-11,Kalutara,22,49.080000000000005,27.107142857142858,86.88857142857144,7
2021,24,2021-06-05,2021-06-11,Kandy,6,19.73,25.275714285714287,88.80571428571429,7
2021,24,2021-06-05,2021-06-11,Jaffna,3,5.750000000000001,29.152857142857147,79.54857142857142,7
2021,25,2021-06-12,2021-06-18,Colombo,149,40.43,26.70571428571429,87.51,7
2021,25,2021-06-12,2021-06-18,Gampaha,42,40.43,26.70571428571429,87.51,7
2021,25,2021-06-12,2021-06-18,Kalutara,26,30.729999999999997,27.057142857142857,86.72714285714285,7
2021,25,2021-06-12,2021-06-18,Kandy,8,21.050000000000004,25.33857142857143,87.97285714285715,7
2021,25,2021-06-12,2021-06-18,Jaffna,4,6.83,29.569999999999993,76.57428571428571,7
2021,26,2021-06-19,2021-06-25,Colombo,191,19.189999999999998,26.624285714285715,87.27142857142857,7
2021,26,2021-06-19,2021-06-25,Gampaha,86,19.189999999999998,26.624285714285715,87.27142857142857,7
2021,26,2021-06-19,2021-06-25,Kalutara,39,23.020000000000003,27.009999999999998,86.20428571428572,7
2021,26,2021-06-19,2021-06-25,Kandy,20,18.69,25.16857142857143,88.25714285714285,7
2021,26,2021-06-19,2021-06-25,Jaffna,3,4.239999999999999,29.115714285714287,78.87285714285714,7
2021,27,2021-06-26,2021-07-02,Colombo,200,30.41,26.572857142857142,86.16142857142857,7
2021,27,2021-06-26,2021-07-02,Gampaha,78,30.41,26.572857142857142,86.16142857142857,7
2021,27,2021-06-26,2021-07-02,Kalutara,51,39.33,26.92142857142857,85.30428571428571,7
2021,27,2021-06-26,2021-07-02,Kandy,34,10.39,25.17571428571429,86.55857142857144,7
2021,27,2021-06-26,2021-07-02,Jaffna,0,7.86,28.874285714285715,78.18857142857142,7
2021,28,2021-07-03,2021-07-09,Colombo,223,53.129999999999995,26.567142857142862,88.0942857142857,7
2021,28,2021-07-03,2021-07-09,Gampaha,121,53.129999999999995,26.567142857142862,88.0942857142857,7
2021,28,2021-07-03,2021-07-09,Kalutara,55,66.86999999999999,26.881428571428568,87.4442857142857,7
2021,28,2021-07-03,2021-07-09,Kandy,25,33.4,25.400000000000002,88.6242857142857,7
2021,28,2021-07-03,2021-07-09,Jaffna,0,13.469999999999999,29.06142857142857,79.64714285714285,7
2021,29,2021-07-10,2021-07-16,Colombo,216,34.66,26.075714285714287,88.82857142857142,7
2021,29,2021-07-10,2021-07-16,Gampaha,104,34.66,26.075714285714287,88.82857142857142,7
2021,29,2021-07-10,2021-07-16,Kalutara,42,28.41,26.490000000000002,88.08142857142856,7
2021,29,2021-07-10,2021-07-16,Kandy,25,64.47,24.798571428571424,87.77142857142857,7
2021,29,2021-07-10,2021-07-16,Jaffna,0,15.95,29.28714285714286,73.00714285714285,7
2021,30,2021-07-17,2021-07-23,Colombo,13,20.16,26.465714285714284,88.64428571428572,7
2021,30,2021-07-17,2021-07-23,Gampaha,11,20.16,26.465714285714284,88.64428571428572,7
2021,30,2021-07-17,2021-07-23,Kalutara,69,27.64,26.807142857142857,88.26285714285714,7
2021,30,2021-07-17,2021-07-23,Kandy,17,19.57,25.238571428571426,88.19285714285714,7
2021,30,2021-07-17,2021-07-23,Jaffna,2,21.07,29.237142857142857,76.86142857142856,7
2021,31,2021-07-24,2021-07-30,Colombo,18,62.11000000000001,26.28,87.74714285714286,7
2021,31,2021-07-24,2021-07-30,Gampaha,10,62.11000000000001,26.28,87.74714285714286,7
2021,31,2021-07-24,2021-07-30,Kalutara,73,50.33,26.63714285714286,86.89142857142858,7
2021,31,2021-07-24,2021-07-30,Kandy,28,28.97,25.084285714285716,87.30571428571429,7
2021,31,2021-07-24,2021-07-30,Jaffna,2,3.68,29.080000000000002,77.25714285714285,7
2021,32,2021-07-31,2021-08-06,Colombo,10,12.45,26.284285714285716,88.20142857142855,7
2021,32,2021-07-31,2021-08-06,Gampaha,53,12.45,26.284285714285716,88.20142857142855,7
2021,32,2021-07-31,2021-08-06,Kalutara,34,16.52,26.56857142857143,87.61571428571429,7
2021,32,2021-07-31,2021-08-06,Kandy,20,2.45,25.23,86.23428571428572,7
2021,32,2021-07-31,2021-08-06,Jaffna,1,2.9,29.345714285714283,75.66285714285713,7
2021,33,2021-08-07,2021-08-13,Colombo,82,57.480000000000004,25.919999999999998,88.42999999999999,7
2021,33,2021-08-07,2021-08-13,Gampaha,19,57.480000000000004,25.919999999999998,88.42999999999999,7
2021,33,2021-08-07,2021-08-13,Kalutara,16,72.97,26.13,88.33857142857144,7
2021,33,2021-08-07,2021-08-13,Kandy,18,47.07,24.74142857142857,88.11285714285714,7
2021,33,2021-08-07,2021-08-13,Jaffna,1,30.359999999999996,29.03,76.00857142857141,7
2021,34,2021-08-14,2021-08-20,Colombo,48,15.249999999999998,25.94857142857143,88.10000000000001,7
2021,34,2021-08-14,2021-08-20,Gampaha,24,15.249999999999998,25.94857142857143,88.10000000000001,7
2021,34,2021-08-14,2021-08-20,Kalutara,10,20.41,26.211428571428574,87.96714285714286,7
2021,34,2021-08-14,2021-08-20,Kandy,13,6.140000000000001,24.867142857142856,85.11,7
2021,34,2021-08-14,2021-08-20,Jaffna,1,8.530000000000001,28.57428571428571,76.4542857142857,7
2021,35,2021-08-21,2021-08-27,Colombo,50,58.45,26.177142857142854,87.2242857142857,7
2021,35,2021-08-21,2021-08-27,Gampaha,17,58.45,26.177142857142854,87.2242857142857,7
2021,35,2021-08-21,2021-08-27,Kalutara,23,55.86,26.58857142857143,86.15714285714286,7
2021,35,2021-08-21,2021-08-27,Kandy,17,34.29,24.889999999999997,86.83571428571429,7
2021,35,2021-08-21,2021-08-27,Jaffna,0,8.8,28.220000000000002,79.24142857142859,7
2021,36,2021-08-28,2021-09-03,Colombo,62,42.489999999999995,26.29285714285714,87.34571428571428,7
2021,36,2021-08-28,2021-09-03,Gampaha,14,42.489999999999995,26.29285714285714,87.34571428571428,7
2021,36,2021-08-28,2021-09-03,Kalutara,10,47.0,26.67428571428572,86.41,7
2021,36,2021-08-28,2021-09-03,Kandy,8,24.729999999999997,25.065714285714286,86.64285714285714,7
2021,36,2021-08-28,2021-09-03,Jaffna,0,32.9,28.315714285714286,79.97999999999999,7
2021,37,2021-09-04,2021-09-10,Colombo,49,40.27,26.488571428571426,86.99285714285715,7
2021,37,2021-09-04,2021-09-10,Gampaha,27,40.27,26.488571428571426,86.99285714285715,7
2021,37,2021-09-04,2021-09-10,Kalutara,15,42.35,26.729999999999997,87.20142857142856,7
2021,37,2021-09-04,2021-09-10,Kandy,8,20.619999999999997,25.34857142857143,85.84,7
2021,37,2021-09-04,2021-09-10,Jaffna,0,3.05,28.620000000000005,79.12571428571428,7
2021,38,2021-09-11,2021-09-17,Colombo,59,36.79,26.482857142857142,87.5442857142857,7
2021,38,2021-09-11,2021-09-17,Gampaha,50,36.79,26.482857142857142,87.5442857142857,7
2021,38,2021-09-11,2021-09-17,Kalutara,29,33.93,26.76571428571429,86.98857142857143,7
2021,38,2021-09-11,2021-09-17,Kandy,7,18.049999999999997,25.60428571428571,84.69714285714285,7
2021,38,2021-09-11,2021-09-17,Jaffna,0,9.61,28.80857142857143,79.67999999999999,7
2021,39,2021-09-18,2021-09-24,Colombo,75,45.75,26.71428571428571,87.43571428571428,7
2021,39,2021-09-18,2021-09-24,Gampaha,32,45.75,26.71428571428571,87.43571428571428,7
2021,39,2021-09-18,2021-09-24,Kalutara,30,56.08,27.01285714285714,86.94857142857143,7
2021,39,2021-09-18,2021-09-24,Kandy,9,36.75,25.86285714285714,85.19857142857143,7
2021,39,2021-09-18,2021-09-24,Jaffna,1,32.78,28.860000000000003,79.44571428571429,7
2021,40,2021-09-25,2021-10-01,Colombo,13,93.57,26.072857142857146,86.68857142857142,7
2021,40,2021-09-25,2021-10-01,Gampaha,42,93.57,26.072857142857146,86.68857142857142,7
2021,40,2021-09-25,2021-10-01,Kalutara,30,84.14,26.48714285714286,85.73571428571428,7
2021,40,2021-09-25,2021-10-01,Kandy,13,84.20000000000002,24.80857142857143,86.73571428571428,7
2021,40,2021-09-25,2021-10-01,Jaffna,0,39.78,28.679999999999996,76.59,7
2021,41,2021-10-02,2021-10-08,Colombo,14,70.07,26.104285714285716,88.75428571428571,7
2021,41,2021-10-02,2021-10-08,Gampaha,79,70.07,26.104285714285716,88.75428571428571,7
2021,41,2021-10-02,2021-10-08,Kalutara,30,76.09000000000002,26.428571428571427,88.53857142857143,7
2021,41,2021-10-02,2021-10-08,Kandy,23,42.04999999999999,25.00142857142857,87.6542857142857,7
2021,41,2021-10-02,2021-10-08,Jaffna,0,86.22,28.09857142857143,82.31714285714285,7
2021,42,2021-10-09,2021-10-15,Colombo,132,42.88,26.618571428571425,86.88142857142859,7
2021,42,2021-10-09,2021-10-15,Gampaha,93,42.88,26.618571428571425,86.88142857142859,7
2021,42,2021-10-09,2021-10-15,Kalutara,36,46.74,27.011428571428574,86.63857142857145,7
2021,42,2021-10-09,2021-10-15,Kandy,12,37.73,25.264285714285712,86.80142857142856,7
2021,42,2021-10-09,2021-10-15,Jaffna,0,60.370000000000005,28.408571428571427,82.27714285714286,7
2021,43,2021-10-16,2021-10-22,Colombo,19,75.15,26.73857142857143,85.88,7
2021,43,2021-10-16,2021-10-22,Gampaha,12,75.15,26.73857142857143,85.88,7
2021,43,2021-10-16,2021-10-22,Kalutara,36,64.94999999999999,26.997142857142858,85.85428571428572,7
2021,43,2021-10-16,2021-10-22,Kandy,29,56.4,25.467142857142854,86.54142857142857,7
2021,43,2021-10-16,2021-10-22,Jaffna,0,18.81,28.344285714285714,82.4457142857143,7
2021,44,2021-10-23,2021-10-29,Colombo,190,101.86,25.807142857142857,86.84571428571428,7
2021,44,2021-10-23,2021-10-29,Gampaha,104,101.86,25.807142857142857,86.84571428571428,7
2021,44,2021-10-23,2021-10-29,Kalutara,38,85.11,26.055714285714288,86.69285714285714,7
2021,44,2021-10-23,2021-10-29,Kandy,25,99.97,24.518571428571427,87.55142857142859,7
2021,44,2021-10-23,2021-10-29,Jaffna,2,91.70000000000002,28.008571428571425,79.80285714285715,7
2021,45,2021-10-30,2021-11-05,Colombo,24,154.19,25.974285714285713,88.24714285714285,7
2021,45,2021-10-30,2021-11-05,Gampaha,15,154.19,25.974285714285713,88.24714285714285,7
2021,45,2021-10-30,2021-11-05,Kalutara,29,215.89000000000001,26.264285714285712,87.80285714285712,7
2021,45,2021-10-30,2021-11-05,Kandy,27,126.08999999999999,24.66857142857143,89.87285714285714,7
2021,45,2021-10-30,2021-11-05,Jaffna,6,149.14,27.592857142857145,83.2642857142857,7
2021,46,2021-11-06,2021-11-12,Colombo,23,137.62,25.791428571428572,87.41000000000001,7
2021,46,2021-11-06,2021-11-12,Gampaha,15,137.62,25.791428571428572,87.41000000000001,7
2021,46,2021-11-06,2021-11-12,Kalutara,43,101.61,26.308571428571423,85.93999999999998,7
2021,46,2021-11-06,2021-11-12,Kandy,25,129.36,23.86285714285714,92.21714285714286,7
2021,46,2021-11-06,2021-11-12,Jaffna,1,231.42,26.962857142857143,86.24714285714286,7
2021,47,2021-11-13,2021-11-19,Colombo,20,80.73,26.11714285714286,88.59714285714287,7
2021,47,2021-11-13,2021-11-19,Gampaha,20,80.73,26.11714285714286,88.59714285714287,7
2021,47,2021-11-13,2021-11-19,Kalutara,41,65.49,26.59,87.41714285714285,7
2021,47,2021-11-13,2021-11-19,Kandy,32,61.82,24.384285714285713,91.89,7
2021,47,2021-11-13,2021-11-19,Jaffna,4,64.63000000000001,27.282857142857143,86.03571428571429,7
2021,48,2021-11-20,2021-11-26,Colombo,24,79.10999999999999,25.784285714285716,86.27285714285712,7
2021,48,2021-11-20,2021-11-26,Gampaha,21,79.10999999999999,25.784285714285716,86.27285714285712,7
2021,48,2021-11-20,2021-11-26,Kalutara,39,115.14,26.24285714285714,85.26714285714286,7
2021,48,2021-11-20,2021-11-26,Kandy,47,137.88000000000002,23.872857142857146,91.35571428571428,7
2021,48,2021-11-20,2021-11-26,Jaffna,10,136.62,27.202857142857145,84.57000000000001,7
2021,49,2021-11-27,2021-12-03,Colombo,309,77.11,26.365714285714287,84.57428571428571,7
2021,49,2021-11-27,2021-12-03,Gampaha,218,77.11,26.365714285714287,84.57428571428571,7
2021,49,2021-11-27,2021-12-03,Kalutara,76,73.58,26.47142857142857,84.7057142857143,7
2021,49,2021-11-27,2021-12-03,Kandy,46,86.55,24.60285714285714,89.18999999999998,7
2021,49,2021-11-27,2021-12-03,Jaffna,11,116.14,27.080000000000002,84.71142857142856,7
2021,50,2021-12-04,2021-12-10,Colombo,34,35.2,26.45428571428571,82.96142857142857,7
2021,50,2021-12-04,2021-12-10,Gampaha,24,35.2,26.45428571428571,82.96142857142857,7
2021,50,2021-12-04,2021-12-10,Kalutara,93,61.1,26.77285714285714,83.00285714285714,7
2021,50,2021-12-04,2021-12-10,Kandy,47,21.13,24.42142857142857,88.51142857142858,7
2021,50,2021-12-04,2021-12-10,Jaffna,40,17.84,27.608571428571427,79.72857142857143,7
2021,51,2021-12-11,2021-12-17,Colombo,40,30.21,25.982857142857142,86.18142857142855,7
2021,51,2021-12-11,2021-12-17,Gampaha,43,30.21,25.982857142857142,86.18142857142855,7
2021,51,2021-12-11,2021-12-17,Kalutara,20,44.43,26.619999999999997,83.59428571428573,7
2021,51,2021-12-11,2021-12-17,Kandy,72,64.49,23.75,92.64,7
2021,51,2021-12-11,2021-12-17,Jaffna,74,53.17,27.32428571428571,81.82857142857144,7
2021,52,2021-12-18,2021-12-24,Colombo,40,13.08,25.747142857142858,83.3,7
2021,52,2021-12-18,2021-12-24,Gampaha,43,13.08,25.747142857142858,83.3,7
2021,52,2021-12-18,2021-12-24,Kalutara,20,39.15,26.59142857142857,81.31428571428572,7
2021,52,2021-12-18,2021-12-24,Kandy,72,24.67,23.205714285714286,90.06714285714288,7
2021,52,2021-12-18,2021-12-24,Jaffna,74,3.53,26.29,75.01142857142857,7
2021,53,2021-12-25,2021-12-31,Colombo,40,3.71,25.231428571428573,80.02,7
2021,53,2021-12-25,2021-12-31,Gampaha,43,3.71,25.231428571428573,80.02,7
2021,53,2021-12-25,2021-12-31,Kalutara,20,3.62,26.058571428571433,75.90857142857143,7
2021,53,2021-12-25,2021-12-31,Kandy,72,13.84,22.59142857142857,88.57857142857142,7
2021,53,2021-12-25,2021-12-31,Jaffna,74,38.75,26.630000000000003,75.96428571428571,7
2022,1,2022-01-01,2022-01-07,Colombo,47,39.02,26.285714285714285,85.58,7
2022,1,2022-01-01,2022-01-07,Gampaha,48,39.02,26.285714285714285,85.58,7
2022,1,2022-01-01,2022-01-07,Kalutara,10,92.29,26.93285714285714,83.45714285714287,7
2022,1,2022-01-01,2022-01-07,Kandy,10,81.49,24.178571428571427,91.80857142857144,7
2022,1,2022-01-01,2022-01-07,Jaffna,11,61.93000000000001,26.55428571428572,82.67857142857143,7
2022,2,2022-01-08,2022-01-14,Colombo,31,10.99,26.297142857142855,84.11,7
2022,2,2022-01-08,2022-01-14,Gampaha,32,10.99,26.297142857142855,84.11,7
2022,2,2022-01-08,2022-01-14,Kalutara,75,22.86,26.82571428571428,82.70285714285714,7
2022,2,2022-01-08,2022-01-14,Kandy,78,19.53,24.011428571428574,90.79571428571428,7
2022,2,2022-01-08,2022-01-14,Jaffna,91,3.33,26.78,80.40857142857143,7
2022,3,2022-01-15,2022-01-21,Colombo,30,11.74,25.781428571428574,79.69857142857144,7
2022,3,2022-01-15,2022-01-21,Gampaha,28,11.74,25.781428571428574,79.69857142857144,7
2022,3,2022-01-15,2022-01-21,Kalutara,88,16.869999999999997,26.525714285714287,78.56571428571428,7
2022,3,2022-01-15,2022-01-21,Kandy,53,5.89,23.099999999999998,87.46714285714286,7
2022,3,2022-01-15,2022-01-21,Jaffna,92,28.28,26.462857142857143,76.24285714285715,7
2022,4,2022-01-22,2022-01-28,Colombo,20,1.35,25.18285714285715,77.16,7
2022,4,2022-01-22,2022-01-28,Gampaha,17,1.35,25.18285714285715,77.16,7
2022,4,2022-01-22,2022-01-28,Kalutara,64,1.88,25.609999999999996,77.49714285714286,7
2022,4,2022-01-22,2022-01-28,Kandy,66,0.39,22.33428571428571,80.3157142857143,7
2022,4,2022-01-22,2022-01-28,Jaffna,11,1.1800000000000002,26.478571428571428,73.64,7
2022,5,2022-01-29,2022-02-04,Colombo,13,6.1,26.03857142857143,78.30142857142857,7
2022,5,2022-01-29,2022-02-04,Gampaha,90,6.1,26.03857142857143,78.30142857142857,7
2022,5,2022-01-29,2022-02-04,Kalutara,56,11.889999999999999,26.345714285714283,78.66857142857143,7
2022,5,2022-01-29,2022-02-04,Kandy,41,8.229999999999999,23.318571428571428,86.28428571428572,7
2022,5,2022-01-29,2022-02-04,Jaffna,66,5.7,26.287142857142857,76.54857142857144,7
2022,6,2022-02-05,2022-02-11,Colombo,12,12.120000000000001,25.68285714285714,77.29285714285713,7
2022,6,2022-02-05,2022-02-11,Gampaha,63,12.120000000000001,25.68285714285714,77.29285714285713,7
2022,6,2022-02-05,2022-02-11,Kalutara,25,31.490000000000002,26.292857142857144,76.77857142857144,7
2022,6,2022-02-05,2022-02-11,Kandy,30,10.040000000000001,22.99285714285714,86.60857142857144,7
2022,6,2022-02-05,2022-02-11,Jaffna,55,24.189999999999998,26.338571428571424,77.33,7
2022,7,2022-02-12,2022-02-18,Colombo,12,39.67,25.592857142857138,79.57857142857142,7
2022,7,2022-02-12,2022-02-18,Gampaha,10,39.67,25.592857142857138,79.57857142857142,7
2022,7,2022-02-12,2022-02-18,Kalutara,36,52.50000000000001,26.07428571428571,79.14285714285714,7
2022,7,2022-02-12,2022-02-18,Kandy,15,43.76999999999999,23.087142857142855,87.81714285714285,7
2022,7,2022-02-12,2022-02-18,Jaffna,57,32.16,26.34857142857143,76.36714285714287,7
2022,8,2022-02-19,2022-02-25,Colombo,11,98.30000000000001,26.49857142857143,81.59857142857143,7
2022,8,2022-02-19,2022-02-25,Gampaha,71,98.30000000000001,26.49857142857143,81.59857142857143,7
2022,8,2022-02-19,2022-02-25,Kalutara,44,88.1,26.77,82.6842857142857,7
2022,8,2022-02-19,2022-02-25,Kandy,25,161.72,24.192857142857147,88.16571428571429,7
2022,8,2022-02-19,2022-02-25,Jaffna,44,8.04,27.057142857142853,76.98571428571428,7
2022,9,2022-02-26,2022-03-04,Colombo,60,9.42,26.08285714285714,81.03,7
2022,9,2022-02-26,2022-03-04,Gampaha,42,9.42,26.08285714285714,81.03,7
2022,9,2022-02-26,2022-03-04,Kalutara,59,13.879999999999999,26.79285714285714,79.73714285714286,7
2022,9,2022-02-26,2022-03-04,Kandy,28,22.59,23.507142857142856,89.69285714285714,7
2022,9,2022-02-26,2022-03-04,Jaffna,51,11.14,27.244285714285713,75.9057142857143,7
2022,10,2022-03-05,2022-03-11,Colombo,98,19.19,26.699999999999996,79.70428571428572,7
2022,10,2022-03-05,2022-03-11,Gampaha,78,19.19,26.699999999999996,79.70428571428572,7
2022,10,2022-03-05,2022-03-11,Kalutara,36,34.73,27.021428571428572,80.89857142857143,7
2022,10,2022-03-05,2022-03-11,Kandy,24,8.66,24.29285714285714,88.14714285714287,7
2022,10,2022-03-05,2022-03-11,Jaffna,46,3.4,27.387142857142855,78.8257142857143,7
2022,11,2022-03-12,2022-03-18,Colombo,88,22.07,27.012857142857143,79.41285714285713,7
2022,11,2022-03-12,2022-03-18,Gampaha,56,22.07,27.012857142857143,79.41285714285713,7
2022,11,2022-03-12,2022-03-18,Kalutara,45,42.629999999999995,27.12142857142857,80.51571428571428,7
2022,11,2022-03-12,2022-03-18,Kandy,23,15.92,25.131428571428575,84.11714285714285,7
2022,11,2022-03-12,2022-03-18,Jaffna,82,0.66,28.15142857142857,71.38428571428571,7
2022,12,2022-03-19,2022-03-25,Colombo,10,5.65,27.268571428571427,80.61,7
2022,12,2022-03-19,2022-03-25,Gampaha,60,5.65,27.268571428571427,80.61,7
2022,12,2022-03-19,2022-03-25,Kalutara,64,7.92,27.46,80.70285714285714,7
2022,12,2022-03-19,2022-03-25,Kandy,22,11.02,25.614285714285717,84.78142857142856,7
2022,12,2022-03-19,2022-03-25,Jaffna,68,4.08,29.128571428571426,77.10714285714286,7
2022,13,2022-03-26,2022-04-01,Colombo,10,35.25,27.602857142857143,80.53714285714285,7
2022,13,2022-03-26,2022-04-01,Gampaha,45,35.25,27.602857142857143,80.53714285714285,7
2022,13,2022-03-26,2022-04-01,Kalutara,38,48.690000000000005,27.390000000000004,82.43285714285715,7
2022,13,2022-03-26,2022-04-01,Kandy,15,16.66,26.635714285714283,81.30142857142857,7
2022,13,2022-03-26,2022-04-01,Jaffna,80,2.6500000000000004,29.479999999999997,75.65714285714284,7
2022,14,2022-04-02,2022-04-08,Colombo,10,194.07000000000002,26.83285714285714,82.65714285714286,7
2022,14,2022-04-02,2022-04-08,Gampaha,63,194.07000000000002,26.83285714285714,82.65714285714286,7
2022,14,2022-04-02,2022-04-08,Kalutara,53,170.14000000000001,26.982857142857142,83.30571428571429,7
2022,14,2022-04-02,2022-04-08,Kandy,37,115.60999999999999,25.77285714285714,84.82000000000001,7
2022,14,2022-04-02,2022-04-08,Jaffna,94,27.1,29.25857142857143,73.08714285714287,7
2022,15,2022-04-09,2022-04-15,Colombo,27,95.97,26.664285714285715,85.60571428571428,7
2022,15,2022-04-09,2022-04-15,Gampaha,45,95.97,26.664285714285715,85.60571428571428,7
2022,15,2022-04-09,2022-04-15,Kalutara,29,77.83,27.064285714285713,85.10571428571428,7
2022,15,2022-04-09,2022-04-15,Kandy,19,77.2,25.25714285714286,87.68714285714286,7
2022,15,2022-04-09,2022-04-15,Jaffna,73,106.48,28.68142857142857,80.38857142857144,7
2022,16,2022-04-16,2022-04-22,Colombo,13,51.59,27.3,87.20857142857143,7
2022,16,2022-04-16,2022-04-22,Gampaha,84,51.59,27.3,87.20857142857143,7
2022,16,2022-04-16,2022-04-22,Kalutara,92,47.98,27.65285714285714,86.10000000000001,7
2022,16,2022-04-16,2022-04-22,Kandy,39,41.339999999999996,26.05857142857143,87.85714285714286,7
2022,16,2022-04-16,2022-04-22,Jaffna,84,37.56,29.240000000000002,81.06428571428572,7
2022,17,2022-04-23,2022-04-29,Colombo,13,76.63,27.572857142857142,83.71857142857144,7
2022,17,2022-04-23,2022-04-29,Gampaha,97,76.63,27.572857142857142,83.71857142857144,7
2022,17,2022-04-23,2022-04-29,Kalutara,91,84.03,27.657142857142855,84.5842857142857,7
2022,17,2022-04-23,2022-04-29,Kandy,40,53.690000000000005,26.35285714285714,83.22428571428573,7
2022,17,2022-04-23,2022-04-29,Jaffna,11,10.67,29.541428571428575,76.49285714285715,7
2022,18,2022-04-30,2022-05-06,Colombo,12,40.09,27.79714285714286,86.1,7
2022,18,2022-04-30,2022-05-06,Gampaha,79,40.09,27.79714285714286,86.1,7
2022,18,2022-04-30,2022-05-06,Kalutara,93,59.37,28.072857142857142,85.25428571428571,7
2022,18,2022-04-30,2022-05-06,Kandy,60,15.14,26.064285714285713,88.48714285714286,7
2022,18,2022-04-30,2022-05-06,Jaffna,85,4.26,29.92571428571429,81.78999999999999,7
2022,19,2022-05-07,2022-05-13,Colombo,11,57.82,27.569999999999997,86.93857142857144,7
2022,19,2022-05-07,2022-05-13,Gampaha,64,57.82,27.569999999999997,86.93857142857144,7
2022,19,2022-05-07,2022-05-13,Kalutara,73,60.15,27.867142857142856,86.76999999999998,7
2022,19,2022-05-07,2022-05-13,Kandy,61,20.13,26.06,87.94428571428573,7
2022,19,2022-05-07,2022-05-13,Jaffna,97,15.200000000000001,29.95571428571429,78.05571428571429,7
2022,20,2022-05-14,2022-05-20,Colombo,25,78.92999999999999,27.058571428571433,88.10857142857142,7
2022,20,2022-05-14,2022-05-20,Gampaha,10,78.92999999999999,27.058571428571433,88.10857142857142,7
2022,20,2022-05-14,2022-05-20,Kalutara,13,97.5,27.31142857142857,88.10571428571428,7
2022,20,2022-05-14,2022-05-20,Kandy,86,35.35,25.822857142857146,87.28285714285714,7
2022,20,2022-05-14,2022-05-20,Jaffna,11,4.86,29.25714285714286,79.17,7
2022,21,2022-05-21,2022-05-27,Colombo,29,58.52,26.907142857142855,88.25999999999999,7
2022,21,2022-05-21,2022-05-27,Gampaha,77,58.52,26.907142857142855,88.25999999999999,7
2022,21,2022-05-21,2022-05-27,Kalutara,97,42.97,27.139999999999997,87.56714285714285,7
2022,21,2022-05-21,2022-05-27,Kandy,11,36.01,25.72,88.09714285714286,7
2022,21,2022-05-21,2022-05-27,Jaffna,11,4.0600000000000005,28.935714285714287,82.48142857142855,7
2022,22,2022-05-28,2022-06-03,Colombo,29,95.07,26.617142857142856,87.7757142857143,7
2022,22,2022-05-28,2022-06-03,Gampaha,90,95.07,26.617142857142856,87.7757142857143,7
2022,22,2022-05-28,2022-06-03,Kalutara,97,92.27999999999997,26.925714285714285,87.47285714285714,7
2022,22,2022-05-28,2022-06-03,Kandy,11,32.75,25.24142857142857,88.22714285714285,7
2022,22,2022-05-28,2022-06-03,Jaffna,11,2.1999999999999997,28.84,79.37857142857145,7
2022,23,2022-06-04,2022-06-10,Colombo,31,19.21,26.544285714285714,88.69000000000001,7
2022,23,2022-06-04,2022-06-10,Gampaha,72,19.21,26.544285714285714,88.69000000000001,7
2022,23,2022-06-04,2022-06-10,Kalutara,83,26.08,26.825714285714287,87.91142857142857,7
2022,23,2022-06-04,2022-06-10,Kandy,12,4.74,25.408571428571427,87.91428571428571,7
2022,23,2022-06-04,2022-06-10,Jaffna,10,13.929999999999998,28.45428571428571,84.02714285714286,7
2022,24,2022-06-11,2022-06-17,Colombo,43,37.83,26.075714285714287,88.46857142857144,7
2022,24,2022-06-11,2022-06-17,Gampaha,21,37.83,26.075714285714287,88.46857142857144,7
2022,24,2022-06-11,2022-06-17,Kalutara,11,53.82,26.468571428571433,87.36714285714285,7
2022,24,2022-06-11,2022-06-17,Kandy,19,13.75,24.965714285714284,87.73714285714287,7
2022,24,2022-06-11,2022-06-17,Jaffna,97,12.61,28.351428571428574,79.56142857142858,7
2022,25,2022-06-18,2022-06-24,Colombo,58,23.55,26.417142857142856,87.27714285714286,7
2022,25,2022-06-18,2022-06-24,Gampaha,17,23.55,26.417142857142856,87.27714285714286,7
2022,25,2022-06-18,2022-06-24,Kalutara,14,28.42,26.81714285714286,86.35857142857142,7
2022,25,2022-06-18,2022-06-24,Kandy,21,14.66,25.09857142857143,87.46714285714287,7
2022,25,2022-06-18,2022-06-24,Jaffna,67,10.38,28.654285714285713,78.67571428571429,7
2022,26,2022-06-25,2022-07-01,Colombo,58,11.17,26.720000000000002,86.53285714285714,7
2022,26,2022-06-25,2022-07-01,Gampaha,15,11.17,26.720000000000002,86.53285714285714,7
2022,26,2022-06-25,2022-07-01,Kalutara,13,13.200000000000001,27.150000000000002,85.39285714285714,7
2022,26,2022-06-25,2022-07-01,Kandy,19,4.24,25.55714285714286,85.23714285714286,7
2022,26,2022-06-25,2022-07-01,Jaffna,51,1.1500000000000001,29.564285714285717,74.3457142857143,7
2022,27,2022-07-02,2022-07-08,Colombo,84,20.49,25.871428571428574,87.99142857142859,7
2022,27,2022-07-02,2022-07-08,Gampaha,18,20.49,25.871428571428574,87.99142857142859,7
2022,27,2022-07-02,2022-07-08,Kalutara,11,23.500000000000004,26.24,87.64571428571428,7
2022,27,2022-07-02,2022-07-08,Kandy,27,12.739999999999998,24.99285714285714,85.40714285714286,7
2022,27,2022-07-02,2022-07-08,Jaffna,60,2.6500000000000004,29.454285714285714,71.90142857142858,7
2022,28,2022-07-09,2022-07-15,Colombo,13,8.75,26.018571428571427,85.45142857142856,7
2022,28,2022-07-09,2022-07-15,Gampaha,72,8.75,26.018571428571427,85.45142857142856,7
2022,28,2022-07-09,2022-07-15,Kalutara,35,10.13,26.414285714285715,85.31285714285715,7
2022,28,2022-07-09,2022-07-15,Kandy,20,5.04,25.16428571428571,81.23,7
2022,28,2022-07-09,2022-07-15,Jaffna,48,132.32000000000002,28.82,75.04571428571428,7
2022,29,2022-07-16,2022-07-22,Colombo,48,31.680000000000003,26.06857142857143,88.77142857142857,7
2022,29,2022-07-16,2022-07-22,Gampaha,19,31.680000000000003,26.06857142857143,88.77142857142857,7
2022,29,2022-07-16,2022-07-22,Kalutara,13,35.75,26.354285714285712,88.4557142857143,7
2022,29,2022-07-16,2022-07-22,Kandy,23,42.0,25.66571428571429,84.78571428571429,7
2022,29,2022-07-16,2022-07-22,Jaffna,39,14.92,28.554285714285715,80.83285714285715,7
2022,30,2022-07-23,2022-07-29,Colombo,38,36.480000000000004,26.131428571428575,85.74571428571427,7
2022,30,2022-07-23,2022-07-29,Gampaha,17,36.480000000000004,26.131428571428575,85.74571428571427,7
2022,30,2022-07-23,2022-07-29,Kalutara,17,39.74,26.20428571428571,86.74428571428572,7
2022,30,2022-07-23,2022-07-29,Kandy,23,46.760000000000005,25.32428571428571,83.48857142857143,7
2022,30,2022-07-23,2022-07-29,Jaffna,46,49.05,28.444285714285712,77.18857142857144,7
2022,31,2022-07-30,2022-08-05,Colombo,29,91.74000000000001,25.65571428571429,87.96,7
2022,31,2022-07-30,2022-08-05,Gampaha,11,91.74000000000001,25.65571428571429,87.96,7
2022,31,2022-07-30,2022-08-05,Kalutara,93,80.72,25.917142857142856,87.77999999999999,7
2022,31,2022-07-30,2022-08-05,Kandy,24,84.72,24.541428571428572,86.94142857142856,7
2022,31,2022-07-30,2022-08-05,Jaffna,29,17.58,28.32857142857143,80.03285714285714,7
2022,32,2022-08-06,2022-08-12,Colombo,98,5.6899999999999995,25.87857142857143,88.76285714285714,7
2022,32,2022-08-06,2022-08-12,Gampaha,49,5.6899999999999995,25.87857142857143,88.76285714285714,7
2022,32,2022-08-06,2022-08-12,Kalutara,66,8.419999999999998,26.055714285714288,89.69000000000001,7
2022,32,2022-08-06,2022-08-12,Kandy,19,1.76,24.957142857142856,84.92142857142856,7
2022,32,2022-08-06,2022-08-12,Jaffna,34,1.1400000000000001,28.549999999999994,77.85428571428572,7
2022,33,2022-08-13,2022-08-19,Colombo,19,6.22,26.171428571428574,87.18857142857144,7
2022,33,2022-08-13,2022-08-19,Gampaha,11,6.22,26.171428571428574,87.18857142857144,7
2022,33,2022-08-13,2022-08-19,Kalutara,81,7.76,26.374285714285715,87.24999999999999,7
2022,33,2022-08-13,2022-08-19,Kandy,19,4.35,25.764285714285712,82.45714285714287,7
2022,33,2022-08-13,2022-08-19,Jaffna,53,9.3,28.57,78.59714285714287,7
2022,34,2022-08-20,2022-08-26,Colombo,16,30.78,25.68857142857143,87.9885714285714,7
2022,34,2022-08-20,2022-08-26,Gampaha,94,30.78,25.68857142857143,87.9885714285714,7
2022,34,2022-08-20,2022-08-26,Kalutara,74,34.629999999999995,26.05285714285714,87.36999999999999,7
2022,34,2022-08-20,2022-08-26,Kandy,18,21.57,24.93285714285714,85.19571428571429,7
2022,34,2022-08-20,2022-08-26,Jaffna,38,47.339999999999996,28.157142857142855,79.92571428571429,7
2022,35,2022-08-27,2022-09-02,Colombo,33,105.58,25.279999999999998,87.31142857142856,7
2022,35,2022-08-27,2022-09-02,Gampaha,46,105.58,25.279999999999998,87.31142857142856,7
2022,35,2022-08-27,2022-09-02,Kalutara,13,91.97,25.682857142857138,86.47142857142858,7
2022,35,2022-08-27,2022-09-02,Kandy,39,95.74,24.212857142857143,87.33428571428574,7
2022,35,2022-08-27,2022-09-02,Jaffna,33,36.73,27.64428571428571,80.21142857142857,7
2022,36,2022-09-03,2022-09-09,Colombo,83,58.489999999999995,25.65285714285714,89.68571428571428,7
2022,36,2022-09-03,2022-09-09,Gampaha,73,58.489999999999995,25.65285714285714,89.68571428571428,7
2022,36,2022-09-03,2022-09-09,Kalutara,32,52.739999999999995,25.860000000000003,89.83857142857143,7
2022,36,2022-09-03,2022-09-09,Kandy,11,56.499999999999986,24.685714285714283,87.1642857142857,7
2022,36,2022-09-03,2022-09-09,Jaffna,29,9.07,27.891428571428573,81.80999999999999,7
2022,37,2022-09-10,2022-09-16,Colombo,21,2.6199999999999997,25.875714285714285,87.22142857142856,7
2022,37,2022-09-10,2022-09-16,Gampaha,9,2.6199999999999997,25.875714285714285,87.22142857142856,7
2022,37,2022-09-10,2022-09-16,Kalutara,23,2.9500000000000006,26.172857142857143,86.51142857142857,7
2022,37,2022-09-10,2022-09-16,Kandy,0,0.23,25.10571428571429,84.5,7
2022,37,2022-09-10,2022-09-16,Jaffna,0,0.6100000000000001,28.08571428571429,81.05428571428571,7
2022,38,2022-09-17,2022-09-23,Colombo,81,2.16,26.39428571428571,84.01285714285714,7
2022,38,2022-09-17,2022-09-23,Gampaha,58,2.16,26.39428571428571,84.01285714285714,7
2022,38,2022-09-17,2022-09-23,Kalutara,39,2.56,26.74142857142857,83.66428571428571,7
2022,38,2022-09-17,2022-09-23,Kandy,90,0.9700000000000001,25.42571428571429,81.87571428571428,7
2022,38,2022-09-17,2022-09-23,Jaffna,47,1.19,28.395714285714284,79.10142857142857,7
2022,39,2022-09-24,2022-09-30,Colombo,58,18.14,26.315714285714286,85.32000000000001,7
2022,39,2022-09-24,2022-09-30,Gampaha,37,18.14,26.315714285714286,85.32000000000001,7
2022,39,2022-09-24,2022-09-30,Kalutara,30,22.85,26.65857142857143,85.31000000000002,7
2022,39,2022-09-24,2022-09-30,Kandy,100,9.459999999999999,25.54285714285714,82.14857142857144,7
2022,39,2022-09-24,2022-09-30,Jaffna,58,15.5,28.852857142857143,76.53285714285714,7
2022,40,2022-10-01,2022-10-07,Colombo,12,33.41,26.02857142857143,85.30428571428571,7
2022,40,2022-10-01,2022-10-07,Gampaha,70,33.41,26.02857142857143,85.30428571428571,7
2022,40,2022-10-01,2022-10-07,Kalutara,50,34.260000000000005,26.37857142857143,85.31714285714285,7
2022,40,2022-10-01,2022-10-07,Kandy,11,19.59,25.012857142857143,82.23714285714286,7
2022,40,2022-10-01,2022-10-07,Jaffna,52,5.64,28.495714285714286,75.74714285714286,7
2022,41,2022-10-08,2022-10-14,Colombo,10,84.49000000000001,26.107142857142858,86.46000000000001,7
2022,41,2022-10-08,2022-10-14,Gampaha,11,84.49000000000001,26.107142857142858,86.46000000000001,7
2022,41,2022-10-08,2022-10-14,Kalutara,43,66.72,26.344285714285714,86.21,7
2022,41,2022-10-08,2022-10-14,Kandy,87,56.94,25.41571428571429,84.41857142857144,7
2022,41,2022-10-08,2022-10-14,Jaffna,66,57.94,28.51142857142857,77.03857142857144,7
2022,42,2022-10-15,2022-10-21,Colombo,12,127.66999999999997,25.695714285714292,87.64428571428572,7
2022,42,2022-10-15,2022-10-21,Gampaha,86,127.66999999999997,25.695714285714292,87.64428571428572,7
2022,42,2022-10-15,2022-10-21,Kalutara,44,106.35000000000001,26.1,86.53285714285714,7
2022,42,2022-10-15,2022-10-21,Kandy,97,92.64,24.505714285714287,88.00571428571428,7
2022,42,2022-10-15,2022-10-21,Jaffna,51,85.65,27.889999999999997,80.75428571428571,7
2022,43,2022-10-22,2022-10-28,Colombo,86,61.739999999999995,25.868571428571432,85.73428571428573,7
2022,43,2022-10-22,2022-10-28,Gampaha,82,61.739999999999995,25.868571428571432,85.73428571428573,7
2022,43,2022-10-22,2022-10-28,Kalutara,24,61.39,26.271428571428572,85.10142857142857,7
2022,43,2022-10-22,2022-10-28,Kandy,58,41.830000000000005,24.37142857142857,86.2242857142857,7
2022,43,2022-10-22,2022-10-28,Jaffna,63,72.48,27.882857142857144,77.41285714285713,7
2022,44,2022-10-29,2022-11-04,Colombo,11,79.53999999999999,25.958571428571428,85.7357142857143,7
2022,44,2022-10-29,2022-11-04,Gampaha,86,79.53999999999999,25.958571428571428,85.7357142857143,7
2022,44,2022-10-29,2022-11-04,Kalutara,18,68.67,26.422857142857143,84.86142857142856,7
2022,44,2022-10-29,2022-11-04,Kandy,96,107.46999999999998,24.417142857142856,88.47428571428573,7
2022,44,2022-10-29,2022-11-04,Jaffna,72,148.8,27.245714285714286,83.24,7
2022,45,2022-11-05,2022-11-11,Colombo,56,113.0,25.802857142857142,86.42285714285713,7
2022,45,2022-11-05,2022-11-11,Gampaha,44,113.0,25.802857142857142,86.42285714285713,7
2022,45,2022-11-05,2022-11-11,Kalutara,27,127.43,26.211428571428574,85.89571428571428,7
2022,45,2022-11-05,2022-11-11,Kandy,84,100.72999999999999,23.834285714285716,91.30714285714285,7
2022,45,2022-11-05,2022-11-11,Jaffna,65,129.89,27.154285714285713,84.09285714285714,7
2022,46,2022-11-12,2022-11-18,Colombo,71,87.41,25.495714285714286,83.92285714285715,7
2022,46,2022-11-12,2022-11-18,Gampaha,76,87.41,25.495714285714286,83.92285714285715,7
2022,46,2022-11-12,2022-11-18,Kalutara,48,91.73000000000002,25.912857142857145,83.26857142857143,7
2022,46,2022-11-12,2022-11-18,Kandy,82,75.16,23.251428571428573,89.9057142857143,7
2022,46,2022-11-12,2022-11-18,Jaffna,79,44.410000000000004,26.755714285714287,81.51428571428572,7
2022,47,2022-11-19,2022-11-25,Colombo,10,1.4700000000000002,25.748571428571427,81.10142857142857,7
2022,47,2022-11-19,2022-11-25,Gampaha,31,1.4700000000000002,25.748571428571427,81.10142857142857,7
2022,47,2022-11-19,2022-11-25,Kalutara,61,3.8699999999999997,26.122857142857146,82.32428571428571,7
2022,47,2022-11-19,2022-11-25,Kandy,79,3.09,23.427142857142854,87.58857142857143,7
2022,47,2022-11-19,2022-11-25,Jaffna,86,0.31,26.63285714285714,78.37857142857142,7
2022,48,2022-11-26,2022-12-02,Colombo,79,32.31,26.58428571428572,77.53428571428572,7
2022,48,2022-11-26,2022-12-02,Gampaha,49,32.31,26.58428571428572,77.53428571428572,7
2022,48,2022-11-26,2022-12-02,Kalutara,29,35.71,26.965714285714284,77.27999999999999,7
2022,48,2022-11-26,2022-12-02,Kandy,10,31.309999999999995,24.08428571428572,87.04714285714284,7
2022,48,2022-11-26,2022-12-02,Jaffna,12,23.119999999999997,27.017142857142858,80.64999999999999,7
2022,49,2022-12-03,2022-12-09,Colombo,17,66.77000000000001,25.618571428571425,81.80571428571429,7
2022,49,2022-12-03,2022-12-09,Gampaha,54,66.77000000000001,25.618571428571425,81.80571428571429,7
2022,49,2022-12-03,2022-12-09,Kalutara,16,64.11,26.00142857142857,82.14857142857144,7
2022,49,2022-12-03,2022-12-09,Kandy,69,53.3,22.882857142857144,89.84142857142858,7
2022,49,2022-12-03,2022-12-09,Jaffna,14,110.56,26.2,80.69571428571429,7
2022,50,2022-12-10,2022-12-16,Colombo,25,38.790000000000006,25.962857142857143,82.39428571428573,7
2022,50,2022-12-10,2022-12-16,Gampaha,10,38.790000000000006,25.962857142857143,82.39428571428573,7
2022,50,2022-12-10,2022-12-16,Kalutara,48,47.04,26.465714285714284,81.88000000000001,7
2022,50,2022-12-10,2022-12-16,Kandy,73,11.85,23.57,87.28857142857144,7
2022,50,2022-12-10,2022-12-16,Jaffna,17,25.529999999999998,26.698571428571427,82.65714285714286,7
2022,51,2022-12-17,2022-12-23,Colombo,20,49.620000000000005,25.31142857142857,88.5,7
2022,51,2022-12-17,2022-12-23,Gampaha,11,49.620000000000005,25.31142857142857,88.5,7
2022,51,2022-12-17,2022-12-23,Kalutara,64,37.39000000000001,25.832857142857144,87.33000000000001,7
2022,51,2022-12-17,2022-12-23,Kandy,64,115.48999999999998,23.32857142857143,93.47285714285714,7
2022,51,2022-12-17,2022-12-23,Jaffna,13,80.88000000000001,26.454285714285714,85.19285714285715,7
2022,52,2022-12-24,2022-12-30,Colombo,25,89.48,25.450000000000006,86.54857142857144,7
2022,52,2022-12-24,2022-12-30,Gampaha,23,89.48,25.450000000000006,86.54857142857144,7
2022,52,2022-12-24,2022-12-30,Kalutara,74,61.62,25.882857142857144,85.37,7
2022,52,2022-12-24,2022-12-30,Kandy,50,99.54,23.631428571428575,91.43714285714285,7
2022,52,2022-12-24,2022-12-30,Jaffna,12,23.78,26.501428571428573,84.75571428571429,7
2023,1,2022-12-31,2023-01-06,Colombo,196,6.18,24.707142857142856,83.68571428571428,7
2023,1,2022-12-31,2023-01-06,Gampaha,188,6.18,24.707142857142856,83.68571428571428,7
2023,1,2022-12-31,2023-01-06,Kalutara,80,7.890000000000001,25.654285714285717,80.07857142857142,7
2023,1,2022-12-31,2023-01-06,Kandy,72,9.66,22.307142857142857,90.39428571428572,7
2023,1,2022-12-31,2023-01-06,Jaffna,127,14.56,26.094285714285718,77.63142857142857,7
2023,2,2023-01-07,2023-01-13,Colombo,341,14.909999999999998,24.41857142857143,81.66999999999999,7
2023,2,2023-01-07,2023-01-13,Gampaha,146,14.909999999999998,24.41857142857143,81.66999999999999,7
2023,2,2023-01-07,2023-01-13,Kalutara,86,15.91,25.427142857142858,79.09285714285716,7
2023,2,2023-01-07,2023-01-13,Kandy,87,23.2,21.680000000000003,88.97857142857141,7
2023,2,2023-01-07,2023-01-13,Jaffna,135,8.7,25.514285714285712,74.09714285714286,7
2023,3,2023-01-14,2023-01-20,Colombo,204,29.089999999999996,24.768571428571427,81.96714285714286,7
2023,3,2023-01-14,2023-01-20,Gampaha,196,29.089999999999996,24.768571428571427,81.96714285714286,7
2023,3,2023-01-14,2023-01-20,Kalutara,81,44.769999999999996,25.490000000000002,80.19857142857143,7
2023,3,2023-01-14,2023-01-20,Kandy,65,17.52,22.225714285714282,88.70714285714287,7
2023,3,2023-01-14,2023-01-20,Jaffna,89,0.39,25.289999999999996,75.50714285714287,7
2023,4,2023-01-21,2023-01-27,Colombo,279,33.440000000000005,25.014285714285716,83.11142857142856,7
2023,4,2023-01-21,2023-01-27,Gampaha,218,33.440000000000005,25.014285714285716,83.11142857142856,7
2023,4,2023-01-21,2023-01-27,Kalutara,94,48.44,25.734285714285715,80.76857142857143,7
2023,4,2023-01-21,2023-01-27,Kandy,72,48.980000000000004,22.52,90.98142857142857,7
2023,4,2023-01-21,2023-01-27,Jaffna,70,9.049999999999999,25.804285714285715,77.5257142857143,7
2023,5,2023-01-28,2023-02-03,Colombo,247,32.45,24.972857142857148,85.7685714285714,7
2023,5,2023-01-28,2023-02-03,Gampaha,154,32.45,24.972857142857148,85.7685714285714,7
2023,5,2023-01-28,2023-02-03,Kalutara,105,48.900000000000006,25.590000000000003,84.09,7
2023,5,2023-01-28,2023-02-03,Kandy,85,56.16,22.63714285714286,92.18142857142857,7
2023,5,2023-01-28,2023-02-03,Jaffna,63,125.92999999999999,26.085714285714285,84.08857142857141,7
2023,6,2023-02-04,2023-02-10,Colombo,222,12.88,25.654285714285717,84.33857142857141,7
2023,6,2023-02-04,2023-02-10,Gampaha,172,12.88,25.654285714285717,84.33857142857141,7
2023,6,2023-02-04,2023-02-10,Kalutara,84,23.72,26.328571428571426,82.79285714285716,7
2023,6,2023-02-04,2023-02-10,Kandy,75,19.7,23.47142857142857,90.45571428571428,7
2023,6,2023-02-04,2023-02-10,Jaffna,46,7.98,26.129999999999995,80.28999999999999,7
2023,7,2023-02-11,2023-02-17,Colombo,160,4.999999999999999,24.57,78.49428571428571,7
2023,7,2023-02-11,2023-02-17,Gampaha,179,4.999999999999999,24.57,78.49428571428571,7
2023,7,2023-02-11,2023-02-17,Kalutara,46,5.239999999999999,25.618571428571425,76.37428571428572,7
2023,7,2023-02-11,2023-02-17,Kandy,53,0.77,21.511428571428574,87.39999999999999,7
2023,7,2023-02-11,2023-02-17,Jaffna,39,0.05,25.587142857142855,74.36428571428571,7
2023,8,2023-02-18,2023-02-24,Colombo,265,41.059999999999995,25.931428571428576,80.21571428571428,7
2023,8,2023-02-18,2023-02-24,Gampaha,162,41.059999999999995,25.931428571428576,80.21571428571428,7
2023,8,2023-02-18,2023-02-24,Kalutara,28,75.05000000000001,26.454285714285714,79.48285714285714,7
2023,8,2023-02-18,2023-02-24,Kandy,47,35.870000000000005,23.23,87.67999999999999,7
2023,8,2023-02-18,2023-02-24,Jaffna,44,0.14,26.421428571428578,74.19428571428571,7
2023,9,2023-02-25,2023-03-03,Colombo,244,12.129999999999999,25.964285714285715,78.43142857142857,7
2023,9,2023-02-25,2023-03-03,Gampaha,203,12.129999999999999,25.964285714285715,78.43142857142857,7
2023,9,2023-02-25,2023-03-03,Kalutara,62,16.66,26.64428571428571,76.76857142857143,7
2023,9,2023-02-25,2023-03-03,Kandy,59,26.87,23.240000000000002,86.58714285714287,7
2023,9,2023-02-25,2023-03-03,Jaffna,33,7.629999999999999,26.845714285714283,74.10285714285713,7
2023,10,2023-03-04,2023-03-10,Colombo,234,16.81,26.634285714285717,79.70857142857143,7
2023,10,2023-03-04,2023-03-10,Gampaha,153,16.81,26.634285714285717,79.70857142857143,7
2023,10,2023-03-04,2023-03-10,Kalutara,47,20.259999999999998,27.057142857142857,78.62714285714287,7
2023,10,2023-03-04,2023-03-10,Kandy,54,11.47,24.194285714285716,88.36714285714287,7
2023,10,2023-03-04,2023-03-10,Jaffna,69,1.69,27.235714285714284,78.41,7
2023,11,2023-03-11,2023-03-17,Colombo,161,41.089999999999996,27.15,79.35857142857142,7
2023,11,2023-03-11,2023-03-17,Gampaha,136,41.089999999999996,27.15,79.35857142857142,7
2023,11,2023-03-11,2023-03-17,Kalutara,49,54.190000000000005,27.29285714285714,79.97999999999999,7
2023,11,2023-03-11,2023-03-17,Kandy,71,28.819999999999997,24.65,87.92285714285715,7
2023,11,2023-03-11,2023-03-17,Jaffna,48,1.5700000000000003,27.797142857142855,78.15857142857142,7
2023,12,2023-03-18,2023-03-24,Colombo,241,66.21,27.17285714285714,81.22857142857143,7
2023,12,2023-03-18,2023-03-24,Gampaha,137,66.21,27.17285714285714,81.22857142857143,7
2023,12,2023-03-18,2023-03-24,Kalutara,28,73.16999999999999,27.288571428571426,81.67571428571429,7
2023,12,2023-03-18,2023-03-24,Kandy,80,62.5,25.84857142857143,83.06285714285714,7
2023,12,2023-03-18,2023-03-24,Jaffna,55,28.689999999999998,28.705714285714286,76.15571428571427,7
2023,13,2023-03-25,2023-03-31,Colombo,180,17.59,27.65285714285714,79.13857142857144,7
2023,13,2023-03-25,2023-03-31,Gampaha,227,17.59,27.65285714285714,79.13857142857144,7
2023,13,2023-03-25,2023-03-31,Kalutara,54,26.889999999999997,27.551428571428573,81.4557142857143,7
2023,13,2023-03-25,2023-03-31,Kandy,112,3.75,26.09857142857143,78.7242857142857,7
2023,13,2023-03-25,2023-03-31,Jaffna,58,1.8699999999999999,29.312857142857144,70.68571428571428,7
2023,14,2023-04-01,2023-04-07,Colombo,154,55.769999999999996,27.384285714285713,80.86714285714285,7
2023,14,2023-04-01,2023-04-07,Gampaha,124,55.769999999999996,27.384285714285713,80.86714285714285,7
2023,14,2023-04-01,2023-04-07,Kalutara,48,55.239999999999995,27.388571428571428,81.54,7
2023,14,2023-04-01,2023-04-07,Kandy,98,52.63,26.301428571428573,81.19571428571429,7
2023,14,2023-04-01,2023-04-07,Jaffna,64,7.069999999999999,29.571428571428577,72.63714285714285,7
2023,15,2023-04-08,2023-04-14,Colombo,261,27.549999999999994,28.058571428571433,75.17142857142858,7
2023,15,2023-04-08,2023-04-14,Gampaha,115,27.549999999999994,28.058571428571433,75.17142857142858,7
2023,15,2023-04-08,2023-04-14,Kalutara,95,24.25,28.03571428571429,76.81142857142858,7
2023,15,2023-04-08,2023-04-14,Kandy,91,9.209999999999999,25.79285714285714,82.68285714285715,7
2023,15,2023-04-08,2023-04-14,Jaffna,48,1.86,29.53,72.21000000000001,7
2023,16,2023-04-15,2023-04-21,Colombo,297,19.299999999999997,27.997142857142855,80.86142857142856,7
2023,16,2023-04-15,2023-04-21,Gampaha,35,19.299999999999997,27.997142857142855,80.86142857142856,7
2023,16,2023-04-15,2023-04-21,Kalutara,124,19.72,28.175714285714285,81.30571428571429,7
2023,16,2023-04-15,2023-04-21,Kandy,101,10.71,26.687142857142856,78.58142857142857,7
2023,16,2023-04-15,2023-04-21,Jaffna,53,3.2299999999999995,30.291428571428572,71.85000000000001,7
2023,17,2023-04-22,2023-04-28,Colombo,271,73.72,27.955714285714286,80.87285714285713,7
2023,17,2023-04-22,2023-04-28,Gampaha,123,73.72,27.955714285714286,80.87285714285713,7
2023,17,2023-04-22,2023-04-28,Kalutara,90,93.98,28.01,82.46571428571428,7
2023,17,2023-04-22,2023-04-28,Kandy,126,49.22,26.57571428571429,83.38857142857144,7
2023,17,2023-04-22,2023-04-28,Jaffna,74,17.23,30.29714285714286,72.84142857142857,7
2023,18,2023-04-29,2023-05-05,Colombo,266,171.52999999999997,27.351428571428567,83.62571428571428,7
2023,18,2023-04-29,2023-05-05,Gampaha,132,171.52999999999997,27.351428571428567,83.62571428571428,7
2023,18,2023-04-29,2023-05-05,Kalutara,96,151.22,27.564285714285717,83.47571428571429,7
2023,18,2023-04-29,2023-05-05,Kandy,103,126.46000000000001,25.557142857142853,87.69857142857143,7
2023,18,2023-04-29,2023-05-05,Jaffna,38,126.50999999999999,29.12142857142857,79.02285714285713,7
2023,19,2023-05-06,2023-05-12,Colombo,362,59.349999999999994,27.33142857142857,82.85285714285715,7
2023,19,2023-05-06,2023-05-12,Gampaha,217,59.349999999999994,27.33142857142857,82.85285714285715,7
2023,19,2023-05-06,2023-05-12,Kalutara,99,58.480000000000004,27.731428571428573,82.76571428571428,7
2023,19,2023-05-06,2023-05-12,Kandy,196,40.85999999999999,25.101428571428567,87.28571428571429,7
2023,19,2023-05-06,2023-05-12,Jaffna,48,62.059999999999995,28.851428571428567,79.40999999999998,7
2023,20,2023-05-13,2023-05-19,Colombo,230,26.5,27.91142857142857,86.54857142857144,7
2023,20,2023-05-13,2023-05-19,Gampaha,165,26.5,27.91142857142857,86.54857142857144,7
2023,20,2023-05-13,2023-05-19,Kalutara,90,37.06,28.09714285714286,86.6657142857143,7
2023,20,2023-05-13,2023-05-19,Kandy,211,7.91,26.675714285714285,86.59142857142858,7
2023,20,2023-05-13,2023-05-19,Jaffna,52,2.2199999999999998,29.534285714285716,83.59857142857142,7
2023,21,2023-05-20,2023-05-26,Colombo,328,15.100000000000001,27.310000000000002,87.42571428571429,7
2023,21,2023-05-20,2023-05-26,Gampaha,104,15.100000000000001,27.310000000000002,87.42571428571429,7
2023,21,2023-05-20,2023-05-26,Kalutara,165,18.67,27.50142857142857,87.7,7
2023,21,2023-05-20,2023-05-26,Kandy,236,6.170000000000001,26.18285714285714,86.33285714285715,7
2023,21,2023-05-20,2023-05-26,Jaffna,58,4.01,29.41,82.77857142857142,7
2023,22,2023-05-27,2023-06-02,Colombo,546,40.739999999999995,27.798571428571424,85.61285714285714,7
2023,22,2023-05-27,2023-06-02,Gampaha,345,40.739999999999995,27.798571428571424,85.61285714285714,7
2023,22,2023-05-27,2023-06-02,Kalutara,239,46.800000000000004,28.06,85.06142857142856,7
2023,22,2023-05-27,2023-06-02,Kandy,237,13.559999999999999,26.5,86.0642857142857,7
2023,22,2023-05-27,2023-06-02,Jaffna,44,2.4899999999999998,29.82,79.53428571428573,7
2023,23,2023-06-03,2023-06-09,Colombo,412,31.869999999999997,27.49714285714285,85.21285714285715,7
2023,23,2023-06-03,2023-06-09,Gampaha,351,31.869999999999997,27.49714285714285,85.21285714285715,7
2023,23,2023-06-03,2023-06-09,Kalutara,192,36.01,27.73,84.96428571428571,7
2023,23,2023-06-03,2023-06-09,Kandy,263,8.85,26.278571428571432,84.66285714285713,7
2023,23,2023-06-03,2023-06-09,Jaffna,51,4.47,29.727142857142862,79.79285714285716,7
2023,24,2023-06-10,2023-06-16,Colombo,579,40.52,27.43,87.44857142857141,7
2023,24,2023-06-10,2023-06-16,Gampaha,433,40.52,27.43,87.44857142857141,7
2023,24,2023-06-10,2023-06-16,Kalutara,190,44.82000000000001,27.68,87.53857142857143,7
2023,24,2023-06-10,2023-06-16,Kandy,278,12.079999999999998,26.34,84.67571428571429,7
2023,24,2023-06-10,2023-06-16,Jaffna,57,2.12,30.08857142857143,77.15285714285713,7
2023,25,2023-06-17,2023-06-23,Colombo,373,17.700000000000003,27.224285714285713,86.71285714285715,7
2023,25,2023-06-17,2023-06-23,Gampaha,412,17.700000000000003,27.224285714285713,86.71285714285715,7
2023,25,2023-06-17,2023-06-23,Kalutara,161,15.350000000000001,27.52857142857143,85.99714285714286,7
2023,25,2023-06-17,2023-06-23,Kandy,277,15.8,26.102857142857143,83.96285714285715,7
2023,25,2023-06-17,2023-06-23,Jaffna,26,11.660000000000002,29.462857142857143,78.23,7
2023,26,2023-06-24,2023-06-30,Colombo,342,49.1,26.71285714285714,87.77,7
2023,26,2023-06-24,2023-06-30,Gampaha,302,49.1,26.71285714285714,87.77,7
2023,26,2023-06-24,2023-06-30,Kalutara,129,48.48,27.02,87.13857142857144,7
2023,26,2023-06-24,2023-06-30,Kandy,242,19.52,25.79428571428571,84.71285714285713,7
2023,26,2023-06-24,2023-06-30,Jaffna,24,3.29,29.19714285714286,78.47142857142858,7
2023,27,2023-07-01,2023-07-07,Colombo,360,59.60000000000001,26.282857142857146,87.79142857142857,7
2023,27,2023-07-01,2023-07-07,Gampaha,314,59.60000000000001,26.282857142857146,87.79142857142857,7
2023,27,2023-07-01,2023-07-07,Kalutara,99,54.63,26.618571428571432,87.6257142857143,7
2023,27,2023-07-01,2023-07-07,Kandy,285,28.3,25.13714285714286,85.05714285714286,7
2023,27,2023-07-01,2023-07-07,Jaffna,27,2.8899999999999997,29.125714285714288,75.69142857142857,7
2023,28,2023-07-08,2023-07-14,Colombo,304,10.9,26.63714285714286,87.25857142857144,7
2023,28,2023-07-08,2023-07-14,Gampaha,308,10.9,26.63714285714286,87.25857142857144,7
2023,28,2023-07-08,2023-07-14,Kalutara,128,14.66,26.93857142857143,87.65428571428572,7
2023,28,2023-07-08,2023-07-14,Kandy,262,3.6799999999999997,26.201428571428572,80.70428571428572,7
2023,28,2023-07-08,2023-07-14,Jaffna,38,14.909999999999998,29.261428571428574,76.29142857142857,7
2023,29,2023-07-15,2023-07-21,Colombo,335,12.700000000000001,26.84,88.1657142857143,7
2023,29,2023-07-15,2023-07-21,Gampaha,238,12.700000000000001,26.84,88.1657142857143,7
2023,29,2023-07-15,2023-07-21,Kalutara,84,17.51,27.187142857142856,87.83142857142856,7
2023,29,2023-07-15,2023-07-21,Kandy,233,4.069999999999999,26.35571428571429,80.45142857142856,7
2023,29,2023-07-15,2023-07-21,Jaffna,27,1.4200000000000002,29.497142857142855,77.02571428571427,7
2023,30,2023-07-22,2023-07-28,Colombo,312,21.32,26.662857142857142,87.01714285714286,7
2023,30,2023-07-22,2023-07-28,Gampaha,256,21.32,26.662857142857142,87.01714285714286,7
2023,30,2023-07-22,2023-07-28,Kalutara,95,14.499999999999998,26.99857142857143,87.18285714285715,7
2023,30,2023-07-22,2023-07-28,Kandy,253,10.770000000000001,26.25714285714286,79.49571428571429,7
2023,30,2023-07-22,2023-07-28,Jaffna,36,3.45,29.18142857142857,75.43857142857142,7
2023,31,2023-07-29,2023-08-04,Colombo,282,1.96,26.618571428571432,88.6,7
2023,31,2023-07-29,2023-08-04,Gampaha,247,1.96,26.618571428571432,88.6,7
2023,31,2023-07-29,2023-08-04,Kalutara,80,4.42,26.958571428571428,89.35857142857142,7
2023,31,2023-07-29,2023-08-04,Kandy,272,0.29000000000000004,26.745714285714286,77.96142857142857,7
2023,31,2023-07-29,2023-08-04,Jaffna,27,0.27999999999999997,29.69571428571428,73.65857142857143,7
2023,32,2023-08-05,2023-08-11,Colombo,275,11.780000000000001,26.764285714285712,87.27857142857142,7
2023,32,2023-08-05,2023-08-11,Gampaha,190,11.780000000000001,26.764285714285712,87.27857142857142,7
2023,32,2023-08-05,2023-08-11,Kalutara,98,21.68,27.111428571428576,87.30142857142857,7
2023,32,2023-08-05,2023-08-11,Kandy,325,6.7700000000000005,27.102857142857143,75.86142857142859,7
2023,32,2023-08-05,2023-08-11,Jaffna,29,16.7,29.571428571428573,76.20142857142858,7
2023,33,2023-08-12,2023-08-18,Colombo,185,6.07,27.02857142857143,81.89428571428572,7
2023,33,2023-08-12,2023-08-18,Gampaha,166,6.07,27.02857142857143,81.89428571428572,7
2023,33,2023-08-12,2023-08-18,Kalutara,87,10.13,27.222857142857144,82.83714285714287,7
2023,33,2023-08-12,2023-08-18,Kandy,221,1.4500000000000002,27.00714285714286,73.36857142857143,7
2023,33,2023-08-12,2023-08-18,Jaffna,30,8.949999999999998,29.199999999999996,76.08714285714284,7
2023,34,2023-08-19,2023-08-25,Colombo,139,5.93,27.20142857142857,83.39,7
2023,34,2023-08-19,2023-08-25,Gampaha,164,5.93,27.20142857142857,83.39,7
2023,34,2023-08-19,2023-08-25,Kalutara,102,7.45,27.312857142857144,85.02714285714286,7
2023,34,2023-08-19,2023-08-25,Kandy,257,4.08,27.57571428571428,72.7357142857143,7
2023,34,2023-08-19,2023-08-25,Jaffna,49,2.57,29.224285714285713,77.01428571428572,7
2023,35,2023-08-26,2023-09-01,Colombo,127,69.8,27.03428571428572,84.73000000000002,7
2023,35,2023-08-26,2023-09-01,Gampaha,107,69.8,27.03428571428572,84.73000000000002,7
2023,35,2023-08-26,2023-09-01,Kalutara,72,76.3,27.164285714285715,85.75285714285714,7
2023,35,2023-08-26,2023-09-01,Kandy,167,32.77,26.860000000000003,77.65428571428572,7
2023,35,2023-08-26,2023-09-01,Jaffna,19,5.36,29.117142857142856,77.58000000000001,7
2023,36,2023-09-02,2023-09-08,Colombo,84,138.17000000000002,26.641428571428573,86.18000000000002,7
2023,36,2023-09-02,2023-09-08,Gampaha,65,138.17000000000002,26.641428571428573,86.18000000000002,7
2023,36,2023-09-02,2023-09-08,Kalutara,70,135.12,26.964285714285715,85.67857142857143,7
2023,36,2023-09-02,2023-09-08,Kandy,201,73.13,25.877142857142854,81.81714285714285,7
2023,36,2023-09-02,2023-09-08,Jaffna,31,8.549999999999999,29.042857142857144,75.78571428571426,7
2023,37,2023-09-09,2023-09-15,Colombo,90,51.6,26.59,85.22571428571429,7
2023,37,2023-09-09,2023-09-15,Gampaha,81,51.6,26.59,85.22571428571429,7
2023,37,2023-09-09,2023-09-15,Kalutara,57,58.18,26.874285714285712,85.26571428571427,7
2023,37,2023-09-09,2023-09-15,Kandy,125,22.200000000000003,25.987142857142857,79.67999999999999,7
2023,37,2023-09-09,2023-09-15,Jaffna,34,3.2600000000000002,29.184285714285714,74.35857142857142,7
2023,38,2023-09-16,2023-09-22,Colombo,73,85.7,26.404285714285713,86.06285714285711,7
2023,38,2023-09-16,2023-09-22,Gampaha,58,85.7,26.404285714285713,86.06285714285711,7
2023,38,2023-09-16,2023-09-22,Kalutara,58,95.76,26.66,86.11428571428571,7
2023,38,2023-09-16,2023-09-22,Kandy,132,48.68000000000001,25.962857142857143,80.67285714285715,7
2023,38,2023-09-16,2023-09-22,Jaffna,25,32.06,28.414285714285718,79.88571428571429,7
2023,39,2023-09-23,2023-09-29,Colombo,62,109.3,26.66857142857143,86.70142857142856,7
2023,39,2023-09-23,2023-09-29,Gampaha,46,109.3,26.66857142857143,86.70142857142856,7
2023,39,2023-09-23,2023-09-29,Kalutara,34,131.42000000000002,26.982857142857142,86.44142857142857,7
2023,39,2023-09-23,2023-09-29,Kandy,120,58.57000000000001,25.704285714285714,84.27428571428571,7
2023,39,2023-09-23,2023-09-29,Jaffna,26,27.120000000000005,28.769999999999992,79.46428571428571,7
2023,40,2023-09-30,2023-10-06,Colombo,111,150.34,26.231428571428573,87.98571428571428,7
2023,40,2023-09-30,2023-10-06,Gampaha,108,150.34,26.231428571428573,87.98571428571428,7
2023,40,2023-09-30,2023-10-06,Kalutara,44,168.17,26.63714285714286,87.20857142857143,7
2023,40,2023-09-30,2023-10-06,Kandy,124,96.05,25.169999999999998,86.62857142857142,7
2023,40,2023-09-30,2023-10-06,Jaffna,50,15.239999999999998,28.66857142857143,78.76714285714284,7
2023,41,2023-10-07,2023-10-13,Colombo,103,90.26,26.44571428571428,87.88285714285713,7
2023,41,2023-10-07,2023-10-13,Gampaha,90,90.26,26.44571428571428,87.88285714285713,7
2023,41,2023-10-07,2023-10-13,Kalutara,193,87.83999999999999,26.717142857142857,87.14999999999999,7
2023,41,2023-10-07,2023-10-13,Kandy,139,109.89999999999999,25.57428571428571,87.26285714285714,7
2023,41,2023-10-07,2023-10-13,Jaffna,22,41.010000000000005,28.49285714285714,81.70571428571428,7
2023,42,2023-10-14,2023-10-20,Colombo,146,124.11,25.91857142857143,87.38857142857144,7
2023,42,2023-10-14,2023-10-20,Gampaha,110,124.11,25.91857142857143,87.38857142857144,7
2023,42,2023-10-14,2023-10-20,Kalutara,47,121.24000000000001,26.132857142857148,87.60714285714286,7
2023,42,2023-10-14,2023-10-20,Kandy,137,115.67999999999999,24.715714285714288,89.45285714285716,7
2023,42,2023-10-14,2023-10-20,Jaffna,26,71.51,28.178571428571427,79.65285714285713,7
2023,43,2023-10-21,2023-10-27,Colombo,167,82.47,26.511428571428578,83.92857142857143,7
2023,43,2023-10-21,2023-10-27,Gampaha,178,82.47,26.511428571428578,83.92857142857143,7
2023,43,2023-10-21,2023-10-27,Kalutara,345,130.17999999999998,26.65857142857143,84.7942857142857,7
2023,43,2023-10-21,2023-10-27,Kandy,185,51.9,24.944285714285716,87.11142857142856,7
2023,43,2023-10-21,2023-10-27,Jaffna,24,23.57,28.277142857142856,75.44857142857143,7
2023,44,2023-10-28,2023-11-03,Colombo,210,178.27999999999997,26.238571428571426,87.41428571428573,7
2023,44,2023-10-28,2023-11-03,Gampaha,163,178.27999999999997,26.238571428571426,87.41428571428573,7
2023,44,2023-10-28,2023-11-03,Kalutara,52,191.55,26.32,86.46571428571428,7
2023,44,2023-10-28,2023-11-03,Kandy,254,119.88000000000002,25.159999999999997,87.25428571428573,7
2023,44,2023-10-28,2023-11-03,Jaffna,35,65.63,28.18285714285714,79.72571428571428,7
2023,45,2023-11-04,2023-11-10,Colombo,150,153.15,26.544285714285714,85.18714285714285,7
2023,45,2023-11-04,2023-11-10,Gampaha,21,153.15,26.544285714285714,85.18714285714285,7
2023,45,2023-11-04,2023-11-10,Kalutara,35,162.10999999999999,26.66857142857143,85.44571428571429,7
2023,45,2023-11-04,2023-11-10,Kandy,22,141.57999999999998,24.84714285714286,89.58,7
2023,45,2023-11-04,2023-11-10,Jaffna,49,131.82999999999998,27.66857142857143,81.94857142857143,7
2023,46,2023-11-11,2023-11-17,Colombo,193,87.89000000000001,26.700000000000006,87.68999999999998,7
2023,46,2023-11-11,2023-11-17,Gampaha,38,87.89000000000001,26.700000000000006,87.68999999999998,7
2023,46,2023-11-11,2023-11-17,Kalutara,0,113.36000000000001,26.851428571428574,87.69857142857143,7
2023,46,2023-11-11,2023-11-17,Kandy,0,80.12,25.041428571428572,91.7042857142857,7
2023,46,2023-11-11,2023-11-17,Jaffna,100,143.02,27.90142857142857,85.29142857142857,7
2023,47,2023-11-18,2023-11-24,Colombo,155,136.04000000000002,26.902857142857147,84.34857142857143,7
2023,47,2023-11-18,2023-11-24,Gampaha,32,136.04000000000002,26.902857142857147,84.34857142857143,7
2023,47,2023-11-18,2023-11-24,Kalutara,1,135.6,26.965714285714284,84.58857142857143,7
2023,47,2023-11-18,2023-11-24,Kandy,33,134.39000000000001,25.327142857142857,87.89857142857144,7
2023,47,2023-11-18,2023-11-24,Jaffna,141,71.95000000000002,27.631428571428565,83.43571428571428,7
2023,48,2023-11-25,2023-12-01,Colombo,341,74.95,26.669999999999998,83.77428571428572,7
2023,48,2023-11-25,2023-12-01,Gampaha,92,74.95,26.669999999999998,83.77428571428572,7
2023,48,2023-11-25,2023-12-01,Kalutara,34,94.13000000000001,27.065714285714286,82.89714285714285,7
2023,48,2023-11-25,2023-12-01,Kandy,175,66.99000000000001,24.424285714285713,92.57000000000001,7
2023,48,2023-11-25,2023-12-01,Jaffna,196,82.78,27.708571428571428,85.69428571428571,7
2023,49,2023-12-02,2023-12-08,Colombo,450,89.68,26.677142857142854,89.09428571428573,7
2023,49,2023-12-02,2023-12-08,Gampaha,192,89.68,26.677142857142854,89.09428571428573,7
2023,49,2023-12-02,2023-12-08,Kalutara,85,82.6,26.98,87.94285714285715,7
2023,49,2023-12-02,2023-12-08,Kandy,469,89.36000000000001,25.207142857142856,91.63428571428572,7
2023,49,2023-12-02,2023-12-08,Jaffna,311,36.91,27.797142857142855,87.20571428571428,7
2023,50,2023-12-09,2023-12-15,Colombo,409,127.75999999999999,26.57857142857143,87.26857142857143,7
2023,50,2023-12-09,2023-12-15,Gampaha,130,127.75999999999999,26.57857142857143,87.26857142857143,7
2023,50,2023-12-09,2023-12-15,Kalutara,104,164.7,26.92142857142857,86.7042857142857,7
2023,50,2023-12-09,2023-12-15,Kandy,353,159.60000000000002,24.638571428571424,93.24000000000001,7
2023,50,2023-12-09,2023-12-15,Jaffna,423,96.05999999999999,27.345714285714287,84.62285714285714,7
2023,51,2023-12-16,2023-12-22,Colombo,476,60.730000000000004,26.73285714285714,85.82142857142857,7
2023,51,2023-12-16,2023-12-22,Gampaha,217,60.730000000000004,26.73285714285714,85.82142857142857,7
2023,51,2023-12-16,2023-12-22,Kalutara,693,78.69999999999999,26.99,85.44571428571429,7
2023,51,2023-12-16,2023-12-22,Kandy,418,74.09000000000002,24.57571428571429,92.37857142857142,7
2023,51,2023-12-16,2023-12-22,Jaffna,706,180.33,27.024285714285718,88.5142857142857,7
2024,1,2023-12-23,2023-12-29,Colombo,375,38.58,26.459999999999997,86.52999999999999,7
2024,1,2023-12-23,2023-12-29,Gampaha,146,38.58,26.459999999999997,86.52999999999999,7
2024,1,2023-12-23,2023-12-29,Kalutara,89,50.129999999999995,26.985714285714288,84.4342857142857,7
2024,1,2023-12-23,2023-12-29,Kandy,330,102.21000000000001,24.351428571428574,92.55,7
2024,1,2023-12-23,2023-12-29,Jaffna,746,31.759999999999998,26.935714285714287,85.44571428571429,7
2024,2,2023-12-30,2024-01-05,Colombo,299,64.98,26.65285714285714,85.80142857142856,7
2024,2,2023-12-30,2024-01-05,Gampaha,146,64.98,26.65285714285714,85.80142857142856,7
2024,2,2023-12-30,2024-01-05,Kalutara,77,116.45,27.050000000000004,85.40714285714286,7
2024,2,2023-12-30,2024-01-05,Kandy,237,102.64,24.364285714285717,92.39,7
2024,2,2023-12-30,2024-01-05,Jaffna,623,2.3000000000000003,26.789999999999996,81.18714285714285,7
2024,3,2024-01-06,2024-01-12,Colombo,549,94.07000000000001,26.085714285714282,85.93857142857142,7
2024,3,2024-01-06,2024-01-12,Gampaha,111,94.07000000000001,26.085714285714282,85.93857142857142,7
2024,3,2024-01-06,2024-01-12,Kalutara,103,145.32,26.421428571428574,84.68714285714286,7
2024,3,2024-01-06,2024-01-12,Kandy,199,145.11,24.038571428571426,92.86285714285714,7
2024,3,2024-01-06,2024-01-12,Jaffna,805,51.620000000000005,26.821428571428573,83.87,7
2024,4,2024-01-13,2024-01-19,Colombo,477,14.309999999999999,25.504285714285718,82.22,7
2024,4,2024-01-13,2024-01-19,Gampaha,147,14.309999999999999,25.504285714285718,82.22,7
2024,4,2024-01-13,2024-01-19,Kalutara,105,11.82,26.12714285714286,79.58857142857144,7
2024,4,2024-01-13,2024-01-19,Kandy,165,38.13,23.004285714285714,90.01428571428572,7
2024,4,2024-01-13,2024-01-19,Jaffna,595,38.92,26.27142857142857,77.6542857142857,7
2024,5,2024-01-20,2024-01-26,Colombo,499,9.61,25.620000000000005,80.39857142857143,7
2024,5,2024-01-20,2024-01-26,Gampaha,150,9.61,25.620000000000005,80.39857142857143,7
2024,5,2024-01-20,2024-01-26,Kalutara,96,25.58,26.655714285714286,76.75,7
2024,5,2024-01-20,2024-01-26,Kandy,186,8.549999999999999,22.714285714285715,88.87714285714287,7
2024,5,2024-01-20,2024-01-26,Jaffna,746,3.09,26.490000000000002,77.14285714285714,7
2024,6,2024-01-27,2024-02-02,Colombo,349,27.570000000000004,26.277142857142856,85.36142857142859,7
2024,6,2024-01-27,2024-02-02,Gampaha,144,27.570000000000004,26.277142857142856,85.36142857142859,7
2024,6,2024-01-27,2024-02-02,Kalutara,118,49.0,26.91857142857143,83.72999999999999,7
2024,6,2024-01-27,2024-02-02,Kandy,126,32.52,24.207142857142856,91.39999999999999,7
2024,6,2024-01-27,2024-02-02,Jaffna,483,3.3299999999999996,26.96857142857143,79.20857142857142,7
2024,7,2024-02-03,2024-02-09,Colombo,382,7.71,25.934285714285714,82.30857142857143,7
2024,7,2024-02-03,2024-02-09,Gampaha,165,7.71,25.934285714285714,82.30857142857143,7
2024,7,2024-02-03,2024-02-09,Kalutara,113,13.59,26.817142857142862,79.54285714285713,7
2024,7,2024-02-03,2024-02-09,Kandy,126,11.700000000000001,23.479999999999997,89.5942857142857,7
2024,7,2024-02-03,2024-02-09,Jaffna,410,0.12,26.895714285714284,79.25142857142859,7
2024,8,2024-02-10,2024-02-16,Colombo,286,2.97,26.244285714285713,83.20857142857143,7
2024,8,2024-02-10,2024-02-16,Gampaha,155,2.97,26.244285714285713,83.20857142857143,7
2024,8,2024-02-10,2024-02-16,Kalutara,81,6.77,26.93857142857143,81.3157142857143,7
2024,8,2024-02-10,2024-02-16,Kandy,86,5.22,24.115714285714287,88.7942857142857,7
2024,8,2024-02-10,2024-02-16,Jaffna,292,0.28,27.36428571428571,76.70285714285716,7
2024,9,2024-02-17,2024-02-23,Colombo,269,3.89,27.169999999999998,81.97714285714285,7
2024,9,2024-02-17,2024-02-23,Gampaha,111,3.89,27.169999999999998,81.97714285714285,7
2024,9,2024-02-17,2024-02-23,Kalutara,77,6.720000000000001,27.58142857142857,81.58142857142857,7
2024,9,2024-02-17,2024-02-23,Kandy,83,4.760000000000001,25.154285714285713,86.99142857142859,7
2024,9,2024-02-17,2024-02-23,Jaffna,224,0.32,27.642857142857142,77.60142857142857,7
2024,10,2024-02-24,2024-03-01,Colombo,252,6.02,27.451428571428572,79.47,7
2024,10,2024-02-24,2024-03-01,Gampaha,102,6.02,27.451428571428572,79.47,7
2024,10,2024-02-24,2024-03-01,Kalutara,54,10.47,27.9,80.11142857142856,7
2024,10,2024-02-24,2024-03-01,Kandy,58,1.6500000000000001,24.85,86.9157142857143,7
2024,10,2024-02-24,2024-03-01,Jaffna,148,0.6299999999999999,27.958571428571428,77.60714285714286,7
2024,11,2024-03-02,2024-03-08,Colombo,170,3.48,27.335714285714282,75.05857142857143,7
2024,11,2024-03-02,2024-03-08,Gampaha,68,3.48,27.335714285714282,75.05857142857143,7
2024,11,2024-03-02,2024-03-08,Kalutara,43,10.86,27.538571428571434,77.35571428571428,7
2024,11,2024-03-02,2024-03-08,Kandy,68,0.06,24.18142857142857,83.27857142857144,7
2024,11,2024-03-02,2024-03-08,Jaffna,143,0.12,27.65142857142857,73.33142857142856,7
2024,12,2024-03-09,2024-03-15,Colombo,207,1.4500000000000002,27.65857142857143,72.03285714285714,7
2024,12,2024-03-09,2024-03-15,Gampaha,90,1.4500000000000002,27.65857142857143,72.03285714285714,7
2024,12,2024-03-09,2024-03-15,Kalutara,91,4.24,27.82428571428571,75.28857142857144,7
2024,12,2024-03-09,2024-03-15,Kandy,59,0.22,24.945714285714285,78.74142857142859,7
2024,12,2024-03-09,2024-03-15,Jaffna,99,0.0,28.419999999999998,68.76857142857143,7
2024,13,2024-03-16,2024-03-22,Colombo,146,27.85,27.91285714285715,72.46714285714286,7
2024,13,2024-03-16,2024-03-22,Gampaha,80,27.85,27.91285714285715,72.46714285714286,7
2024,13,2024-03-16,2024-03-22,Kalutara,78,48.14,27.73,76.35857142857142,7
2024,13,2024-03-16,2024-03-22,Kandy,42,21.080000000000002,25.40142857142857,79.75,7
2024,13,2024-03-16,2024-03-22,Jaffna,67,8.77,28.83714285714285,73.00285714285715,7
2024,14,2024-03-23,2024-03-29,Colombo,130,24.95,28.485714285714284,76.0,7
2024,14,2024-03-23,2024-03-29,Gampaha,60,24.95,28.485714285714284,76.0,7
2024,14,2024-03-23,2024-03-29,Kalutara,69,30.65,28.504285714285714,79.11714285714287,7
2024,14,2024-03-23,2024-03-29,Kandy,51,10.96,26.214285714285715,81.30714285714285,7
2024,14,2024-03-23,2024-03-29,Jaffna,68,7.539999999999999,29.12142857142857,71.07285714285715,7
2024,15,2024-03-30,2024-04-05,Colombo,132,31.6,28.655714285714282,78.04285714285713,7
2024,15,2024-03-30,2024-04-05,Gampaha,66,31.6,28.655714285714282,78.04285714285713,7
2024,15,2024-03-30,2024-04-05,Kalutara,50,49.28,28.47714285714286,80.72714285714287,7
2024,15,2024-03-30,2024-04-05,Kandy,47,12.380000000000003,28.332857142857144,72.69,7
2024,15,2024-03-30,2024-04-05,Jaffna,60,4.539999999999999,30.052857142857142,72.09428571428572,7
2024,16,2024-04-06,2024-04-12,Colombo,68,37.22,29.014285714285716,77.29571428571428,7
2024,16,2024-04-06,2024-04-12,Gampaha,46,37.22,29.014285714285716,77.29571428571428,7
2024,16,2024-04-06,2024-04-12,Kalutara,35,42.86,28.701428571428572,81.3342857142857,7
2024,16,2024-04-06,2024-04-12,Kandy,44,19.87,28.27142857142857,73.94428571428571,7
2024,16,2024-04-06,2024-04-12,Jaffna,42,7.529999999999999,30.658571428571427,71.45571428571428,7
2024,17,2024-04-13,2024-04-19,Colombo,111,24.509999999999998,28.74285714285714,79.51142857142858,7
2024,17,2024-04-13,2024-04-19,Gampaha,68,24.509999999999998,28.74285714285714,79.51142857142858,7
2024,17,2024-04-13,2024-04-19,Kalutara,37,23.310000000000002,28.491428571428575,82.67571428571429,7
2024,17,2024-04-13,2024-04-19,Kandy,73,24.959999999999997,28.131428571428568,76.99000000000001,7
2024,17,2024-04-13,2024-04-19,Jaffna,34,2.5700000000000003,30.765714285714285,73.81428571428572,7
2024,18,2024-04-20,2024-04-26,Colombo,111,34.52,28.84428571428571,80.94571428571429,7
2024,18,2024-04-20,2024-04-26,Gampaha,43,34.52,28.84428571428571,80.94571428571429,7
2024,18,2024-04-20,2024-04-26,Kalutara,24,31.499999999999996,28.791428571428572,82.33857142857143,7
2024,18,2024-04-20,2024-04-26,Kandy,64,13.89,29.155714285714286,70.98142857142857,7
2024,18,2024-04-20,2024-04-26,Jaffna,35,0.64,31.50857142857143,68.2057142857143,7
2024,19,2024-04-27,2024-05-03,Colombo,114,42.199999999999996,28.96,82.93857142857142,7
2024,19,2024-04-27,2024-05-03,Gampaha,48,42.199999999999996,28.96,82.93857142857142,7
2024,19,2024-04-27,2024-05-03,Kalutara,41,53.96999999999999,28.861428571428576,84.1842857142857,7
2024,19,2024-04-27,2024-05-03,Kandy,66,16.200000000000003,29.312857142857137,73.35857142857142,7
2024,19,2024-04-27,2024-05-03,Jaffna,28,6.799999999999999,31.611428571428576,72.19142857142857,7
2024,20,2024-05-04,2024-05-10,Colombo,75,40.25,28.738571428571426,84.35714285714286,7
2024,20,2024-05-04,2024-05-10,Gampaha,55,40.25,28.738571428571426,84.35714285714286,7
2024,20,2024-05-04,2024-05-10,Kalutara,31,46.11,28.82857142857143,85.56428571428572,7
2024,20,2024-05-04,2024-05-10,Kandy,71,22.259999999999998,28.88857142857143,75.41142857142857,7
2024,20,2024-05-04,2024-05-10,Jaffna,19,7.789999999999999,31.264285714285712,74.7242857142857,7
2024,21,2024-05-11,2024-05-17,Colombo,133,92.11,28.035714285714285,83.12571428571428,7
2024,21,2024-05-11,2024-05-17,Gampaha,70,92.11,28.035714285714285,83.12571428571428,7
2024,21,2024-05-11,2024-05-17,Kalutara,50,109.78000000000002,28.044285714285714,84.41142857142857,7
2024,21,2024-05-11,2024-05-17,Kandy,98,75.38000000000001,27.327142857142857,80.27000000000001,7
2024,21,2024-05-11,2024-05-17,Jaffna,16,57.19,30.16142857142857,74.05,7
2024,22,2024-05-18,2024-05-24,Colombo,119,118.32,27.912857142857145,85.91714285714285,7
2024,22,2024-05-18,2024-05-24,Gampaha,40,118.32,27.912857142857145,85.91714285714285,7
2024,22,2024-05-18,2024-05-24,Kalutara,32,138.49,28.141428571428573,85.52142857142857,7
2024,22,2024-05-18,2024-05-24,Kandy,62,77.5,26.524285714285714,86.65,7
2024,22,2024-05-18,2024-05-24,Jaffna,5,49.809999999999995,29.62857142857143,81.81857142857143,7
2024,23,2024-05-25,2024-05-31,Colombo,156,67.64,27.65857142857143,87.68857142857142,7
2024,23,2024-05-25,2024-05-31,Gampaha,48,67.64,27.65857142857143,87.68857142857142,7
2024,23,2024-05-25,2024-05-31,Kalutara,41,70.97,27.84285714285715,87.69428571428571,7
2024,23,2024-05-25,2024-05-31,Kandy,66,27.99,26.579999999999995,86.53142857142858,7
2024,23,2024-05-25,2024-05-31,Jaffna,23,6.19,30.134285714285713,79.51428571428572,7
2024,24,2024-06-01,2024-06-07,Colombo,158,70.86999999999999,27.197142857142858,88.08857142857143,7
2024,24,2024-06-01,2024-06-07,Gampaha,77,70.86999999999999,27.197142857142858,88.08857142857143,7
2024,24,2024-06-01,2024-06-07,Kalutara,41,76.92999999999999,27.425714285714285,87.70571428571428,7
2024,24,2024-06-01,2024-06-07,Kandy,69,25.32,26.50857142857143,84.32285714285715,7
2024,24,2024-06-01,2024-06-07,Jaffna,22,24.700000000000003,29.522857142857145,82.10428571428572,7
2024,25,2024-06-08,2024-06-14,Colombo,182,20.540000000000003,27.397142857142853,87.38000000000001,7
2024,25,2024-06-08,2024-06-14,Gampaha,105,20.540000000000003,27.397142857142853,87.38000000000001,7
2024,25,2024-06-08,2024-06-14,Kalutara,50,19.33,27.747142857142855,86.5657142857143,7
2024,25,2024-06-08,2024-06-14,Kandy,70,7.91,26.595714285714283,83.26714285714286,7
2024,25,2024-06-08,2024-06-14,Jaffna,18,3.29,29.418571428571425,80.98857142857142,7
2024,26,2024-06-15,2024-06-21,Colombo,218,26.08,27.34142857142857,87.31285714285714,7
2024,26,2024-06-15,2024-06-21,Gampaha,81,26.08,27.34142857142857,87.31285714285714,7
2024,26,2024-06-15,2024-06-21,Kalutara,46,24.61,27.655714285714282,87.00142857142858,7
2024,26,2024-06-15,2024-06-21,Kandy,85,9.92,26.687142857142856,82.61428571428571,7
2024,26,2024-06-15,2024-06-21,Jaffna,11,9.01,29.28,80.51714285714286,7
2024,27,2024-06-22,2024-06-28,Colombo,245,35.49,27.054285714285715,86.22,7
2024,27,2024-06-22,2024-06-28,Gampaha,103,35.49,27.054285714285715,86.22,7
2024,27,2024-06-22,2024-06-28,Kalutara,63,32.39,27.43,86.01857142857143,7
2024,27,2024-06-22,2024-06-28,Kandy,91,16.42,26.20428571428571,81.49714285714286,7
2024,27,2024-06-22,2024-06-28,Jaffna,20,5.06,29.525714285714287,73.35571428571428,7
2024,28,2024-06-29,2024-07-05,Colombo,292,29.29,27.052857142857142,87.46000000000001,7
2024,28,2024-06-29,2024-07-05,Gampaha,139,29.29,27.052857142857142,87.46000000000001,7
2024,28,2024-06-29,2024-07-05,Kalutara,60,28.86,27.348571428571432,87.07857142857144,7
2024,28,2024-06-29,2024-07-05,Kandy,110,13.6,26.59,80.90142857142857,7
2024,28,2024-06-29,2024-07-05,Jaffna,21,8.07,29.152857142857137,80.23714285714287,7
2024,29,2024-07-06,2024-07-12,Colombo,320,25.919999999999998,26.972857142857144,85.13285714285715,7
2024,29,2024-07-06,2024-07-12,Gampaha,125,25.919999999999998,26.972857142857144,85.13285714285715,7
2024,29,2024-07-06,2024-07-12,Kalutara,68,27.58,27.318571428571428,84.72,7
2024,29,2024-07-06,2024-07-12,Kandy,141,10.09,26.218571428571433,80.80857142857143,7
2024,29,2024-07-06,2024-07-12,Jaffna,15,7.200000000000001,29.354285714285716,75.55285714285715,7
2024,30,2024-07-13,2024-07-19,Colombo,312,23.620000000000005,26.84714285714286,87.04571428571428,7
2024,30,2024-07-13,2024-07-19,Gampaha,129,23.620000000000005,26.84714285714286,87.04571428571428,7
2024,30,2024-07-13,2024-07-19,Kalutara,55,26.96,27.287142857142857,86.57285714285715,7
2024,30,2024-07-13,2024-07-19,Kandy,105,8.84,26.05571428571428,81.65999999999998,7
2024,30,2024-07-13,2024-07-19,Jaffna,18,1.8900000000000003,29.830000000000002,72.67285714285714,7
2024,31,2024-07-20,2024-07-26,Colombo,321,7.59,27.042857142857144,88.12571428571428,7
2024,31,2024-07-20,2024-07-26,Gampaha,157,7.59,27.042857142857144,88.12571428571428,7
2024,31,2024-07-20,2024-07-26,Kalutara,65,11.149999999999999,27.391428571428573,88.31428571428572,7
2024,31,2024-07-20,2024-07-26,Kandy,120,1.6300000000000001,26.782857142857146,79.08714285714284,7
2024,31,2024-07-20,2024-07-26,Jaffna,10,0.7400000000000001,29.99714285714285,73.91857142857144,7
2024,32,2024-07-27,2024-08-02,Colombo,308,37.550000000000004,27.00142857142857,86.85714285714286,7
2024,32,2024-07-27,2024-08-02,Gampaha,148,37.550000000000004,27.00142857142857,86.85714285714286,7
2024,32,2024-07-27,2024-08-02,Kalutara,27,38.120000000000005,27.354285714285712,86.82285714285715,7
2024,32,2024-07-27,2024-08-02,Kandy,107,19.269999999999996,26.454285714285714,79.92571428571429,7
2024,32,2024-07-27,2024-08-02,Jaffna,13,0.96,29.74142857142857,75.07428571428571,7
2024,33,2024-08-03,2024-08-09,Colombo,279,11.51,26.699999999999996,85.17571428571428,7
2024,33,2024-08-03,2024-08-09,Gampaha,174,11.51,26.699999999999996,85.17571428571428,7
2024,33,2024-08-03,2024-08-09,Kalutara,50,19.07,27.069999999999997,85.16857142857144,7
2024,33,2024-08-03,2024-08-09,Kandy,120,23.48,26.142857142857142,80.70142857142858,7
2024,33,2024-08-03,2024-08-09,Jaffna,6,21.94,28.941428571428577,78.2314285714286,7
2024,34,2024-08-10,2024-08-16,Colombo,266,59.230000000000004,26.75428571428571,87.75285714285714,7
2024,34,2024-08-10,2024-08-16,Gampaha,123,59.230000000000004,26.75428571428571,87.75285714285714,7
2024,34,2024-08-10,2024-08-16,Kalutara,48,52.91,26.987142857142857,87.52857142857144,7
2024,34,2024-08-10,2024-08-16,Kandy,114,53.7,26.497142857142855,82.96857142857142,7
2024,34,2024-08-10,2024-08-16,Jaffna,11,21.19,29.529999999999998,77.74285714285715,7
2024,35,2024-08-17,2024-08-23,Colombo,263,72.75000000000001,26.620000000000005,86.82428571428571,7
2024,35,2024-08-17,2024-08-23,Gampaha,124,72.75000000000001,26.620000000000005,86.82428571428571,7
2024,35,2024-08-17,2024-08-23,Kalutara,43,69.64,26.884285714285713,86.21428571428571,7
2024,35,2024-08-17,2024-08-23,Kandy,72,54.99000000000001,25.7,83.50999999999999,7
2024,35,2024-08-17,2024-08-23,Jaffna,16,34.77,28.95714285714286,79.66857142857143,7
2024,36,2024-08-24,2024-08-30,Colombo,250,14.11,26.825714285714287,85.72000000000001,7
2024,36,2024-08-24,2024-08-30,Gampaha,122,14.11,26.825714285714287,85.72000000000001,7
2024,36,2024-08-24,2024-08-30,Kalutara,57,17.95,27.134285714285713,85.70857142857142,7
2024,36,2024-08-24,2024-08-30,Kandy,94,4.91,25.924285714285713,81.6857142857143,7
2024,36,2024-08-24,2024-08-30,Jaffna,15,4.72,28.972857142857144,78.86428571428573,7
2024,37,2024-08-31,2024-09-06,Colombo,192,34.67000000000001,26.922857142857147,86.17142857142858,7
2024,37,2024-08-31,2024-09-06,Gampaha,128,34.67000000000001,26.922857142857147,86.17142857142858,7
2024,37,2024-08-31,2024-09-06,Kalutara,39,39.660000000000004,27.162857142857142,85.88714285714286,7
2024,37,2024-08-31,2024-09-06,Kandy,73,10.11,25.994285714285716,83.16,7
2024,37,2024-08-31,2024-09-06,Jaffna,8,8.34,29.349999999999998,78.67714285714285,7
2024,38,2024-09-07,2024-09-13,Colombo,226,25.98,27.055714285714284,86.86428571428571,7
2024,38,2024-09-07,2024-09-13,Gampaha,84,25.98,27.055714285714284,86.86428571428571,7
2024,38,2024-09-07,2024-09-13,Kalutara,23,25.24,27.21857142857143,86.83571428571429,7
2024,38,2024-09-07,2024-09-13,Kandy,76,8.55,26.499999999999996,81.69714285714285,7
2024,38,2024-09-07,2024-09-13,Jaffna,11,4.05,29.33428571428571,78.72000000000001,7
2024,39,2024-09-14,2024-09-20,Colombo,202,5.820000000000001,27.16714285714286,86.5942857142857,7
2024,39,2024-09-14,2024-09-20,Gampaha,96,5.820000000000001,27.16714285714286,86.5942857142857,7
2024,39,2024-09-14,2024-09-20,Kalutara,34,7.5600000000000005,27.38714285714286,86.85857142857141,7
2024,39,2024-09-14,2024-09-20,Kandy,64,3.2399999999999993,26.735714285714288,80.15714285714286,7
2024,39,2024-09-14,2024-09-20,Jaffna,8,0.88,29.73428571428571,75.50714285714285,7
2024,40,2024-09-21,2024-09-27,Colombo,143,14.200000000000001,27.281428571428567,85.07142857142857,7
2024,40,2024-09-21,2024-09-27,Gampaha,91,14.200000000000001,27.281428571428567,85.07142857142857,7
2024,40,2024-09-21,2024-09-27,Kalutara,48,17.43,27.481428571428573,85.51428571428572,7
2024,40,2024-09-21,2024-09-27,Kandy,75,5.24,26.951428571428572,78.52714285714286,7
2024,40,2024-09-21,2024-09-27,Jaffna,15,4.449999999999999,29.741428571428568,74.52857142857142,7
2024,41,2024-09-28,2024-10-04,Colombo,169,36.28,27.38714285714286,83.32285714285715,7
2024,41,2024-09-28,2024-10-04,Gampaha,101,36.28,27.38714285714286,83.32285714285715,7
2024,41,2024-09-28,2024-10-04,Kalutara,44,38.199999999999996,27.34,85.40714285714286,7
2024,41,2024-09-28,2024-10-04,Kandy,58,25.74,27.23857142857143,76.19142857142856,7
2024,41,2024-09-28,2024-10-04,Jaffna,11,25.12,29.328571428571426,77.21857142857142,7
2024,42,2024-10-05,2024-10-11,Colombo,172,94.47999999999999,26.14428571428572,87.25142857142858,7
2024,42,2024-10-05,2024-10-11,Gampaha,120,94.47999999999999,26.14428571428572,87.25142857142858,7
2024,42,2024-10-05,2024-10-11,Kalutara,44,80.96000000000001,26.44142857142857,86.63428571428571,7
2024,42,2024-10-05,2024-10-11,Kandy,59,59.64000000000001,25.31142857142857,84.43857142857142,7
2024,42,2024-10-05,2024-10-11,Jaffna,10,65.27,28.368571428571432,79.71142857142857,7
2024,43,2024-10-12,2024-10-18,Colombo,180,52.4,26.424285714285713,86.10714285714286,7
2024,43,2024-10-12,2024-10-18,Gampaha,95,52.4,26.424285714285713,86.10714285714286,7
2024,43,2024-10-12,2024-10-18,Kalutara,36,53.13999999999999,26.8,85.33285714285714,7
2024,43,2024-10-12,2024-10-18,Kandy,68,29.740000000000002,25.291428571428572,84.69714285714288,7
2024,43,2024-10-12,2024-10-18,Jaffna,11,55.379999999999995,28.104285714285712,81.60000000000001,7
2024,44,2024-10-19,2024-10-25,Colombo,161,41.4,26.882857142857144,86.87857142857142,7
2024,44,2024-10-19,2024-10-25,Gampaha,98,41.4,26.882857142857144,86.87857142857142,7
2024,44,2024-10-19,2024-10-25,Kalutara,31,41.599999999999994,27.15142857142857,86.65857142857143,7
2024,44,2024-10-19,2024-10-25,Kandy,74,22.48,25.950000000000006,84.43142857142857,7
2024,44,2024-10-19,2024-10-25,Jaffna,7,36.28,28.592857142857145,80.23571428571428,7
2024,45,2024-10-26,2024-11-01,Colombo,141,24.799999999999997,26.97714285714286,87.87857142857142,7
2024,45,2024-10-26,2024-11-01,Gampaha,103,24.799999999999997,26.97714285714286,87.87857142857142,7
2024,45,2024-10-26,2024-11-01,Kalutara,40,25.7,27.23857142857143,87.66714285714286,7
2024,45,2024-10-26,2024-11-01,Kandy,66,8.71,26.197142857142858,84.62857142857145,7
2024,45,2024-10-26,2024-11-01,Jaffna,30,20.52,28.662857142857142,81.42142857142858,7
2024,46,2024-11-02,2024-11-08,Colombo,152,119.30999999999999,26.56714285714286,84.28,7
2024,46,2024-11-02,2024-11-08,Gampaha,111,119.30999999999999,26.56714285714286,84.28,7
2024,46,2024-11-02,2024-11-08,Kalutara,36,97.22999999999999,26.674285714285713,85.12714285714287,7
2024,46,2024-11-02,2024-11-08,Kandy,70,134.28,25.267142857142854,86.41428571428573,7
2024,46,2024-11-02,2024-11-08,Jaffna,26,81.62,28.41,78.90999999999998,7
2024,47,2024-11-09,2024-11-15,Colombo,156,65.75999999999999,26.95142857142857,84.71714285714286,7
2024,47,2024-11-09,2024-11-15,Gampaha,95,65.75999999999999,26.95142857142857,84.71714285714286,7
2024,47,2024-11-09,2024-11-15,Kalutara,23,108.9,27.18285714285714,84.74714285714286,7
2024,47,2024-11-09,2024-11-15,Kandy,68,41.019999999999996,25.134285714285713,88.81714285714285,7
2024,47,2024-11-09,2024-11-15,Jaffna,25,26.61,28.351428571428574,81.40714285714286,7
2024,48,2024-11-16,2024-11-22,Colombo,191,72.48,27.055714285714288,83.86428571428571,7
2024,48,2024-11-16,2024-11-22,Gampaha,153,72.48,27.055714285714288,83.86428571428571,7
2024,48,2024-11-16,2024-11-22,Kalutara,30,87.97,27.057142857142853,85.60714285714286,7
2024,48,2024-11-16,2024-11-22,Kandy,84,41.77,25.19857142857143,88.58428571428571,7
2024,48,2024-11-16,2024-11-22,Jaffna,37,122.36999999999999,28.114285714285717,82.53857142857143,7
2024,49,2024-11-23,2024-11-29,Colombo,185,87.55,26.08142857142857,87.60285714285715,7
2024,49,2024-11-23,2024-11-29,Gampaha,186,87.55,26.08142857142857,87.60285714285715,7
2024,49,2024-11-23,2024-11-29,Kalutara,34,90.60999999999999,26.404285714285717,87.28857142857143,7
2024,49,2024-11-23,2024-11-29,Kandy,63,141.25,23.98857142857143,93.71714285714286,7
2024,49,2024-11-23,2024-11-29,Jaffna,47,145.21,26.985714285714284,86.85142857142857,7
2024,50,2024-11-30,2024-12-06,Colombo,163,12.200000000000001,26.61428571428571,82.03142857142858,7
2024,50,2024-11-30,2024-12-06,Gampaha,133,12.200000000000001,26.61428571428571,82.03142857142858,7
2024,50,2024-11-30,2024-12-06,Kalutara,28,26.36,27.11285714285714,80.63571428571429,7
2024,50,2024-11-30,2024-12-06,Kandy,71,1.8800000000000001,24.497142857142855,87.67999999999999,7
2024,50,2024-11-30,2024-12-06,Jaffna,35,7.68,27.337142857142858,84.64285714285714,7
2024,51,2024-12-07,2024-12-13,Colombo,247,39.8,26.404285714285713,83.62285714285714,7
2024,51,2024-12-07,2024-12-13,Gampaha,161,39.8,26.404285714285713,83.62285714285714,7
2024,51,2024-12-07,2024-12-13,Kalutara,32,38.06999999999999,26.819999999999997,83.19857142857143,7
2024,51,2024-12-07,2024-12-13,Kandy,73,40.019999999999996,24.368571428571425,89.45,7
2024,51,2024-12-07,2024-12-13,Jaffna,60,88.88,27.36571428571429,83.85571428571428,7
2024,52,2024-12-14,2024-12-20,Colombo,220,53.87000000000001,26.281428571428574,87.88571428571427,7
2024,52,2024-12-14,2024-12-20,Gampaha,103,53.87000000000001,26.281428571428574,87.88571428571427,7
2024,52,2024-12-14,2024-12-20,Kalutara,49,50.510000000000005,26.728571428571428,87.61428571428571,7
2024,52,2024-12-14,2024-12-20,Kandy,57,66.69999999999999,24.33142857142857,92.26142857142858,7
2024,52,2024-12-14,2024-12-20,Jaffna,76,21.0,26.43,86.09142857142857,7
2025,1,2024-12-21,2024-12-27,Colombo,231,10.93,26.485714285714284,83.40714285714286,7
2025,1,2024-12-21,2024-12-27,Gampaha,131,10.93,26.485714285714284,83.40714285714286,7
2025,1,2024-12-21,2024-12-27,Kalutara,34,18.18,26.77285714285714,83.82285714285715,7
2025,1,2024-12-21,2024-12-27,Kandy,76,11.59,24.428571428571427,88.69142857142857,7
2025,1,2024-12-21,2024-12-27,Jaffna,76,4.49,27.025714285714287,83.39857142857143,7
2025,2,2024-12-28,2025-01-03,Colombo,200,33.06,26.072857142857142,84.76428571428572,7
2025,2,2024-12-28,2025-01-03,Gampaha,186,33.06,26.072857142857142,84.76428571428572,7
2025,2,2024-12-28,2025-01-03,Kalutara,65,37.11,26.7,83.24571428571429,7
2025,2,2024-12-28,2025-01-03,Kandy,66,62.35,23.8,90.97857142857141,7
2025,2,2024-12-28,2025-01-03,Jaffna,58,25.99,26.825714285714287,80.42714285714285,7
2025,3,2025-01-04,2025-01-10,Colombo,245,6.01,25.78,83.30571428571429,7
2025,3,2025-01-04,2025-01-10,Gampaha,191,6.01,25.78,83.30571428571429,7
2025,3,2025-01-04,2025-01-10,Kalutara,24,17.11,26.490000000000002,82.33714285714287,7
2025,3,2025-01-04,2025-01-10,Kandy,65,14.05,23.36714285714286,89.21857142857142,7
2025,3,2025-01-04,2025-01-10,Jaffna,52,3.4299999999999997,26.121428571428574,77.87714285714287,7
2025,4,2025-01-11,2025-01-17,Colombo,247,49.4,25.669999999999995,87.0557142857143,7
2025,4,2025-01-11,2025-01-17,Gampaha,157,49.4,25.669999999999995,87.0557142857143,7
2025,4,2025-01-11,2025-01-17,Kalutara,51,37.32000000000001,26.134285714285717,85.58285714285715,7
2025,4,2025-01-11,2025-01-17,Kandy,77,99.62,23.782857142857143,92.67,7
2025,4,2025-01-11,2025-01-17,Jaffna,37,48.190000000000005,26.18142857142857,84.70857142857143,7
2025,5,2025-01-18,2025-01-24,Colombo,284,55.33,25.507142857142856,86.9742857142857,7
2025,5,2025-01-18,2025-01-24,Gampaha,184,55.33,25.507142857142856,86.9742857142857,7
2025,5,2025-01-18,2025-01-24,Kalutara,38,71.99,25.93285714285714,86.31714285714285,7
2025,5,2025-01-18,2025-01-24,Kandy,62,97.88,23.504285714285714,92.61285714285715,7
2025,5,2025-01-18,2025-01-24,Jaffna,57,47.65,26.08285714285714,83.44857142857143,7
2025,6,2025-01-25,2025-01-31,Colombo,225,31.44,25.09,85.78999999999999,7
2025,6,2025-01-25,2025-01-31,Gampaha,162,31.44,25.09,85.78999999999999,7
2025,6,2025-01-25,2025-01-31,Kalutara,29,38.19,25.727142857142855,84.85142857142857,7
2025,6,2025-01-25,2025-01-31,Kandy,80,39.45,22.74857142857143,92.0457142857143,7
2025,6,2025-01-25,2025-01-31,Jaffna,39,5.91,26.155714285714282,79.25428571428571,7
2025,7,2025-02-01,2025-02-07,Colombo,252,4.3,25.871428571428574,80.83999999999999,7
2025,7,2025-02-01,2025-02-07,Gampaha,131,4.3,25.871428571428574,80.83999999999999,7
2025,7,2025-02-01,2025-02-07,Kalutara,29,8.01,26.631428571428575,78.83285714285715,7
2025,7,2025-02-01,2025-02-07,Kandy,50,1.53,23.135714285714283,88.56714285714284,7
2025,7,2025-02-01,2025-02-07,Jaffna,35,0.18,26.564285714285713,77.23714285714286,7
2025,8,2025-02-08,2025-02-14,Colombo,252,0.04,25.411428571428576,79.96428571428571,7
2025,8,2025-02-08,2025-02-14,Gampaha,131,0.04,25.411428571428576,79.96428571428571,7
2025,8,2025-02-08,2025-02-14,Kalutara,29,0.18999999999999997,26.384285714285713,77.69285714285714,7
2025,8,2025-02-08,2025-02-14,Kandy,50,0.19,22.748571428571427,87.29857142857142,7
2025,8,2025-02-08,2025-02-14,Jaffna,35,0.12000000000000001,26.46142857142857,75.1842857142857,7
2025,9,2025-02-15,2025-02-21,Colombo,217,0.53,26.274285714285714,75.58285714285714,7
2025,9,2025-02-15,2025-02-21,Gampaha,132,0.53,26.274285714285714,75.58285714285714,7
2025,9,2025-02-15,2025-02-21,Kalutara,44,2.34,27.011428571428574,75.91571428571429,7
2025,9,2025-02-15,2025-02-21,Kandy,63,0.12,22.765714285714285,85.28285714285714,7
2025,9,2025-02-15,2025-02-21,Jaffna,30,0.02,26.52285714285714,72.80428571428573,7
2025,10,2025-02-22,2025-02-28,Colombo,219,44.27,26.822857142857146,81.30142857142857,7
2025,10,2025-02-22,2025-02-28,Gampaha,119,44.27,26.822857142857146,81.30142857142857,7
2025,10,2025-02-22,2025-02-28,Kalutara,31,90.03,27.380000000000003,80.66571428571429,7
2025,10,2025-02-22,2025-02-28,Kandy,58,60.25,24.36428571428571,89.10142857142857,7
2025,10,2025-02-22,2025-02-28,Jaffna,28,53.989999999999995,27.705714285714286,78.98857142857142,7
2025,11,2025-03-01,2025-03-07,Colombo,262,94.13,26.93285714285714,78.55571428571429,7
2025,11,2025-03-01,2025-03-07,Gampaha,142,94.13,26.93285714285714,78.55571428571429,7
2025,11,2025-03-01,2025-03-07,Kalutara,43,94.65,26.97714285714286,82.16142857142857,7
2025,11,2025-03-01,2025-03-07,Kandy,49,89.04,24.59142857142857,84.51714285714286,7
2025,11,2025-03-01,2025-03-07,Jaffna,15,24.71,27.977142857142862,76.83857142857143,7
2025,12,2025-03-08,2025-03-14,Colombo,214,72.19999999999999,26.63571428571429,79.11714285714285,7
2025,12,2025-03-08,2025-03-14,Gampaha,132,72.19999999999999,26.63571428571429,79.11714285714285,7
2025,12,2025-03-08,2025-03-14,Kalutara,37,128.78000000000003,27.005714285714284,78.53285714285714,7
2025,12,2025-03-08,2025-03-14,Kandy,59,59.06999999999999,24.470000000000002,85.42285714285713,7
2025,12,2025-03-08,2025-03-14,Jaffna,23,23.13,27.902857142857147,75.95857142857143,7
2025,13,2025-03-15,2025-03-21,Colombo,242,41.4,27.638571428571428,80.02857142857142,7
2025,13,2025-03-15,2025-03-21,Gampaha,125,41.4,27.638571428571428,80.02857142857142,7
2025,13,2025-03-15,2025-03-21,Kalutara,35,31.53,27.577142857142857,81.67428571428572,7
2025,13,2025-03-15,2025-03-21,Kandy,59,31.800000000000004,25.314285714285717,88.00285714285714,7
2025,13,2025-03-15,2025-03-21,Jaffna,25,5.529999999999999,28.755714285714284,77.77857142857144,7
2025,14,2025-03-22,2025-03-28,Colombo,239,41.57000000000001,27.725714285714286,77.83285714285714,7
2025,14,2025-03-22,2025-03-28,Gampaha,135,41.57000000000001,27.725714285714286,77.83285714285714,7
2025,14,2025-03-22,2025-03-28,Kalutara,30,85.46000000000001,27.871428571428574,80.20285714285716,7
2025,14,2025-03-22,2025-03-28,Kandy,56,21.8,25.555714285714284,84.69857142857143,7
2025,14,2025-03-22,2025-03-28,Jaffna,24,1.6600000000000001,29.09,73.66571428571429,7
2025,15,2025-03-29,2025-04-04,Colombo,204,90.59,27.62,77.07428571428571,7
2025,15,2025-03-29,2025-04-04,Gampaha,135,90.59,27.62,77.07428571428571,7
2025,15,2025-03-29,2025-04-04,Kalutara,39,85.44,27.565714285714286,80.76428571428572,7
2025,15,2025-03-29,2025-04-04,Kandy,65,90.62,25.214285714285715,83.19285714285715,7
2025,15,2025-03-29,2025-04-04,Jaffna,15,20.080000000000002,29.09,68.73285714285714,7
2025,16,2025-04-05,2025-04-11,Colombo,277,73.36,27.259999999999998,85.38,7
2025,16,2025-04-05,2025-04-11,Gampaha,137,73.36,27.259999999999998,85.38,7
2025,16,2025-04-05,2025-04-11,Kalutara,36,92.08,27.335714285714285,86.15571428571427,7
2025,16,2025-04-05,2025-04-11,Kandy,50,61.93,25.69428571428571,87.25285714285714,7
2025,16,2025-04-05,2025-04-11,Jaffna,11,11.649999999999999,29.731428571428573,73.57285714285715,7
2025,17,2025-04-12,2025-04-18,Colombo,230,27.639999999999997,27.50428571428571,85.80857142857143,7
2025,17,2025-04-12,2025-04-18,Gampaha,171,27.639999999999997,27.50428571428571,85.80857142857143,7
2025,17,2025-04-12,2025-04-18,Kalutara,42,27.109999999999996,27.72285714285714,86.45285714285714,7
2025,17,2025-04-12,2025-04-18,Kandy,53,14.280000000000001,25.978571428571428,87.51142857142858,7
2025,17,2025-04-12,2025-04-18,Jaffna,18,7.91,29.959999999999997,74.0942857142857,7
2025,18,2025-04-19,2025-04-25,Colombo,306,41.72,27.422857142857143,86.53714285714287,7
2025,18,2025-04-19,2025-04-25,Gampaha,166,41.72,27.422857142857143,86.53714285714287,7
2025,18,2025-04-19,2025-04-25,Kalutara,64,42.78,27.677142857142858,86.70857142857142,7
2025,18,2025-04-19,2025-04-25,Kandy,73,38.099999999999994,25.965714285714284,87.58714285714287,7
2025,18,2025-04-19,2025-04-25,Jaffna,44,7.029999999999999,30.088571428571424,77.51142857142857,7
2025,19,2025-04-26,2025-05-02,Colombo,276,85.81,27.300000000000004,85.8042857142857,7
2025,19,2025-04-26,2025-05-02,Gampaha,158,85.81,27.300000000000004,85.8042857142857,7
2025,19,2025-04-26,2025-05-02,Kalutara,59,87.49,27.481428571428573,85.27714285714286,7
2025,19,2025-04-26,2025-05-02,Kandy,60,88.19,26.38285714285714,84.86857142857141,7
2025,19,2025-04-26,2025-05-02,Jaffna,20,28.41,29.82428571428571,76.28571428571429,7
2025,20,2025-05-03,2025-05-09,Colombo,310,57.08,27.482857142857146,86.30142857142856,7
2025,20,2025-05-03,2025-05-09,Gampaha,194,57.08,27.482857142857146,86.30142857142856,7
2025,20,2025-05-03,2025-05-09,Kalutara,63,45.17,27.672857142857143,86.3257142857143,7
2025,20,2025-05-03,2025-05-09,Kandy,77,59.01,25.97,87.16142857142857,7
2025,20,2025-05-03,2025-05-09,Jaffna,18,41.09,30.10571428571429,77.08285714285714,7
2025,21,2025-05-10,2025-05-16,Colombo,359,23.919999999999998,27.904285714285713,83.95428571428572,7
2025,21,2025-05-10,2025-05-16,Gampaha,224,23.919999999999998,27.904285714285713,83.95428571428572,7
2025,21,2025-05-10,2025-05-16,Kalutara,35,29.7,28.095714285714283,84.15285714285714,7
2025,21,2025-05-10,2025-05-16,Kandy,98,12.07,26.09857142857143,86.78571428571429,7
2025,21,2025-05-10,2025-05-16,Jaffna,27,11.069999999999999,30.41714285714286,77.09142857142857,7
2025,22,2025-05-17,2025-05-23,Colombo,336,62.91,27.63428571428571,86.8757142857143,7
2025,22,2025-05-17,2025-05-23,Gampaha,208,62.91,27.63428571428571,86.8757142857143,7
2025,22,2025-05-17,2025-05-23,Kalutara,92,49.120000000000005,27.874285714285712,86.85000000000001,7
2025,22,2025-05-17,2025-05-23,Kandy,126,56.77,25.825714285714287,88.17857142857143,7
2025,22,2025-05-17,2025-05-23,Jaffna,35,55.61,29.868571428571432,77.53142857142858,7
2025,23,2025-05-24,2025-05-30,Colombo,302,97.73000000000002,27.369999999999997,88.35000000000001,7
2025,23,2025-05-24,2025-05-30,Gampaha,197,97.73000000000002,27.369999999999997,88.35000000000001,7
2025,23,2025-05-24,2025-05-30,Kalutara,71,80.22,27.695714285714285,88.45285714285714,7
2025,23,2025-05-24,2025-05-30,Kandy,105,52.580000000000005,25.618571428571425,88.74857142857142,7
2025,23,2025-05-24,2025-05-30,Jaffna,20,5.18,30.124285714285715,78.10428571428572,7
2025,24,2025-05-31,2025-06-06,Colombo,245,24.31,27.187142857142856,88.89714285714285,7
2025,24,2025-05-31,2025-06-06,Gampaha,228,24.31,27.187142857142856,88.89714285714285,7
2025,24,2025-05-31,2025-06-06,Kalutara,68,27.99,27.52857142857143,88.3957142857143,7
2025,24,2025-05-31,2025-06-06,Kandy,126,12.56,25.870000000000005,88.60857142857142,7
2025,24,2025-05-31,2025-06-06,Jaffna,26,4.03,29.83571428571429,79.49,7
2025,25,2025-06-07,2025-06-13,Colombo,279,41.07,27.07,87.30857142857144,7
2025,25,2025-06-07,2025-06-13,Gampaha,207,41.07,27.07,87.30857142857144,7
2025,25,2025-06-07,2025-06-13,Kalutara,74,38.019999999999996,27.354285714285716,86.72428571428573,7
2025,25,2025-06-07,2025-06-13,Kandy,118,31.110000000000003,25.634285714285713,87.42571428571428,7
2025,25,2025-06-07,2025-06-13,Jaffna,25,15.56,29.51857142857143,80.03714285714285,7
2025,26,2025-06-14,2025-06-20,Colombo,316,55.61000000000001,26.611428571428572,87.94142857142856,7
2025,26,2025-06-14,2025-06-20,Gampaha,217,55.61000000000001,26.611428571428572,87.94142857142856,7
2025,26,2025-06-14,2025-06-20,Kalutara,62,40.67999999999999,26.924285714285713,87.44285714285715,7
2025,26,2025-06-14,2025-06-20,Kandy,192,34.00000000000001,25.208571428571425,88.04571428571428,7
2025,26,2025-06-14,2025-06-20,Jaffna,24,2.9399999999999995,29.38714285714286,78.41857142857143,7
2025,27,2025-06-21,2025-06-27,Colombo,276,18.9,26.774285714285714,88.1542857142857,7
2025,27,2025-06-21,2025-06-27,Gampaha,167,18.9,26.774285714285714,88.1542857142857,7
2025,27,2025-06-21,2025-06-27,Kalutara,92,13.55,27.15142857142857,87.38,7
2025,27,2025-06-21,2025-06-27,Kandy,161,11.81,25.31714285714286,88.05999999999999,7
2025,27,2025-06-21,2025-06-27,Jaffna,12,4.22,29.527142857142856,79.01714285714286,7
2025,28,2025-06-28,2025-07-04,Colombo,285,4.67,26.830000000000002,88.01857142857143,7
2025,28,2025-06-28,2025-07-04,Gampaha,181,4.67,26.830000000000002,88.01857142857143,7
2025,28,2025-06-28,2025-07-04,Kalutara,57,5.640000000000001,27.175714285714285,87.42714285714285,7
2025,28,2025-06-28,2025-07-04,Kandy,174,4.04,25.52,87.20428571428572,7
2025,28,2025-06-28,2025-07-04,Jaffna,17,2.44,29.594285714285714,76.94571428571429,7
2025,29,2025-07-05,2025-07-11,Colombo,222,3.3900000000000006,26.972857142857144,89.03142857142856,7
2025,29,2025-07-05,2025-07-11,Gampaha,154,3.3900000000000006,26.972857142857144,89.03142857142856,7
2025,29,2025-07-05,2025-07-11,Kalutara,66,6.59,27.27285714285714,88.68999999999998,7
2025,29,2025-07-05,2025-07-11,Kandy,141,0.86,25.76571428571429,87.72571428571429,7
2025,29,2025-07-05,2025-07-11,Jaffna,26,0.43000000000000005,29.808571428571423,77.22,7
2025,30,2025-07-12,2025-07-18,Colombo,226,17.34,26.428571428571427,87.59285714285714,7
2025,30,2025-07-12,2025-07-18,Gampaha,193,17.34,26.428571428571427,87.59285714285714,7
2025,30,2025-07-12,2025-07-18,Kalutara,80,26.8,26.715714285714284,87.24,7
2025,30,2025-07-12,2025-07-18,Kandy,184,6.68,25.271428571428572,86.04285714285716,7
2025,30,2025-07-12,2025-07-18,Jaffna,31,3.21,29.775714285714287,74.58000000000001,7
2025,31,2025-07-19,2025-07-25,Colombo,237,42.57,25.870000000000005,89.80857142857143,7
2025,31,2025-07-19,2025-07-25,Gampaha,175,42.57,25.870000000000005,89.80857142857143,7
2025,31,2025-07-19,2025-07-25,Kalutara,53,43.22,26.157142857142862,90.41142857142857,7
2025,31,2025-07-19,2025-07-25,Kandy,168,33.31,24.675714285714285,87.59285714285714,7
2025,31,2025-07-19,2025-07-25,Jaffna,19,4.640000000000001,29.342857142857145,74.54571428571428,7
2025,32,2025-07-26,2025-08-01,Colombo,246,17.75,25.981428571428573,89.20142857142856,7
2025,32,2025-07-26,2025-08-01,Gampaha,148,17.75,25.981428571428573,89.20142857142856,7
2025,32,2025-07-26,2025-08-01,Kalutara,30,20.28,26.18857142857143,89.99571428571429,7
2025,32,2025-07-26,2025-08-01,Kandy,107,14.11,25.31714285714285,84.76285714285714,7
2025,32,2025-07-26,2025-08-01,Jaffna,15,3.1,29.175714285714285,74.33,7
2025,33,2025-08-02,2025-08-08,Colombo,156,28.660000000000004,25.635714285714283,89.34285714285714,7
2025,33,2025-08-02,2025-08-08,Gampaha,96,28.660000000000004,25.635714285714283,89.34285714285714,7
2025,33,2025-08-02,2025-08-08,Kalutara,47,30.35,25.928571428571434,89.19714285714285,7
2025,33,2025-08-02,2025-08-08,Kandy,145,28.3,24.860000000000003,86.69142857142857,7
2025,33,2025-08-02,2025-08-08,Jaffna,9,17.270000000000003,28.475714285714286,80.9,7
2025,34,2025-08-09,2025-08-15,Colombo,87,17.58,25.937142857142856,88.23,7
2025,34,2025-08-09,2025-08-15,Gampaha,91,17.58,25.937142857142856,88.23,7
2025,34,2025-08-09,2025-08-15,Kalutara,56,16.44,26.34428571428571,87.28714285714285,7
2025,34,2025-08-09,2025-08-15,Kandy,80,10.959999999999999,24.90857142857143,85.13142857142857,7
2025,34,2025-08-09,2025-08-15,Jaffna,20,12.82,28.46285714285714,78.81142857142856,7
2025,35,2025-08-16,2025-08-22,Colombo,137,12.22,26.270000000000003,88.33142857142856,7
2025,35,2025-08-16,2025-08-22,Gampaha,108,12.22,26.270000000000003,88.33142857142856,7
2025,35,2025-08-16,2025-08-22,Kalutara,39,11.99,26.571428571428573,88.22857142857141,7
2025,35,2025-08-16,2025-08-22,Kandy,92,6.26,25.330000000000002,84.51857142857143,7
2025,35,2025-08-16,2025-08-22,Jaffna,6,5.27,28.977142857142862,76.48571428571428,7
2025,36,2025-08-23,2025-08-29,Colombo,104,12.709999999999999,26.618571428571432,86.26999999999998,7
2025,36,2025-08-23,2025-08-29,Gampaha,63,12.709999999999999,26.618571428571432,86.26999999999998,7
2025,36,2025-08-23,2025-08-29,Kalutara,40,13.65,26.888571428571428,86.07714285714285,7
2025,36,2025-08-23,2025-08-29,Kandy,94,5.8100000000000005,25.715714285714284,82.89714285714285,7
2025,36,2025-08-23,2025-08-29,Jaffna,12,3.88,29.27,76.50428571428573,7
2025,37,2025-08-30,2025-09-05,Colombo,103,6.1899999999999995,26.4,85.96428571428571,7
2025,37,2025-08-30,2025-09-05,Gampaha,58,6.1899999999999995,26.4,85.96428571428571,7
2025,37,2025-08-30,2025-09-05,Kalutara,34,10.2,26.66,85.23857142857143,7
2025,37,2025-08-30,2025-09-05,Kandy,87,1.73,25.845714285714283,80.46000000000001,7
2025,37,2025-08-30,2025-09-05,Jaffna,22,5.96,29.367142857142856,75.64142857142858,7
2025,38,2025-09-06,2025-09-12,Colombo,117,29.910000000000004,26.65142857142857,86.16714285714286,7
2025,38,2025-09-06,2025-09-12,Gampaha,92,29.910000000000004,26.65142857142857,86.16714285714286,7
2025,38,2025-09-06,2025-09-12,Kalutara,32,31.490000000000002,26.944285714285716,86.03999999999999,7
2025,38,2025-09-06,2025-09-12,Kandy,60,35.14,25.861428571428572,83.01714285714286,7
2025,38,2025-09-06,2025-09-12,Jaffna,14,14.240000000000002,29.07,77.88857142857144,7
2025,39,2025-09-13,2025-09-19,Colombo,120,54.199999999999996,26.625714285714285,86.13,7
2025,39,2025-09-13,2025-09-19,Gampaha,93,54.199999999999996,26.625714285714285,86.13,7
2025,39,2025-09-13,2025-09-19,Kalutara,27,50.31,26.84,87.19142857142857,7
2025,39,2025-09-13,2025-09-19,Kandy,79,64.82,25.645714285714288,83.25142857142858,7
2025,39,2025-09-13,2025-09-19,Jaffna,5,44.480000000000004,28.76142857142857,79.64714285714285,7
2025,40,2025-09-20,2025-09-26,Colombo,155,75.44,26.56142857142857,86.01142857142858,7
2025,40,2025-09-20,2025-09-26,Gampaha,78,75.44,26.56142857142857,86.01142857142858,7
2025,40,2025-09-20,2025-09-26,Kalutara,43,67.83,26.852857142857147,86.0757142857143,7
2025,40,2025-09-20,2025-09-26,Kandy,37,47.17,25.33142857142857,84.24571428571429,7
2025,40,2025-09-20,2025-09-26,Jaffna,14,10.610000000000001,28.807142857142857,79.36857142857141,7
2025,41,2025-09-27,2025-10-03,Colombo,129,17.28,26.77285714285714,86.64857142857143,7
2025,41,2025-09-27,2025-10-03,Gampaha,56,17.28,26.77285714285714,86.64857142857143,7
2025,41,2025-09-27,2025-10-03,Kalutara,32,18.740000000000002,27.015714285714285,86.35142857142856,7
2025,41,2025-09-27,2025-10-03,Kandy,39,9.46,25.54714285714286,85.26571428571428,7
2025,41,2025-09-27,2025-10-03,Jaffna,18,3.92,28.931428571428572,79.06000000000002,7
2025,42,2025-10-04,2025-10-10,Colombo,130,48.53,26.514285714285712,85.58428571428571,7
2025,42,2025-10-04,2025-10-10,Gampaha,82,48.53,26.514285714285712,85.58428571428571,7
2025,42,2025-10-04,2025-10-10,Kalutara,35,49.16,26.768571428571427,85.91142857142857,7
2025,42,2025-10-04,2025-10-10,Kandy,44,51.970000000000006,25.14428571428571,85.24857142857142,7
2025,42,2025-10-04,2025-10-10,Jaffna,19,20.46,28.715714285714284,77.32142857142857,7
2025,43,2025-10-11,2025-10-17,Colombo,157,166.08,26.68,86.44571428571429,7
2025,43,2025-10-11,2025-10-17,Gampaha,83,166.08,26.68,86.44571428571429,7
2025,43,2025-10-11,2025-10-17,Kalutara,24,140.0,26.771428571428572,86.77142857142859,7
2025,43,2025-10-11,2025-10-17,Kandy,44,124.32000000000002,25.772857142857145,85.46714285714286,7
2025,43,2025-10-11,2025-10-17,Jaffna,26,91.28,28.63714285714286,79.80857142857144,7
2025,44,2025-10-18,2025-10-24,Colombo,214,266.99,25.86571428571429,88.42571428571429,7
2025,44,2025-10-18,2025-10-24,Gampaha,95,266.99,25.86571428571429,88.42571428571429,7
2025,44,2025-10-18,2025-10-24,Kalutara,35,232.58000000000004,26.268571428571427,87.08714285714284,7
2025,44,2025-10-18,2025-10-24,Kandy,52,165.39000000000001,24.417142857142856,91.03142857142856,7
2025,44,2025-10-18,2025-10-24,Jaffna,26,209.44,27.898571428571433,84.41285714285713,7
2025,45,2025-10-25,2025-10-31,Colombo,153,37.11,26.650000000000002,85.95,7
2025,45,2025-10-25,2025-10-31,Gampaha,112,37.11,26.650000000000002,85.95,7
2025,45,2025-10-25,2025-10-31,Kalutara,32,41.36,27.00857142857143,84.98,7
2025,45,2025-10-25,2025-10-31,Kandy,58,15.229999999999999,24.872857142857146,88.95,7
2025,45,2025-10-25,2025-10-31,Jaffna,55,23.13,28.327142857142857,82.28857142857143,7
2025,46,2025-11-01,2025-11-07,Colombo,184,23.47,26.612857142857138,84.4742857142857,7
2025,46,2025-11-01,2025-11-07,Gampaha,128,23.47,26.612857142857138,84.4742857142857,7
2025,46,2025-11-01,2025-11-07,Kalutara,27,19.42,26.972857142857144,83.47285714285714,7
2025,46,2025-11-01,2025-11-07,Kandy,56,25.369999999999997,24.851428571428567,87.80285714285715,7
2025,46,2025-11-01,2025-11-07,Jaffna,54,21.18,28.419999999999998,79.44714285714284,7
2025,47,2025-11-08,2025-11-14,Colombo,266,46.28,26.42285714285714,83.83857142857143,7
2025,47,2025-11-08,2025-11-14,Gampaha,131,46.28,26.42285714285714,83.83857142857143,7
2025,47,2025-11-08,2025-11-14,Kalutara,35,60.25000000000001,26.69,84.41285714285716,7
2025,47,2025-11-08,2025-11-14,Kandy,71,51.39,24.56142857142857,88.6857142857143,7
2025,47,2025-11-08,2025-11-14,Jaffna,54,37.18,27.985714285714288,78.32571428571428,7
2025,48,2025-11-15,2025-11-21,Colombo,226,147.31,26.145714285714288,87.01857142857143,7
2025,48,2025-11-15,2025-11-21,Gampaha,159,147.31,26.145714285714288,87.01857142857143,7
2025,48,2025-11-15,2025-11-21,Kalutara,34,212.39000000000001,26.479999999999997,86.29857142857142,7
2025,48,2025-11-15,2025-11-21,Kandy,88,130.26000000000002,24.21142857142857,92.60857142857142,7
2025,48,2025-11-15,2025-11-21,Jaffna,57,103.27999999999999,27.28714285714286,85.40285714285713,7
2025,49,2025-11-22,2025-11-28,Colombo,286,401.02,25.471428571428568,90.14857142857143,7
2025,49,2025-11-22,2025-11-28,Gampaha,138,401.02,25.471428571428568,90.14857142857143,7
2025,49,2025-11-22,2025-11-28,Kalutara,57,416.21000000000004,25.842857142857145,89.25428571428571,7
2025,49,2025-11-22,2025-11-28,Kandy,60,523.65,23.73428571428571,94.26142857142857,7
2025,49,2025-11-22,2025-11-28,Jaffna,49,288.35,26.962857142857143,85.39714285714285,7
2025,50,2025-11-29,2025-12-05,Colombo,272,35.040000000000006,25.744285714285713,83.10714285714286,7
2025,50,2025-11-29,2025-12-05,Gampaha,186,35.040000000000006,25.744285714285713,83.10714285714286,7
2025,50,2025-11-29,2025-12-05,Kalutara,63,37.93000000000001,26.304285714285715,82.55428571428573,7
2025,50,2025-11-29,2025-12-05,Kandy,50,28.369999999999997,23.285714285714285,89.11428571428571,7
2025,50,2025-11-29,2025-12-05,Jaffna,58,132.98,26.754285714285714,84.97285714285715,7
2025,51,2025-12-06,2025-12-12,Colombo,318,50.43,25.867142857142856,86.31428571428572,7
2025,51,2025-12-06,2025-12-12,Gampaha,202,50.43,25.867142857142856,86.31428571428572,7
2025,51,2025-12-06,2025-12-12,Kalutara,53,83.61999999999999,26.39428571428572,84.25428571428571,7
2025,51,2025-12-06,2025-12-12,Kandy,82,49.54,23.774285714285718,92.54,7
2025,51,2025-12-06,2025-12-12,Jaffna,78,60.129999999999995,26.57428571428571,84.56142857142858,7
2025,52,2025-12-13,2025-12-19,Colombo,340,43.199999999999996,25.46857142857143,85.84000000000002,7
2025,52,2025-12-13,2025-12-19,Gampaha,214,43.199999999999996,25.46857142857143,85.84000000000002,7
2025,52,2025-12-13,2025-12-19,Kalutara,85,47.09,26.291428571428575,83.99285714285715,7
2025,52,2025-12-13,2025-12-19,Kandy,85,68.05,23.235714285714284,92.4,7
2025,52,2025-12-13,2025-12-19,Jaffna,76,46.89,26.025714285714283,79.34714285714287,7
2026,53,2025-12-20,2025-12-26,Colombo,388,12.59,24.75714285714286,84.28857142857143,7
2026,53,2025-12-20,2025-12-26,Gampaha,259,12.59,24.75714285714286,84.28857142857143,7
2026,53,2025-12-20,2025-12-26,Kalutara,85,21.94,25.81428571428572,81.85428571428572,7
2026,53,2025-12-20,2025-12-26,Kandy,86,6.26,22.277142857142856,90.91428571428573,7
2026,53,2025-12-20,2025-12-26,Jaffna,54,4.390000000000001,25.692857142857143,74.9057142857143,7
